file_id,file_name,source_dataset,original_split,original_class_id,original_label,esafe_label,width,height,annotation_type,crop_xmin,crop_ymin,crop_xmax,crop_ymax,object_area_ratio,capture_group_id
BE00001,IMG_20250803_220022_jpg.rf.1b9bf10def62ebe2424913192f6033b6.jpg,Custom Bangladeshi E-Waste Dataset,train,6,Mobile,mobile_phone,640,640,polygon,0.3085835734375,0.34334357187500003,0.5487205687500001,0.647310865625,0.06181231857787444,IMG_20250803_220022
BE00002,IMG_20250803_220022_jpg.rf.2cd6a4959481bac2347cd2b2f4dc6d61.jpg,Custom Bangladeshi E-Waste Dataset,train,6,Mobile,mobile_phone,640,640,polygon,0.357769578125,0.3457817265625,0.626478090625,0.6643272796875,0.062385634413157434,IMG_20250803_220022
BE00003,IMG_20250803_220022_jpg.rf.dc0fdee22f504920709e6321bf117c22.jpg,Custom Bangladeshi E-Waste Dataset,train,6,Mobile,mobile_phone,640,640,polygon,0.3684895828125,0.378431371875,0.5947265625,0.6713235296875,0.062194529021720915,IMG_20250803_220022
BE00004,IMG_20250803_220030_jpg.rf.1f79ea661a57dc1bd9c74db29adb4ec2.jpg,Custom Bangladeshi E-Waste Dataset,train,6,Mobile,mobile_phone,640,640,polygon,0.2805989578125,0.16004902031249998,0.7138671875,0.5977941171875,0.1320109048526301,IMG_20250803_220030
BE00005,IMG_20250803_220030_jpg.rf.760f092cef34c6d36f6e2aed8301671b.jpg,Custom Bangladeshi E-Waste Dataset,train,6,Mobile,mobile_phone,640,640,polygon,0.269726890625,0.4155172953125,0.713010621875,0.862028875,0.1320833387997006,IMG_20250803_220030
BE00006,IMG_20250803_220030_jpg.rf.bc24b1cc81bf8a1602888ab65ab72e10.jpg,Custom Bangladeshi E-Waste Dataset,train,6,Mobile,mobile_phone,640,640,polygon,0.32871040625000003,0.14589298125,0.7555229515625,0.5912127015624999,0.13229339732119003,IMG_20250803_220030
BE00007,IMG_20250803_220046_jpg.rf.3a0decfaa0e347e8daf2186f2dca2af1.jpg,Custom Bangladeshi E-Waste Dataset,train,6,Mobile,mobile_phone,640,640,bbox,0.2573611111111111,0.2817187499999999,0.6472916666666666,0.7114756944444445,0.1675753641010803,IMG_20250803_220046
BE00008,IMG_20250803_220046_jpg.rf.593a44abf20cee25f06845f455285742.jpg,Custom Bangladeshi E-Waste Dataset,train,6,Mobile,mobile_phone,640,640,bbox,0.34453125,0.33125000000000004,0.64765625,0.70625,0.11367187499999999,IMG_20250803_220046
BE00009,IMG_20250803_220046_jpg.rf.e75fd5549c943e12ae1d5c9f747e2c80.jpg,Custom Bangladeshi E-Waste Dataset,train,6,Mobile,mobile_phone,640,640,bbox,0.3622395833333334,0.3085590277777777,0.7351331018518519,0.7358043981481481,0.15931702942815495,IMG_20250803_220046
BE00010,IMG_20250803_220047_jpg.rf.13ad331e1f469809c4b1ba6f0748d0cf.jpg,Custom Bangladeshi E-Waste Dataset,train,6,Mobile,mobile_phone,640,640,polygon,0.355083765625,0.300807125,0.6668881953125,0.6919208734375,0.09629423057740341,IMG_20250803_220047
BE00011,IMG_20250803_220047_jpg.rf.dcce9a993294f06fa6c2078e37f74309.jpg,Custom Bangladeshi E-Waste Dataset,train,6,Mobile,mobile_phone,640,640,polygon,0.33337013125000003,0.3209584828125,0.664250525,0.70091636875,0.0960515561765924,IMG_20250803_220047
BE00012,IMG_20250803_220047_jpg.rf.f69036399cb844d4fa35545cbe8bf18c.jpg,Custom Bangladeshi E-Waste Dataset,train,6,Mobile,mobile_phone,640,640,polygon,0.3525390625,0.3404411765625,0.6363932296875,0.7046568625,0.09614651571739297,IMG_20250803_220047
BE00013,IMG_20250803_220053_jpg.rf.143f84f401009a4e0c09c5b7c33c1ea3.jpg,Custom Bangladeshi E-Waste Dataset,train,6,Mobile,mobile_phone,640,640,polygon,0.22265625,0.27818627500000004,0.7763671875,0.6860294125,0.1101408913204428,IMG_20250803_220053
BE00014,IMG_20250803_220053_jpg.rf.2aaa4021739cfba02e1bb2e1696ac316.jpg,Custom Bangladeshi E-Waste Dataset,train,6,Mobile,mobile_phone,640,640,polygon,0.243605234375,0.273359659375,0.8055576734375001,0.6511095671875,0.11068479701546932,IMG_20250803_220053
BE00015,IMG_20250803_220053_jpg.rf.56719d3db139b1ca520a8b54447c4abd.jpg,Custom Bangladeshi E-Waste Dataset,train,6,Mobile,mobile_phone,640,640,polygon,0.19661566875,0.293157421875,0.760067165625,0.6641816296874999,0.11011067404461139,IMG_20250803_220053
BE00016,IMG_20250803_220114_jpg.rf.402c2f2a849eda8b99f516509e711de9.jpg,Custom Bangladeshi E-Waste Dataset,train,6,Mobile,mobile_phone,640,640,polygon,0.35471615,0.31962713125,0.6223674953125,0.646301396875,0.05853659652826562,IMG_20250803_220114
BE00017,IMG_20250803_220114_jpg.rf.68d25d49b60c21e990f42a77571309d7.jpg,Custom Bangladeshi E-Waste Dataset,train,6,Mobile,mobile_phone,640,640,polygon,0.369140625,0.3129901953125,0.6064453125,0.615931371875,0.05858481420309529,IMG_20250803_220114
BE00018,IMG_20250803_220114_jpg.rf.b245c7433620d8fc6007ccff153e2fb3.jpg,Custom Bangladeshi E-Waste Dataset,train,6,Mobile,mobile_phone,640,640,polygon,0.4461878890625,0.3517814640625,0.6777665140625,0.6718215078124999,0.058761613324220585,IMG_20250803_220114
BE00019,IMG_20250803_220139_jpg.rf.36b05a61cd0dc1dc31f88bba93e1bb4a.jpg,Custom Bangladeshi E-Waste Dataset,train,6,Mobile,mobile_phone,640,640,polygon,0.296875,0.2806372546875,0.6005859375,0.7009803921875,0.11818132893617739,IMG_20250803_220139
BE00020,IMG_20250803_220139_jpg.rf.b251b658131e5aa6fd0b7b709752795a.jpg,Custom Bangladeshi E-Waste Dataset,train,6,Mobile,mobile_phone,640,640,polygon,0.40863262968749997,0.2523383875,0.756759421875,0.692964075,0.1187260329405645,IMG_20250803_220139
BE00021,IMG_20250803_220139_jpg.rf.bd9b54c63814502bd5ac48c1d34207ce.jpg,Custom Bangladeshi E-Waste Dataset,train,6,Mobile,mobile_phone,640,640,polygon,0.36100286718749997,0.230080815625,0.7209605859375,0.676649271875,0.11810351419256573,IMG_20250803_220139
BE00022,IMG_20250803_220207_jpg.rf.0f17df4cec5b7117887884be5ea29430.jpg,Custom Bangladeshi E-Waste Dataset,train,6,Mobile,mobile_phone,640,640,polygon,0.3743489578125,0.3602941171875,0.7942708328125,0.6740196078125,0.06261488974241375,IMG_20250803_220207
BE00023,IMG_20250803_220207_jpg.rf.5109122280ff4b0088d809ef5e0ea94a.jpg,Custom Bangladeshi E-Waste Dataset,train,6,Mobile,mobile_phone,640,640,polygon,0.36914475156250004,0.321804178125,0.7998323078125,0.6166104828125001,0.0626148897386323,IMG_20250803_220207
BE00024,IMG_20250803_220207_jpg.rf.d1f6d01c4257a71048f99fea11ad18d9.jpg,Custom Bangladeshi E-Waste Dataset,train,6,Mobile,mobile_phone,640,640,polygon,0.2542278875,0.39664371875,0.6418679359375,0.7166565234375,0.062367522401062206,IMG_20250803_220207
BE00025,IMG_20250803_220226_jpg.rf.b4392a8eca529f4ed6fed45e99eeeb5e.jpg,Custom Bangladeshi E-Waste Dataset,train,6,Mobile,mobile_phone,640,640,polygon,0.36532369062500003,0.30919196250000003,0.574785478125,0.6625411265625,0.07014684176665308,IMG_20250803_220226
BE00026,IMG_20250803_220226_jpg.rf.eb9c0141249018f67e7bdc8bf241a8a2.jpg,Custom Bangladeshi E-Waste Dataset,train,6,Mobile,mobile_phone,640,640,polygon,0.3428768109375,0.2383934125,0.6305571015625,0.6251002203125,0.07055251433974795,IMG_20250803_220226
BE00027,IMG_20250803_220226_jpg.rf.ff911118579e3a71da019d386eb1d7eb.jpg,Custom Bangladeshi E-Waste Dataset,train,6,Mobile,mobile_phone,640,640,polygon,0.3352864578125,0.29019607812500003,0.5416666671875,0.6419117640625001,0.06974882408780417,IMG_20250803_220226
BE00028,IMG_20250803_220242_jpg.rf.7522feb05c688af1d5d44ab984f05a1c.jpg,Custom Bangladeshi E-Waste Dataset,train,6,Mobile,mobile_phone,640,640,bbox,0.4244270833333333,0.287019675925926,0.6534895833333333,0.6088483796296296,0.07371888744212962,IMG_20250803_220242
BE00029,IMG_20250803_220242_jpg.rf.8d0d22aab4dcc12eed7a126bce99cd55.jpg,Custom Bangladeshi E-Waste Dataset,train,6,Mobile,mobile_phone,640,640,bbox,0.35025462962962967,0.2906192129629629,0.610300925925926,0.6333854166666667,0.08913508176869,IMG_20250803_220242
BE00030,IMG_20250803_220242_jpg.rf.c47cf376f90ec8109c0115c6ef00398e.jpg,Custom Bangladeshi E-Waste Dataset,train,6,Mobile,mobile_phone,640,640,bbox,0.41367187499999997,0.302734375,0.595703125,0.606640625,0.0553204345703125,IMG_20250803_220242
BE00031,IMG_20250803_220243_jpg.rf.0b0201bb99cd8531e9b7ca91ed720816.jpg,Custom Bangladeshi E-Waste Dataset,train,6,Mobile,mobile_phone,640,640,bbox,0.34297453703703706,0.30859375,0.6240046296296297,0.6669849537037038,0.10071871316122259,IMG_20250803_220243
BE00032,IMG_20250803_220243_jpg.rf.2b74ac43ae204204eedb898b9845ea08.jpg,Custom Bangladeshi E-Waste Dataset,train,6,Mobile,mobile_phone,640,640,bbox,0.3614062500000001,0.26140625,0.59828125,0.5950520833333333,0.07903235677083328,IMG_20250803_220243
BE00033,IMG_20250803_220243_jpg.rf.c17d27aa58b11aa0475d5b41c8ddbd97.jpg,Custom Bangladeshi E-Waste Dataset,train,6,Mobile,mobile_phone,640,640,bbox,0.40859375000000003,0.29921875,0.59765625,0.59921875,0.05671875,IMG_20250803_220243
BE00034,IMG_20250803_220255_jpg.rf.0bb096336a37b9aa702cc0e8a429e701.jpg,Custom Bangladeshi E-Waste Dataset,train,6,Mobile,mobile_phone,640,640,polygon,0.0745888546875,0.24142328124999998,0.8068379765625,0.8810630265625001,0.29749447033998366,IMG_20250803_220255
BE00035,IMG_20250803_220255_jpg.rf.3511615b828854235bed04fcf894a5f5.jpg,Custom Bangladeshi E-Waste Dataset,train,6,Mobile,mobile_phone,640,640,polygon,0.05989583281250001,0.0953431375,0.7005208328125,0.7225490203125,0.2963238086635058,IMG_20250803_220255
BE00036,IMG_20250803_220255_jpg.rf.4848154bd5d1a0e715eeb042fbeb929b.jpg,Custom Bangladeshi E-Waste Dataset,train,6,Mobile,mobile_phone,640,640,polygon,0.1614678296875,0.29216723125,0.930327240625,0.9392124984375,0.2972343235658032,IMG_20250803_220255
BE00037,IMG_20250803_220350_jpg.rf.1f5aa0f107ac49e368b6c16523ac1c14.jpg,Custom Bangladeshi E-Waste Dataset,train,6,Mobile,mobile_phone,640,640,bbox,0.5120254629629629,0.25513310185185195,0.7892129629629631,0.5965914351851853,0.09464798177083338,IMG_20250803_220350
BE00038,IMG_20250803_220350_jpg.rf.51437498308c9763e0717636cb26c374.jpg,Custom Bangladeshi E-Waste Dataset,train,6,Mobile,mobile_phone,640,640,bbox,0.5539062499999999,0.30390625,0.75546875,0.60078125,0.0598388671875,IMG_20250803_220350
BE00039,IMG_20250803_220350_jpg.rf.cc9680936d403e013dd1e8a4863afe8d.jpg,Custom Bangladeshi E-Waste Dataset,train,6,Mobile,mobile_phone,640,640,bbox,0.5563194444444445,0.20525462962962965,0.813287037037037,0.5431481481481482,0.08682768400634425,IMG_20250803_220350
BE00040,IMG_20250803_220352_jpg.rf.8d5cd74618268102d6ee8e431e2dc659.jpg,Custom Bangladeshi E-Waste Dataset,train,6,Mobile,mobile_phone,640,640,bbox,0.5682118055555556,0.3416666666666668,0.8296354166666666,0.680787037037037,0.08865407182355964,IMG_20250803_220352
BE00041,IMG_20250803_220352_jpg.rf.9962226a88efa23a6ca92f4e4337f01f.jpg,Custom Bangladeshi E-Waste Dataset,train,6,Mobile,mobile_phone,640,640,bbox,0.5689583333333333,0.3327083333333333,0.79875,0.6529166666666667,0.07358120659722221,IMG_20250803_220352
BE00042,IMG_20250803_220352_jpg.rf.af73197979f1b112320f3f06a0058c12.jpg,Custom Bangladeshi E-Waste Dataset,train,6,Mobile,mobile_phone,640,640,bbox,0.553125,0.294140625,0.7515625,0.5933593749999999,0.05937622070312499,IMG_20250803_220352
BE00043,IMG_20250803_220353_jpg.rf.1a768a733a3016bb320de04418c64568.jpg,Custom Bangladeshi E-Waste Dataset,train,6,Mobile,mobile_phone,640,640,bbox,0.5501041666666667,0.2950810185185185,0.761875,0.6214120370370371,0.0691073917341821,IMG_20250803_220353
BE00044,IMG_20250803_220353_jpg.rf.38ba2d3b1f3eadc387125573185c1d16.jpg,Custom Bangladeshi E-Waste Dataset,train,6,Mobile,mobile_phone,640,640,bbox,0.5632812500000001,0.27421875,0.76796875,0.59296875,0.06524414062499999,IMG_20250803_220353
BE00045,IMG_20250803_220353_jpg.rf.ce1bfbf5249837f379ded71315f8e5a0.jpg,Custom Bangladeshi E-Waste Dataset,train,6,Mobile,mobile_phone,640,640,bbox,0.22956597222222225,0.2705208333333333,0.4610590277777778,0.6184375000000001,0.0805402922453704,IMG_20250803_220353
BE00046,IMG_20250805_203321_jpg.rf.5eee9af99b5e4d1d2a4ee31868b16180.jpg,Custom Bangladeshi E-Waste Dataset,train,6,Mobile,mobile_phone,640,640,polygon,0.2546388171875,0.4685732296875,0.6130430062500001,0.7521415765625,0.046584767097964365,IMG_20250805_203321
BE00047,IMG_20250805_203321_jpg.rf.d9ba5210eb68c3c23cb593d8a6d9c888.jpg,Custom Bangladeshi E-Waste Dataset,train,6,Mobile,mobile_phone,640,640,polygon,0.438252003125,0.197745878125,0.8102734046875,0.4518054578125,0.046668938147507784,IMG_20250805_203321
BE00048,IMG_20250805_203321_jpg.rf.fda2603315b3ef543f6b3a2d3c796074.jpg,Custom Bangladeshi E-Waste Dataset,train,6,Mobile,mobile_phone,640,640,polygon,0.4140625,0.5117647062499999,0.7819010421875,0.771568628125,0.046485292581512766,IMG_20250805_203321
BE00049,IMG_20250805_203337_jpg.rf.619c09a827a0821443b40ad63fcaba9c.jpg,Custom Bangladeshi E-Waste Dataset,train,6,Mobile,mobile_phone,640,640,polygon,0.5625,0.2311274515625,0.9996744796874999,0.5803921562500001,0.08086192828561571,IMG_20250805_203337
BE00050,IMG_20250805_203337_jpg.rf.6ce280063c439dcff00dc47da971944f.jpg,Custom Bangladeshi E-Waste Dataset,train,6,Mobile,mobile_phone,640,640,polygon,0.5731798828125,0.23701760625,0.9422947890625,0.5923352765625001,0.08048923110764356,IMG_20250805_203337
BE00051,IMG_20250805_203337_jpg.rf.6da83fbcfaa0da8d3a9211eba95e434d.jpg,Custom Bangladeshi E-Waste Dataset,train,6,Mobile,mobile_phone,640,640,polygon,0.5112281390625,0.21600574374999998,0.9879596203125001,0.5510631328125,0.08091517066156002,IMG_20250805_203337
BE00052,IMG_20250805_203338_jpg.rf.29bc49ddc66d6aeb9a9b51d1b216f1ec.jpg,Custom Bangladeshi E-Waste Dataset,train,6,Mobile,mobile_phone,640,640,polygon,0.0,0.249647771875,0.3848038125,0.6127961109375,0.08000324275893525,IMG_20250805_203338
BE00053,IMG_20250805_203338_jpg.rf.68cadbff708a1a27b20e57a030073a53.jpg,Custom Bangladeshi E-Waste Dataset,train,6,Mobile,mobile_phone,640,640,polygon,0.556640625,0.2169117640625,0.9996744796874999,0.58210784375,0.0855108526562709,IMG_20250805_203338
BE00054,IMG_20250805_203338_jpg.rf.967c7c7b3f77ddf047ed91906ea0686d.jpg,Custom Bangladeshi E-Waste Dataset,train,6,Mobile,mobile_phone,640,640,polygon,0.5086131,0.1581990859375,0.962237728125,0.517475546875,0.08527625444373138,IMG_20250805_203338
BE00055,IMG_20250805_203631_jpg.rf.1657f6333a95106b19ae986bab71732d.jpg,Custom Bangladeshi E-Waste Dataset,train,9,PCB,pcb,640,640,polygon,0.5067275390625,0.4795752453125,0.6087239578125,0.686274509375,0.014170160854198241,IMG_20250805_203631
BE00056,IMG_20250805_203631_jpg.rf.678c6dafbdeeb0aa3472251b455af101.jpg,Custom Bangladeshi E-Waste Dataset,train,9,PCB,pcb,640,640,polygon,0.31748029375,0.435889096875,0.4224886125,0.6460092859375,0.01408618945297127,IMG_20250805_203631
BE00057,IMG_20250805_203631_jpg.rf.e3f68e5933daaea04eb8b422de352598.jpg,Custom Bangladeshi E-Waste Dataset,train,9,PCB,pcb,640,640,polygon,0.486085071875,0.4831856296875,0.62676671875,0.6923895515625,0.01417793583683527,IMG_20250805_203631
BE00058,IMG_20250805_203632_jpg.rf.40ed0549cea3e717eb754cfcc931f2ea.jpg,Custom Bangladeshi E-Waste Dataset,train,9,PCB,pcb,640,640,polygon,0.3547370484375,0.2928745265625,0.49165210468750004,0.5064797953125,0.015318840038216534,IMG_20250805_203632
BE00059,IMG_20250805_203632_jpg.rf.ecbe7898d2f1d45e0f505f74366651a3.jpg,Custom Bangladeshi E-Waste Dataset,train,9,PCB,pcb,640,640,polygon,0.41788745,0.28805138750000003,0.5478503406249999,0.5028923671875,0.015390442899924445,IMG_20250805_203632
BE00060,IMG_20250805_203632_jpg.rf.f162f98659b16d5060fc3a9c0dda1bdf.jpg,Custom Bangladeshi E-Waste Dataset,train,9,PCB,pcb,640,640,polygon,0.5045572921875,0.47303921562499995,0.6136067703125,0.6850490203125,0.015352535657057367,IMG_20250805_203632
BE00061,IMG_20250805_203702_jpg.rf.22c59755b274c9d8e13e458bc5a81223.jpg,Custom Bangladeshi E-Waste Dataset,train,9,PCB,pcb,640,640,polygon,0.41524605625,0.43437413593749996,0.7003218453125,0.620574728125,0.026881675104760944,IMG_20250805_203702
BE00062,IMG_20250805_203702_jpg.rf.2997e07f585cda914efdd301a1bd237b.jpg,Custom Bangladeshi E-Waste Dataset,train,9,PCB,pcb,640,640,polygon,0.3011438671875,0.34209088125,0.588087415625,0.452409359375,0.02658019294082782,IMG_20250805_203702
BE00063,IMG_20250805_203702_jpg.rf.56db0b8ab84d5446f012137d6083a495.jpg,Custom Bangladeshi E-Waste Dataset,train,9,PCB,pcb,640,640,polygon,0.33905220625,0.3331162109375,0.6233659312500001,0.5164931640625,0.026672393786710866,IMG_20250805_203702
BE00064,IMG_20250805_203703_jpg.rf.7c272dea552068b70e7282b48d259fbb.jpg,Custom Bangladeshi E-Waste Dataset,train,9,PCB,pcb,640,640,polygon,0.33905220625,0.322265625,0.6176470593750001,0.505642253125,0.02546363673155235,IMG_20250805_203703
BE00065,IMG_20250805_203703_jpg.rf.835731ce0f85a809685efacd6894618f.jpg,Custom Bangladeshi E-Waste Dataset,train,9,PCB,pcb,640,640,polygon,0.37042296874999997,0.34506665625,0.65325019375,0.5028627828125,0.025477608553596723,IMG_20250805_203703
BE00066,IMG_20250805_203703_jpg.rf.e1e5004370d3edbf32cff2ef041e310e.jpg,Custom Bangladeshi E-Waste Dataset,train,9,PCB,pcb,640,640,polygon,0.3187453,0.471754015625,0.572828684375,0.712851215625,0.025481800385263945,IMG_20250805_203703
BE00067,IMG_20250805_203804_jpg.rf.23acd615013748d7bdd3d547bb50935a.jpg,Custom Bangladeshi E-Waste Dataset,train,6,Mobile,mobile_phone,640,640,polygon,0.3726963109375,0.3213926015625,0.55466585625,0.6422796796875,0.05399846210904126,IMG_20250805_203804
BE00068,IMG_20250805_203804_jpg.rf.2aa2f4ad307106ebef06541aae137975.jpg,Custom Bangladeshi E-Waste Dataset,train,6,Mobile,mobile_phone,640,640,polygon,0.35664246875,0.33607870625,0.584423996875,0.65805663125,0.05412323164168324,IMG_20250805_203804
BE00069,IMG_20250805_203804_jpg.rf.d0d25dd17b163cc60b1a269ea27346dd.jpg,Custom Bangladeshi E-Waste Dataset,train,6,Mobile,mobile_phone,640,640,polygon,0.4016927078125,0.3458333328125,0.5833333328125,0.661274509375,0.054141055924966916,IMG_20250805_203804
BE00070,IMG_20250805_203806_jpg.rf.34c678b8361cf794b5af0e3b63a58a07.jpg,Custom Bangladeshi E-Waste Dataset,train,6,Mobile,mobile_phone,640,640,polygon,0.41799747343749993,0.3493972484375,0.6074642234375001,0.6670780093750001,0.0549884215030694,IMG_20250805_203806
BE00071,IMG_20250805_203806_jpg.rf.7fd019ac3a6efc21e4b37227c5bb73e1.jpg,Custom Bangladeshi E-Waste Dataset,train,6,Mobile,mobile_phone,640,640,polygon,0.3990885421875,0.338725490625,0.5826822921875,0.6544117640625,0.05499143908449164,IMG_20250805_203806
BE00072,IMG_20250805_203806_jpg.rf.a88c5e5ff1cddfe7235a919241c54687.jpg,Custom Bangladeshi E-Waste Dataset,train,6,Mobile,mobile_phone,640,640,polygon,0.38798716875,0.3155732859375,0.592159471875,0.6317314406250001,0.05487074471529607,IMG_20250805_203806
BE00073,IMG_20250805_203809_jpg.rf.8369f309373ddafa37f990cc84d96df6.jpg,Custom Bangladeshi E-Waste Dataset,train,6,Mobile,mobile_phone,640,640,bbox,0.38170138888888894,0.23251157407407402,0.6526620370370371,0.6800810185185184,0.12127370675797325,IMG_20250805_203809
BE00074,IMG_20250805_203809_jpg.rf.d485d98923b15ece68c49e6175f4a60c.jpg,Custom Bangladeshi E-Waste Dataset,train,6,Mobile,mobile_phone,640,640,bbox,0.34492187500000004,0.3328125,0.595703125,0.7718750000000001,0.11010864257812501,IMG_20250805_203809
BE00075,IMG_20250805_203809_jpg.rf.f06f5be1cc7487eb12962a962b35eff3.jpg,Custom Bangladeshi E-Waste Dataset,train,6,Mobile,mobile_phone,640,640,bbox,0.4121643518518519,0.3454976851851852,0.7090162037037038,0.811238425925926,0.13825600137174213,IMG_20250805_203809
BE00076,IMG_20250805_203810_jpg.rf.5dea20372f68da2fdbd452fec56b22e4.jpg,Custom Bangladeshi E-Waste Dataset,train,6,Mobile,mobile_phone,640,640,polygon,0.2843539640625,0.256713553125,0.5741236359374999,0.6947224656250001,0.10005150627371769,IMG_20250805_203810
BE00077,IMG_20250805_203810_jpg.rf.a2d06f67c179d20800e307f90c6fc2b4.jpg,Custom Bangladeshi E-Waste Dataset,train,6,Mobile,mobile_phone,640,640,polygon,0.3424479171875,0.32892156875,0.5904947921875,0.7575980390625,0.09996374658473343,IMG_20250805_203810
BE00078,IMG_20250805_203810_jpg.rf.be30c1ef7d353b90ba6f83aacd045063.jpg,Custom Bangladeshi E-Waste Dataset,train,6,Mobile,mobile_phone,640,640,polygon,0.307897990625,0.20118929218749998,0.5597318953125,0.63579158125,0.09937136907990203,IMG_20250805_203810
BE00079,IMG_20250805_203811_jpg.rf.3aea3cdfa197fc1c8c2597ab337d7345.jpg,Custom Bangladeshi E-Waste Dataset,train,6,Mobile,mobile_phone,640,640,bbox,0.3268749999999999,0.22488425925925937,0.7017708333333333,0.7256481481481482,0.18773429542824074,IMG_20250805_203811
BE00080,IMG_20250805_203811_jpg.rf.699b0103080853f83b5e914cd660a1b6.jpg,Custom Bangladeshi E-Waste Dataset,train,6,Mobile,mobile_phone,640,640,bbox,0.35117187499999997,0.31132812500000007,0.5988281249999999,0.757421875,0.1104779052734375,IMG_20250805_203811
BE00081,IMG_20250805_203811_jpg.rf.cacd2c991eef295d45f4243e2a06b1c9.jpg,Custom Bangladeshi E-Waste Dataset,train,6,Mobile,mobile_phone,640,640,bbox,0.2947453703703703,0.22653935185185184,0.6435648148148149,0.7239467592592593,0.17350537551440337,IMG_20250805_203811
BE00082,IMG_20250805_203846_jpg.rf.66d7b40dd70798c0e6a723d0bdc26269.jpg,Custom Bangladeshi E-Waste Dataset,train,6,Mobile,mobile_phone,640,640,polygon,0.3213235296875,0.3971354171875,0.6419117640625001,0.5966796875,0.059853669358550854,IMG_20250805_203846
BE00083,IMG_20250805_203846_jpg.rf.9e943104abcc04412073581826afec4d.jpg,Custom Bangladeshi E-Waste Dataset,train,6,Mobile,mobile_phone,640,640,polygon,0.33373789375,0.3915210375,0.66571514375,0.6501543328125,0.05975514489566852,IMG_20250805_203846
BE00084,IMG_20250805_203846_jpg.rf.cfa5e7649e94c6cde734514ca4acd259.jpg,Custom Bangladeshi E-Waste Dataset,train,6,Mobile,mobile_phone,640,640,polygon,0.34076816249999997,0.32812524375,0.6788268562499999,0.6028284,0.060168947872599784,IMG_20250805_203846
BE00085,IMG_20250805_203849_jpg.rf.03ad7178d8c57eaa9a3f7c594e4e47bc.jpg,Custom Bangladeshi E-Waste Dataset,train,6,Mobile,mobile_phone,640,640,polygon,0.2996609546875,0.3351342671875,0.689735446875,0.6231078890624999,0.07962287949593388,IMG_20250805_203849
BE00086,IMG_20250805_203849_jpg.rf.839689c3cfa9fe4484b49c220997a6f1.jpg,Custom Bangladeshi E-Waste Dataset,train,6,Mobile,mobile_phone,640,640,polygon,0.34594899218749997,0.29276443125,0.73727446875,0.677678740625,0.0797977889519189,IMG_20250805_203849
BE00087,IMG_20250805_203849_jpg.rf.d31bf4530028b764a92ed062e7127dad.jpg,Custom Bangladeshi E-Waste Dataset,train,6,Mobile,mobile_phone,640,640,polygon,0.30310465625,0.32660579375,0.6928105390625,0.68901920625,0.07969284320272796,IMG_20250805_203849
BE00088,IMG_20250805_203902_jpg.rf.327b0dd828626fc4dc5867660d12285a.jpg,Custom Bangladeshi E-Waste Dataset,train,6,Mobile,mobile_phone,640,640,bbox,0.31021990740740746,0.3540162037037037,0.6552662037037037,0.8318865740740741,0.16488740140603564,IMG_20250805_203902
BE00089,IMG_20250805_203902_jpg.rf.a23fe3b1c30257e8947ef9b1f48a0746.jpg,Custom Bangladeshi E-Waste Dataset,train,6,Mobile,mobile_phone,640,640,bbox,0.36562500000000003,0.259765625,0.5906250000000001,0.662109375,0.09052734375,IMG_20250805_203902
BE00090,IMG_20250805_203902_jpg.rf.bb8f8213eb4744ef892e1fd9c46edc8d.jpg,Custom Bangladeshi E-Waste Dataset,train,6,Mobile,mobile_phone,640,640,bbox,0.2549479166666667,0.23927083333333332,0.6200520833333333,0.6892592592592592,0.16429264925733023,IMG_20250805_203902
BE00091,IMG_20250805_203903_1_jpg.rf.a847a14922cb7973b83d4e2f3c655fb5.jpg,Custom Bangladeshi E-Waste Dataset,train,6,Mobile,mobile_phone,640,640,bbox,0.38593749999999993,0.263671875,0.615625,0.658203125,0.09061889648437499,IMG_20250805_203903_1
BE00092,IMG_20250805_203903_1_jpg.rf.e6eac1f51cfb25d40b34be0a5ec6f1d5.jpg,Custom Bangladeshi E-Waste Dataset,train,6,Mobile,mobile_phone,640,640,bbox,0.32323495370370375,0.2546875,0.6162905092592592,0.6671875,0.12088541666666665,IMG_20250805_203903_1
BE00093,IMG_20250805_203903_1_jpg.rf.f5cee8b017104a9e8573eb4524f0ff98.jpg,Custom Bangladeshi E-Waste Dataset,train,6,Mobile,mobile_phone,640,640,bbox,0.3952256944444445,0.2901331018518518,0.6488715277777777,0.7060474537037037,0.10549494237075614,IMG_20250805_203903_1
BE00094,IMG_20250805_203903_jpg.rf.8f402e3b8d9da9885fbbcabec1f42576.jpg,Custom Bangladeshi E-Waste Dataset,train,6,Mobile,mobile_phone,640,640,bbox,0.40822916666666664,0.29997106481481467,0.6728125,0.7238136574074074,0.11214168595679018,IMG_20250805_203903
BE00095,IMG_20250805_203903_jpg.rf.e34bfc57526f72ced179b5397bc93f15.jpg,Custom Bangladeshi E-Waste Dataset,train,6,Mobile,mobile_phone,640,640,bbox,0.37734375,0.24726562500000002,0.61484375,0.654296875,0.096669921875,IMG_20250805_203903
BE00096,IMG_20250805_203903_jpg.rf.f23b1a96ab603bb4dbb0d5dc1b359a97.jpg,Custom Bangladeshi E-Waste Dataset,train,6,Mobile,mobile_phone,640,640,bbox,0.300324074074074,0.2501388888888889,0.6215277777777778,0.6956597222222223,0.14310294174382715,IMG_20250805_203903
BE00097,IMG_20250805_203907_jpg.rf.842e4fc0cf7a9464305766b439d364c5.jpg,Custom Bangladeshi E-Waste Dataset,train,6,Mobile,mobile_phone,640,640,bbox,0.35976562500000003,0.31093750000000003,0.5730468750000001,0.6921875,0.0813134765625,IMG_20250805_203907
BE00098,IMG_20250805_203907_jpg.rf.bfe8f9064ad57b8bfa2534f603f5300f.jpg,Custom Bangladeshi E-Waste Dataset,train,6,Mobile,mobile_phone,640,640,bbox,0.3294675925925926,0.2964641203703704,0.5739004629629629,0.6903761574074074,0.09628504988640259,IMG_20250805_203907
BE00099,IMG_20250805_203907_jpg.rf.dd69ee28911b2c95d949c538ac5799d4.jpg,Custom Bangladeshi E-Waste Dataset,train,6,Mobile,mobile_phone,640,640,bbox,0.2682291666666667,0.2707291666666667,0.5929976851851853,0.6960069444444444,0.13811683384773663,IMG_20250805_203907
BE00100,IMG_20250805_203908_jpg.rf.4c4645aca4c09485234d7bb650187ba9.jpg,Custom Bangladeshi E-Waste Dataset,train,6,Mobile,mobile_phone,640,640,polygon,0.446721209375,0.2531148546875,0.704872515625,0.646515153125,0.08049758471398497,IMG_20250805_203908
BE00101,IMG_20250805_203908_jpg.rf.eda7b9d24b1a975e131ef6c9b7f43fe2.jpg,Custom Bangladeshi E-Waste Dataset,train,6,Mobile,mobile_phone,640,640,polygon,0.34832747343750003,0.3020314421875,0.6129943765625,0.686344196875,0.07947425514422339,IMG_20250805_203908
BE00102,IMG_20250805_203908_jpg.rf.f30f1e3780a6cd716c1f2a3b2f984f8b.jpg,Custom Bangladeshi E-Waste Dataset,train,6,Mobile,mobile_phone,640,640,polygon,0.3619791671875,0.30196078437499996,0.5823567703125,0.6838235296875,0.07970166152748454,IMG_20250805_203908
BE00103,IMG_20250805_203917_jpg.rf.3512fa1899ab4b236c8abd34a2e32b74.jpg,Custom Bangladeshi E-Waste Dataset,train,6,Mobile,mobile_phone,640,640,bbox,0.38604166666666667,0.27166666666666667,0.7020833333333334,0.7105902777777777,0.13871814959490736,IMG_20250805_203917
BE00104,IMG_20250805_203917_jpg.rf.41ede18eba5e4814a68b0143d4b637b7.jpg,Custom Bangladeshi E-Waste Dataset,train,6,Mobile,mobile_phone,640,640,bbox,0.384375,0.284375,0.6218750000000001,0.6890624999999999,0.09611328124999999,IMG_20250805_203917
BE00105,IMG_20250805_203917_jpg.rf.cfecadfe8ec76d0786a7fb3ac71b33db.jpg,Custom Bangladeshi E-Waste Dataset,train,6,Mobile,mobile_phone,640,640,bbox,0.3735995370370371,0.24606481481481482,0.7141666666666666,0.7056712962962963,0.15652686015732165,IMG_20250805_203917
BE00106,IMG_20250805_203922_jpg.rf.9772c2edbd0d2281767d124674a04042.jpg,Custom Bangladeshi E-Waste Dataset,train,6,Mobile,mobile_phone,640,640,polygon,0.33024739687500004,0.2381754890625,0.628401871875,0.7000489640625001,0.10383350210326106,IMG_20250805_203922
BE00107,IMG_20250805_203922_jpg.rf.b747b03d920d3d0c33908474edce093c.jpg,Custom Bangladeshi E-Waste Dataset,train,6,Mobile,mobile_phone,640,640,polygon,0.4298590046875,0.2592903859375,0.7014351890625,0.7025767984375,0.10475829327469846,IMG_20250805_203922
BE00108,IMG_20250805_203922_jpg.rf.fbc486f138d29a49b1f3de783c184c12.jpg,Custom Bangladeshi E-Waste Dataset,train,6,Mobile,mobile_phone,640,640,polygon,0.3483072921875,0.30392156875,0.6119791671875,0.7254901953124999,0.10403901146885494,IMG_20250805_203922
BE00109,IMG_20250805_203923_jpg.rf.5c6fc3c85b160812cf0a3d80250b24d1.jpg,Custom Bangladeshi E-Waste Dataset,train,6,Mobile,mobile_phone,640,640,bbox,0.37460937499999997,0.29882812500000006,0.6222656249999999,0.7230468750000001,0.1050604248046875,IMG_20250805_203923
BE00110,IMG_20250805_203923_jpg.rf.c391e7c791e4efc10d2f5cd5e5ffabea.jpg,Custom Bangladeshi E-Waste Dataset,train,6,Mobile,mobile_phone,640,640,bbox,0.34140625,0.29214699074074074,0.65234375,0.7591724537037037,0.1452157298900463,IMG_20250805_203923
BE00111,IMG_20250805_203923_jpg.rf.d38a90effba05a5b6fd5e7ac1cef65ec.jpg,Custom Bangladeshi E-Waste Dataset,train,6,Mobile,mobile_phone,640,640,bbox,0.3338946759259259,0.2627083333333333,0.6516145833333333,0.7228240740740739,0.1461879305448388,IMG_20250805_203923
BE00112,IMG_20250819_235826_jpg.rf.b2d7a1c6a7e91964d06337b719db27de.jpg,Custom Bangladeshi E-Waste Dataset,train,9,PCB,pcb,640,640,bbox,0.17890625,0.36992187500000007,0.7679687500000001,0.644140625,0.16153198242187503,IMG_20250819_235826
BE00113,IMG_20250819_235826_jpg.rf.e1cda6acd15acc46d9b606b3643a9d78.jpg,Custom Bangladeshi E-Waste Dataset,train,9,PCB,pcb,640,640,bbox,0.22031250000000002,0.3165451388888889,0.834375,0.6600173611111111,0.21091341145833328,IMG_20250819_235826
BE00114,IMG_20250819_235826_jpg.rf.e20e7d149a403fde5e6f612c0d3e4de2.jpg,Custom Bangladeshi E-Waste Dataset,train,9,PCB,pcb,640,640,bbox,0.08430555555555552,0.31469907407407405,0.7576273148148148,0.752199074074074,0.29457826967592593,IMG_20250819_235826
BE00115,IMG_20250819_235827_jpg.rf.327889f36d8a3ce465f7c81f2cde3b3d.jpg,Custom Bangladeshi E-Waste Dataset,train,9,PCB,pcb,640,640,polygon,0.1676432296875,0.365196078125,0.771484375,0.6458333328125,0.16147688319015505,IMG_20250819_235827
BE00116,IMG_20250819_235827_jpg.rf.872fd4cc67ccc22252dd31bc56dbe9d2.jpg,Custom Bangladeshi E-Waste Dataset,train,9,PCB,pcb,640,640,polygon,0.21341994375,0.3751104140625,0.8480539328125,0.6858635468750001,0.16147688276636318,IMG_20250819_235827
BE00117,IMG_20250819_235827_jpg.rf.b56beb717cc4d883b3a5437bb3522ea2.jpg,Custom Bangladeshi E-Waste Dataset,train,9,PCB,pcb,640,640,polygon,0.1813462203125,0.28832671875,0.8135837671875,0.5883770953125,0.16028075812405695,IMG_20250819_235827
BE00118,IMG_20250819_235833_1_jpg.rf.9337aaa6e20a1cb461c56ca7363fb3c6.jpg,Custom Bangladeshi E-Waste Dataset,train,9,PCB,pcb,640,640,polygon,0.029296875,0.296568628125,0.9407552078125001,0.740196078125,0.3712493291619694,IMG_20250819_235833_1
BE00119,IMG_20250819_235833_1_jpg.rf.dcef1a3f0a7eda0b3c290505ce1f908e.jpg,Custom Bangladeshi E-Waste Dataset,train,9,PCB,pcb,640,640,polygon,0.0577059046875,0.1886475125,1.0,0.7383579109375,0.3721537551906075,IMG_20250819_235833_1
BE00120,IMG_20250819_235833_1_jpg.rf.f6c48dee6875446d95bacd72dcbb6e8d.jpg,Custom Bangladeshi E-Waste Dataset,train,9,PCB,pcb,640,640,polygon,0.0859938328125,0.232929475,1.0,0.8811124015624999,0.36683565162466614,IMG_20250819_235833_1
BE00121,IMG_20250819_235833_jpg.rf.2409897b6612a6a4e525868cd4cadd98.jpg,Custom Bangladeshi E-Waste Dataset,train,9,PCB,pcb,640,640,bbox,0.04531249999999998,0.298828125,0.94375,0.732421875,0.389556884765625,IMG_20250819_235833
BE00122,IMG_20250819_235833_jpg.rf.24f599bfd1785a8d2b210fd2e588adda.jpg,Custom Bangladeshi E-Waste Dataset,train,9,PCB,pcb,640,640,bbox,0.0,0.21211805555555557,0.95859375,0.9091666666666667,0.6681864420572916,IMG_20250819_235833
BE00123,IMG_20250819_235833_jpg.rf.6d464dfdc463efdd8691b50eb965a8a9.jpg,Custom Bangladeshi E-Waste Dataset,train,9,PCB,pcb,640,640,bbox,0.03265625,0.17786458333333333,1.0,0.781880787037037,0.5842912995515046,IMG_20250819_235833
BE00124,IMG_20250819_235841_jpg.rf.5cc56590068da32c0381ac61fc1da53c.jpg,Custom Bangladeshi E-Waste Dataset,train,9,PCB,pcb,640,640,polygon,0.0230217015625,0.0764201015625,0.9511056515625,0.9420444281250001,0.46314680277160686,IMG_20250819_235841
BE00125,IMG_20250819_235841_jpg.rf.b9ad0db1b6e9f309483ae53a0c248caf.jpg,Custom Bangladeshi E-Waste Dataset,train,9,PCB,pcb,640,640,polygon,0.0760979328125,0.0868145578125,0.8351250968749999,0.866491771875,0.46428578245264185,IMG_20250819_235841
BE00126,IMG_20250819_235841_jpg.rf.f33515ea53b3bc14a2f71a2f9d40979f.jpg,Custom Bangladeshi E-Waste Dataset,train,9,PCB,pcb,640,640,polygon,0.09114583281250001,0.0563725484375,0.9996744796874999,0.8848039218749999,0.46466822451630135,IMG_20250819_235841
BE00127,IMG_20250819_235853_jpg.rf.5f0155bba8eee5c25be2d8a8268ff930.jpg,Custom Bangladeshi E-Waste Dataset,train,9,PCB,pcb,640,640,polygon,0.0881582515625,0.18238299062500002,0.8969068234375,0.87527780625,0.2723702983258758,IMG_20250819_235853
BE00128,IMG_20250819_235853_jpg.rf.984063f06b8407e53c598e7d03212546.jpg,Custom Bangladeshi E-Waste Dataset,train,9,PCB,pcb,640,640,polygon,0.056509682812499996,0.153547578125,0.9088077296874999,0.8300621671874999,0.27335991729381504,IMG_20250819_235853
BE00129,IMG_20250819_235853_jpg.rf.e95c8d2b451c6f2c57a329213addcc46.jpg,Custom Bangladeshi E-Waste Dataset,train,9,PCB,pcb,640,640,polygon,0.06510416718749999,0.15931372500000002,0.8756510421874999,0.8504901953124999,0.2732699522164438,IMG_20250819_235853
BE00130,IMG_20250819_235900_1_jpg.rf.4f228b35a40657a9d4044001db65e10b.jpg,Custom Bangladeshi E-Waste Dataset,train,9,PCB,pcb,640,640,bbox,0.05546875000000001,0.28945312500000003,0.8851562500000001,0.627734375,0.280667724609375,IMG_20250819_235900_1
BE00131,IMG_20250819_235900_1_jpg.rf.57a2a1ee0bc5a191af8768b4ba08b10b.jpg,Custom Bangladeshi E-Waste Dataset,train,9,PCB,pcb,640,640,bbox,0.10215277777777776,0.26883101851851854,0.9566435185185185,0.7082986111111111,0.3755209887259945,IMG_20250819_235900_1
BE00132,IMG_20250819_235900_1_jpg.rf.7352d4ef616661ac2a4bad6eae3a3f54.jpg,Custom Bangladeshi E-Waste Dataset,train,9,PCB,pcb,640,640,bbox,0.0,0.29733796296296294,0.900625,0.8461574074074074,0.49428051215277774,IMG_20250819_235900_1
BE00133,IMG_20250819_235900_jpg.rf.5c3de33bdc0b69b007d1023306ba07d8.jpg,Custom Bangladeshi E-Waste Dataset,train,9,PCB,pcb,640,640,bbox,0.044140625000000044,0.273046875,0.880859375,0.628515625,0.2974273681640625,IMG_20250819_235900
BE00134,IMG_20250819_235900_jpg.rf.6a52ed16b3e904dbb37cf87a33d579db.jpg,Custom Bangladeshi E-Waste Dataset,train,9,PCB,pcb,640,640,bbox,0.0,0.3037731481481481,0.8759375,0.8698842592592593,0.4958779513888889,IMG_20250819_235900
BE00135,IMG_20250819_235900_jpg.rf.b4277f1586a60855f09b0696d171fdf2.jpg,Custom Bangladeshi E-Waste Dataset,train,9,PCB,pcb,640,640,bbox,0.030949074074074046,0.19187500000000002,0.9275347222222223,0.7392013888888889,0.49072498513052987,IMG_20250819_235900
BE00136,IMG_20250819_235907_jpg.rf.7ae45ca7af4b7827d2d24fba32dcdbf0.jpg,Custom Bangladeshi E-Waste Dataset,train,9,PCB,pcb,640,640,polygon,0.12285647343749999,0.16567841875,0.962650309375,0.9371324359375001,0.3481510251805985,IMG_20250819_235907
BE00137,IMG_20250819_235907_jpg.rf.7d73c55c193ae7f68b0884b679a6a5f0.jpg,Custom Bangladeshi E-Waste Dataset,train,9,PCB,pcb,640,640,polygon,0.064238559375,0.035196940625,0.9094889343749999,0.8089384859375001,0.34828515087223594,IMG_20250819_235907
BE00138,IMG_20250819_235907_jpg.rf.d63aaf136cd0322154184382e639011a.jpg,Custom Bangladeshi E-Waste Dataset,train,9,PCB,pcb,640,640,polygon,0.048828125,0.1495098046875,0.9537760421874999,0.919117646875,0.3492048675976621,IMG_20250819_235907
BE00139,IMG_20250819_235925_jpg.rf.91c6765f10574f255077172d89d2caae.jpg,Custom Bangladeshi E-Waste Dataset,train,9,PCB,pcb,640,640,bbox,0.10117187499999997,0.35625,0.825390625,0.6703125000000001,0.22744995117187503,IMG_20250819_235925
BE00140,IMG_20250819_235925_jpg.rf.c85cb13fba72e1f692229736e1c9cbdc.jpg,Custom Bangladeshi E-Waste Dataset,train,9,PCB,pcb,640,640,bbox,0.18249999999999994,0.3057291666666666,0.984201388888889,0.7801041666666666,0.38030709635416676,IMG_20250819_235925
BE00141,IMG_20250819_235925_jpg.rf.e0154f001c0f26be286c2cc093aaabdf.jpg,Custom Bangladeshi E-Waste Dataset,train,9,PCB,pcb,640,640,bbox,0.19427662037037036,0.24083333333333334,0.9789756944444445,0.6839236111111111,0.3476925307034465,IMG_20250819_235925
BE00142,IMG_20250819_235926_jpg.rf.5983903af53dce51a327cc7540eb58e3.jpg,Custom Bangladeshi E-Waste Dataset,train,9,PCB,pcb,640,640,bbox,0.13881944444444438,0.2659375000000001,0.9160416666666666,0.734548611111111,0.36421496913580237,IMG_20250819_235926
BE00143,IMG_20250819_235926_jpg.rf.ac67185bc562c73e91f11d0bfa925857.jpg,Custom Bangladeshi E-Waste Dataset,train,9,PCB,pcb,640,640,bbox,0.08056712962962964,0.20377893518518508,0.8412731481481481,0.6715219907407407,0.3558149574813529,IMG_20250819_235926
BE00144,IMG_20250819_235926_jpg.rf.ffb7712672f76f98dee67b1df8d7b8ab.jpg,Custom Bangladeshi E-Waste Dataset,train,9,PCB,pcb,640,640,bbox,0.10585937499999998,0.365234375,0.823828125,0.673828125,0.2215606689453125,IMG_20250819_235926
BE00145,IMG_20250819_235927_1_jpg.rf.7e9741f402fcea1372755cb7cd6649b7.jpg,Custom Bangladeshi E-Waste Dataset,train,9,PCB,pcb,640,640,bbox,0.10585937499999998,0.35781250000000003,0.831640625,0.66875,0.225672607421875,IMG_20250819_235927_1
BE00146,IMG_20250819_235927_1_jpg.rf.ed18264df4db0cae5795751ce944d39c.jpg,Custom Bangladeshi E-Waste Dataset,train,9,PCB,pcb,640,640,bbox,0.126261574074074,0.2005034722222222,0.9130092592592594,0.7463715277777778,0.42946042912487153,IMG_20250819_235927_1
BE00147,IMG_20250819_235927_1_jpg.rf.f8a0e7f49a44c4a4a79aa60ead7189e9.jpg,Custom Bangladeshi E-Waste Dataset,train,9,PCB,pcb,640,640,bbox,0.15987847222222223,0.2909143518518518,0.9202604166666668,0.6808796296296296,0.2965225561824846,IMG_20250819_235927_1
BE00148,IMG_20250819_235928_jpg.rf.36d5ec7eefbc6efec833554b1d4ac641.jpg,Custom Bangladeshi E-Waste Dataset,train,9,PCB,pcb,640,640,polygon,0.124015615625,0.383248178125,0.889363140625,0.702643375,0.22512372810038023,IMG_20250819_235928
BE00149,IMG_20250819_235928_jpg.rf.b3dbf770a072f44ac84db5bdc8dc64cf.jpg,Custom Bangladeshi E-Waste Dataset,train,9,PCB,pcb,640,640,polygon,0.1060440375,0.2845189453125,0.8908185609375,0.7303773125,0.22614165788214372,IMG_20250819_235928
BE00150,IMG_20250819_235928_jpg.rf.f8dcbd7206160ff642fdc452991acfba.jpg,Custom Bangladeshi E-Waste Dataset,train,9,PCB,pcb,640,640,polygon,0.1025390625,0.3455882359375,0.8333333328125001,0.6642156859375,0.22624096799563745,IMG_20250819_235928
BE00151,IMG_20250819_235931_1_jpg.rf.1c5ef6e9426591451e46158830a6e8ff.jpg,Custom Bangladeshi E-Waste Dataset,train,9,PCB,pcb,640,640,polygon,0.0,0.1259309140625,0.9349111703125,0.7677197171875,0.30725929900608057,IMG_20250819_235931_1
BE00152,IMG_20250819_235931_1_jpg.rf.48aad5803e90f0cad1e763779e117869.jpg,Custom Bangladeshi E-Waste Dataset,train,9,PCB,pcb,640,640,polygon,0.029296875,0.223039215625,0.99609375,0.8529411765624999,0.30862247226382983,IMG_20250819_235931_1
BE00153,IMG_20250819_235931_1_jpg.rf.b9de271e4f49e0e8ee11c9abbdbd0963.jpg,Custom Bangladeshi E-Waste Dataset,train,9,PCB,pcb,640,640,polygon,0.0262822109375,0.2937759765625,0.994012446875,0.8675718953124999,0.30740322226637595,IMG_20250819_235931_1
BE00154,IMG_20250819_235931_2_jpg.rf.13a2291cd8f07b383435a932bbcc4e6a.jpg,Custom Bangladeshi E-Waste Dataset,train,9,PCB,pcb,640,640,polygon,0.06754214375,0.2584102734375,1.0,0.7968111984374999,0.3176177315731853,IMG_20250819_235931_2
BE00155,IMG_20250819_235931_2_jpg.rf.1da186201cc0134a95c319f5bd461506.jpg,Custom Bangladeshi E-Waste Dataset,train,9,PCB,pcb,640,640,polygon,0.029296875,0.2279411765625,0.9996744796874999,0.8578431375,0.31808691134763734,IMG_20250819_235931_2
BE00156,IMG_20250819_235931_2_jpg.rf.1e335b9ccf7afd458984a2f39e40d4d4.jpg,Custom Bangladeshi E-Waste Dataset,train,9,PCB,pcb,640,640,polygon,0.0020556171875,0.0980646703125,0.9728049796875,0.713549340625,0.3180869113427406,IMG_20250819_235931_2
BE00157,IMG_20250819_235931_jpg.rf.3cb170679607c57b460bd88ead86fbcf.jpg,Custom Bangladeshi E-Waste Dataset,train,9,PCB,pcb,640,640,polygon,0.0494955703125,0.216598196875,0.9968961875,0.7537379203125,0.3213313087297903,IMG_20250819_235931
BE00158,IMG_20250819_235931_jpg.rf.77d23c98f55860087e7fd7f473a589c3.jpg,Custom Bangladeshi E-Waste Dataset,train,9,PCB,pcb,640,640,polygon,0.013020832812499999,0.20588235312499997,0.9996744796874999,0.8504901953124999,0.32180806077554236,IMG_20250819_235931
BE00159,IMG_20250819_235931_jpg.rf.d5ced1897ee4346a1e8c2150e1b361c7.jpg,Custom Bangladeshi E-Waste Dataset,train,9,PCB,pcb,640,640,polygon,0.045148975,0.099762415625,1.0,0.73298104375,0.32303725417786233,IMG_20250819_235931
BE00160,IMG_20250819_235932_jpg.rf.3f13693d20c0bace735a8339d587b81d.jpg,Custom Bangladeshi E-Waste Dataset,train,9,PCB,pcb,640,640,polygon,0.0,0.1886077609375,0.9277273375,0.8739283140625,0.29493466185195355,IMG_20250819_235932
BE00161,IMG_20250819_235932_jpg.rf.5cea6e7ea1f13d753518611d4d2efce0.jpg,Custom Bangladeshi E-Waste Dataset,train,9,PCB,pcb,640,640,polygon,0.0423177078125,0.24019607812500002,0.9928385421874999,0.8455882359375,0.29606837932957664,IMG_20250819_235932
BE00162,IMG_20250819_235932_jpg.rf.7eb413a2a0ebac74c1082b29663c9f10.jpg,Custom Bangladeshi E-Waste Dataset,train,9,PCB,pcb,640,640,polygon,0.05747116249999999,0.2106543,1.0,0.7467744093750001,0.29580639253586344,IMG_20250819_235932
BE00163,IMG_20250819_235933_jpg.rf.6843a58d482baffde8f245b0070b7d10.jpg,Custom Bangladeshi E-Waste Dataset,train,9,PCB,pcb,640,640,polygon,0.0455729171875,0.2450980390625,0.9765625,0.8333333328125001,0.2846033431009032,IMG_20250819_235933
BE00164,IMG_20250819_235933_jpg.rf.e5df846d7a280a73e7dff66e92c9c839.jpg,Custom Bangladeshi E-Waste Dataset,train,9,PCB,pcb,640,640,polygon,0.022195684375,0.2611499015625,0.9172177078124999,0.7254292484375,0.2862274161206529,IMG_20250819_235933
BE00165,IMG_20250819_235933_jpg.rf.ea620f92da408fc1883707f83850fd16.jpg,Custom Bangladeshi E-Waste Dataset,train,9,PCB,pcb,640,640,polygon,0.040041074999999995,0.37963839843749997,0.950831878125,0.7939792156250001,0.2839474671723352,IMG_20250819_235933
BE00166,IMG_20250819_235935_jpg.rf.302fc296b598bd7c3675df7aa6046f12.jpg,Custom Bangladeshi E-Waste Dataset,train,9,PCB,pcb,640,640,polygon,0.1008356953125,0.33124074375,0.9500851578124999,0.858085415625,0.23355765356632807,IMG_20250819_235935
BE00167,IMG_20250819_235935_jpg.rf.947c7d6abb2bfdea2afc1c8723d0650c.jpg,Custom Bangladeshi E-Waste Dataset,train,9,PCB,pcb,640,640,polygon,0.1155598953125,0.30392156875,0.9651692703125001,0.8530882359374999,0.2332377120023259,IMG_20250819_235935
BE00168,IMG_20250819_235935_jpg.rf.f880e81c4de3ff8371c019cf04ebbbc2.jpg,Custom Bangladeshi E-Waste Dataset,train,9,PCB,pcb,640,640,polygon,0.0929754859375,0.1331228671875,0.9235395046875,0.6500111375000001,0.23174038333898866,IMG_20250819_235935
BE00169,IMG_20250819_235939_1_jpg.rf.6b3ceff1f99e5d0f9c0da48d741dc194.jpg,Custom Bangladeshi E-Waste Dataset,train,9,PCB,pcb,640,640,polygon,0.0072781109375,0.07399734062499999,1.0,0.7876246984375,0.5025303011105215,IMG_20250819_235939_1
BE00170,IMG_20250819_235939_1_jpg.rf.931ed695627484bca0104b1f555a917c.jpg,Custom Bangladeshi E-Waste Dataset,train,9,PCB,pcb,640,640,polygon,0.0119823359375,0.12396363749999999,1.0,0.91926651875,0.49467856751526923,IMG_20250819_235939_1
BE00171,IMG_20250819_235939_1_jpg.rf.b710cd6cd3eb0effdb1af8f40c76cd0d.jpg,Custom Bangladeshi E-Waste Dataset,train,9,PCB,pcb,640,640,polygon,0.0,0.10294117656249999,0.9996744796874999,0.8725490203125,0.503873937860287,IMG_20250819_235939_1
BE00172,IMG_20250819_235940_jpg.rf.3b87b043167b40d19d7a004562e01afd.jpg,Custom Bangladeshi E-Waste Dataset,train,9,PCB,pcb,640,640,polygon,0.0,0.2498702859375,0.985342221875,0.869917928125,0.4661944051324586,IMG_20250819_235940
BE00173,IMG_20250819_235940_jpg.rf.54817df1e3cd5ced4cf7c53fe2af04ee.jpg,Custom Bangladeshi E-Waste Dataset,train,9,PCB,pcb,640,640,polygon,0.0,0.0299886609375,0.9592265046874999,0.9098048390625,0.46935559544480726,IMG_20250819_235940
BE00174,IMG_20250819_235940_jpg.rf.a146ae24a8868a71bc834274714dec21.jpg,Custom Bangladeshi E-Waste Dataset,train,9,PCB,pcb,640,640,polygon,0.0,0.11519607812499999,0.9996744796874999,0.8602941171875,0.4736750985705556,IMG_20250819_235940
BE00175,IMG_20250819_235941_jpg.rf.00fbb35093f27895819dcdc665799546.jpg,Custom Bangladeshi E-Waste Dataset,train,9,PCB,pcb,640,640,polygon,0.0,0.239938946875,0.9770279593750001,0.7676977,0.45515161940675714,IMG_20250819_235941
BE00176,IMG_20250819_235941_jpg.rf.750bdd0e08434174a181f8664f603ec3.jpg,Custom Bangladeshi E-Waste Dataset,train,9,PCB,pcb,640,640,polygon,0.0,0.1299019609375,0.9996744796874999,0.8504901953124999,0.4656220480291528,IMG_20250819_235941
BE00177,IMG_20250819_235941_jpg.rf.b308d64ae965a701bbdd93a07173b8fb.jpg,Custom Bangladeshi E-Waste Dataset,train,9,PCB,pcb,640,640,polygon,0.00367138125,0.1630549921875,1.0,0.865637878125,0.46441495253527565,IMG_20250819_235941
BE00178,IMG_20250819_235945_1_jpg.rf.0540c766a891daaa8892e63bbe6e9a33.jpg,Custom Bangladeshi E-Waste Dataset,train,9,PCB,pcb,640,640,bbox,0.24475115740740744,0.1313368055555555,0.880005787037037,0.8514525462962963,0.4574568581747257,IMG_20250819_235945_1
BE00179,IMG_20250819_235945_1_jpg.rf.1c9d068686309f2a2e0fb9b20fd7105b.jpg,Custom Bangladeshi E-Waste Dataset,train,9,PCB,pcb,640,640,bbox,0.24600115740740736,0.17414930555555547,0.81015625,0.8386284722222221,0.3748693057966821,IMG_20250819_235945_1
BE00180,IMG_20250819_235945_1_jpg.rf.248beef281bf4f880d9226c3f526e422.jpg,Custom Bangladeshi E-Waste Dataset,train,9,PCB,pcb,640,640,bbox,0.2859375,0.176953125,0.7453125,0.791796875,0.28244384765624997,IMG_20250819_235945_1
BE00181,IMG_20250819_235945_jpg.rf.4b18a9226a923f8ab01e2acb3b4d2e8e.jpg,Custom Bangladeshi E-Waste Dataset,train,9,PCB,pcb,640,640,bbox,0.28671875,0.162109375,0.7585937500000001,0.776953125,0.29012939453125003,IMG_20250819_235945
BE00182,IMG_20250819_235945_jpg.rf.89889dbac90f64bbc06f8e46f062f8f8.jpg,Custom Bangladeshi E-Waste Dataset,train,9,PCB,pcb,640,640,bbox,0.2067013888888889,0.08621527777777782,0.7565624999999999,0.7613541666666667,0.37123261959876536,IMG_20250819_235945
BE00183,IMG_20250819_235945_jpg.rf.e5d00926f86ea5152329881800d64f7c.jpg,Custom Bangladeshi E-Waste Dataset,train,9,PCB,pcb,640,640,bbox,0.1797164351851852,0.1280150462962963,0.7481770833333333,0.7992303240740741,0.38155947185249484,IMG_20250819_235945
BE00184,IMG_20250819_235951_1_jpg.rf.1e45ae423970c119d47ae780d5daf4f7.jpg,Custom Bangladeshi E-Waste Dataset,train,9,PCB,pcb,640,640,polygon,0.0,0.1259166734375,0.93561868125,0.8279642265625,0.31498579731691967,IMG_20250819_235951_1
BE00185,IMG_20250819_235951_1_jpg.rf.506960f993e62d4d9e69e10eb46ee6f5.jpg,Custom Bangladeshi E-Waste Dataset,train,9,PCB,pcb,640,640,polygon,0.0872373546875,0.082462953125,0.9473955515625001,0.8246023765625001,0.31421904861231287,IMG_20250819_235951_1
BE00186,IMG_20250819_235951_1_jpg.rf.7ec4c0884282019772b2aa077bdc3dda.jpg,Custom Bangladeshi E-Waste Dataset,train,9,PCB,pcb,640,640,polygon,0.06184895781250001,0.0857843140625,0.9309895828125001,0.828431371875,0.3141156360855103,IMG_20250819_235951_1
BE00187,IMG_20250819_235951_jpg.rf.4de6acc3d1063ed79d9edf34a855ce99.jpg,Custom Bangladeshi E-Waste Dataset,train,9,PCB,pcb,640,640,polygon,0.07486979218749999,0.0931372546875,0.947265625,0.8259803921875,0.3141595179839889,IMG_20250819_235951
BE00188,IMG_20250819_235951_jpg.rf.642d1d6a5778449ced86c743deeca8e0.jpg,Custom Bangladeshi E-Waste Dataset,train,9,PCB,pcb,640,640,polygon,0.1035097921875,0.0333977234375,0.8953389203125001,0.770974259375,0.31415951781498996,IMG_20250819_235951
BE00189,IMG_20250819_235951_jpg.rf.819c8a8c9521476d3a654acbe6663e87.jpg,Custom Bangladeshi E-Waste Dataset,train,9,PCB,pcb,640,640,polygon,0.0351527359375,0.2294194375,0.8822190234375,0.9666202921875,0.31752089573063597,IMG_20250819_235951
BE00190,IMG_20250819_235952_jpg.rf.e3da93e10bebcefb29b3999f41eb70d5.jpg,Custom Bangladeshi E-Waste Dataset,train,9,PCB,pcb,640,640,polygon,0.048828125,0.10539215625000001,0.9244791671874999,0.830882353125,0.3057103382022733,IMG_20250819_235952
BE00191,IMG_20250819_235952_jpg.rf.f156bc4e90be2bff0d8fe517c83eff24.jpg,Custom Bangladeshi E-Waste Dataset,train,9,PCB,pcb,640,640,polygon,0.0,0.10453931093749999,0.9092790187500001,0.8179082484375,0.3049330473435147,IMG_20250819_235952
BE00192,IMG_20250819_235952_jpg.rf.f8a465c32a96181a730c7bd89678b4b0.jpg,Custom Bangladeshi E-Waste Dataset,train,9,PCB,pcb,640,640,polygon,0.087968328125,0.07932680625,0.9847733156249999,0.798213484375,0.30664969560087163,IMG_20250819_235952
BE00193,IMG_20250819_235957_1_jpg.rf.2f4957b01fefb6be31e70b169bc81d6e.jpg,Custom Bangladeshi E-Waste Dataset,train,9,PCB,pcb,640,640,polygon,0.0,0.1982616109375,0.920822890625,0.7464758453125,0.2884400342645229,IMG_20250819_235957_1
BE00194,IMG_20250819_235957_1_jpg.rf.8395b3c2109ab1b121449f163cf7c81d.jpg,Custom Bangladeshi E-Waste Dataset,train,9,PCB,pcb,640,640,polygon,0.0455729171875,0.1740196078125,0.986328125,0.830882353125,0.29054330062057393,IMG_20250819_235957_1
BE00195,IMG_20250819_235957_1_jpg.rf.d2c71ed5ccdafcea226d07a1c0390fdc.jpg,Custom Bangladeshi E-Waste Dataset,train,9,PCB,pcb,640,640,polygon,0.0990144328125,0.174496546875,1.0,0.8976962593750001,0.28805025617348434,IMG_20250819_235957_1
BE00196,IMG_20250819_235957_jpg.rf.345331a30acb0ffa13d29caa63e79ac6.jpg,Custom Bangladeshi E-Waste Dataset,train,9,PCB,pcb,640,640,polygon,0.0358072921875,0.171568628125,0.9830729171874999,0.830882353125,0.29367484273529054,IMG_20250819_235957
BE00197,IMG_20250819_235957_jpg.rf.633a6accb649850c5f9f815dd2daf693.jpg,Custom Bangladeshi E-Waste Dataset,train,9,PCB,pcb,640,640,polygon,0.0260352625,0.1938987796875,0.9469087593750001,0.9174886296875,0.29525399958119514,IMG_20250819_235957
BE00198,IMG_20250819_235957_jpg.rf.fe2e10aa65fb879923c8a5661ee81f51.jpg,Custom Bangladeshi E-Waste Dataset,train,9,PCB,pcb,640,640,polygon,0.0249980796875,0.1750184421875,0.908081690625,0.90811793125,0.29576964328911176,IMG_20250819_235957
BE00199,IMG_20250820_000046_jpg.rf.5a78b1a77621f1e7dac1468cc20e4a1d.jpg,Custom Bangladeshi E-Waste Dataset,train,9,PCB,pcb,640,640,polygon,0.1884615734375,0.2529557453125,0.6146020265625001,0.5477052828125,0.10898682523666876,IMG_20250820_000046
BE00200,IMG_20250820_000046_jpg.rf.d24becf76d739c4f3e297b3e2e31aeab.jpg,Custom Bangladeshi E-Waste Dataset,train,9,PCB,pcb,640,640,polygon,0.2294921875,0.2671568625,0.654296875,0.563725490625,0.10932274125791566,IMG_20250820_000046
BE00201,IMG_20250820_000046_jpg.rf.f2ae0e6c88435d107cfe009e23548707.jpg,Custom Bangladeshi E-Waste Dataset,train,9,PCB,pcb,640,640,polygon,0.22443346718749999,0.40607861874999995,0.65798206875,0.7209634671875,0.10932274069619105,IMG_20250820_000046
BE00202,IMG_20250820_000048_1_jpg.rf.86ca16facaf2ab9f3a1c33299292646c.jpg,Custom Bangladeshi E-Waste Dataset,train,9,PCB,pcb,640,640,polygon,0.2799479171875,0.276960784375,0.703125,0.590686275,0.11822469862333809,IMG_20250820_000048_1
BE00203,IMG_20250820_000048_1_jpg.rf.aa13921058012471c45bdeda08c55dd6.jpg,Custom Bangladeshi E-Waste Dataset,train,9,PCB,pcb,640,640,polygon,0.27894597656250003,0.40458954687500004,0.6884514515625,0.718805284375,0.11818577637499711,IMG_20250820_000048_1
BE00204,IMG_20250820_000048_1_jpg.rf.b37aba09cd0709aaf55cc7ea3c02a6b3.jpg,Custom Bangladeshi E-Waste Dataset,train,9,PCB,pcb,640,640,polygon,0.2472029421875,0.435494384375,0.6599733703124999,0.7472414984375,0.11865283698126897,IMG_20250820_000048_1
BE00205,IMG_20250820_000048_jpg.rf.6a99fa63000cac5c466630531a0a9129.jpg,Custom Bangladeshi E-Waste Dataset,train,9,PCB,pcb,640,640,polygon,0.2555338546875,0.285539215625,0.6787109375,0.590686275,0.1142983033104292,IMG_20250820_000048
BE00206,IMG_20250820_000048_jpg.rf.7f6cb14db6467f137cd5dd0c9b6d5d66.jpg,Custom Bangladeshi E-Waste Dataset,train,9,PCB,pcb,640,640,polygon,0.2151199109375,0.2756289140625,0.6435640484375,0.5864183359374999,0.11414778732377784,IMG_20250820_000048
BE00207,IMG_20250820_000048_jpg.rf.cd693d74c403a7625022385e3d5a6538.jpg,Custom Bangladeshi E-Waste Dataset,train,9,PCB,pcb,640,640,polygon,0.322599546875,0.305493440625,0.743637565625,0.6239685078125,0.11429830348742935,IMG_20250820_000048
BE00208,IMG_20250820_000049_jpg.rf.26540d406f184ae32723acd4561ef80d.jpg,Custom Bangladeshi E-Waste Dataset,train,9,PCB,pcb,640,640,bbox,0.28587962962962954,0.43232638888888886,0.7288194444444445,0.7671180555555555,0.14829255883487655,IMG_20250820_000049
BE00209,IMG_20250820_000049_jpg.rf.80b6d289f5e0b8c6e35ca7223f0cb605.jpg,Custom Bangladeshi E-Waste Dataset,train,9,PCB,pcb,640,640,bbox,0.2734375,0.271875,0.69375,0.5734375,0.12675048828125,IMG_20250820_000049
BE00210,IMG_20250820_000049_jpg.rf.cd093257660b9cf0d8d43b7de34d0540.jpg,Custom Bangladeshi E-Waste Dataset,train,9,PCB,pcb,640,640,bbox,0.23565393518518518,0.1911631944444444,0.7459548611111111,0.60203125,0.20966634918338478,IMG_20250820_000049
BE00211,IMG_20250820_000054_1_jpg.rf.80d1ae2beb041addbdbdbc47644b8d1d.jpg,Custom Bangladeshi E-Waste Dataset,train,9,PCB,pcb,640,640,polygon,0.1654346859375,0.2695109890625,0.9904089,0.7559233437499999,0.22204974471931438,IMG_20250820_000054_1
BE00212,IMG_20250820_000054_1_jpg.rf.9e9b4eeb4faf247b3ec77298b1b4ffe4.jpg,Custom Bangladeshi E-Waste Dataset,train,9,PCB,pcb,640,640,polygon,0.1009114578125,0.2916666671875,0.87890625,0.5857843140625,0.2198542174993577,IMG_20250820_000054_1
BE00213,IMG_20250820_000054_1_jpg.rf.b962b0e7852494c5a31aa83ebae357d6.jpg,Custom Bangladeshi E-Waste Dataset,train,9,PCB,pcb,640,640,polygon,0.11603829375000001,0.370672759375,0.9081660828125001,0.729091621875,0.2201919921679661,IMG_20250820_000054_1
BE00214,IMG_20250820_000059_jpg.rf.6adc5dc6f10c99459626fb574c520246.jpg,Custom Bangladeshi E-Waste Dataset,train,9,PCB,pcb,640,640,bbox,0.12656250000000002,0.32578125,0.7875,0.58046875,0.16833251953125,IMG_20250820_000059
BE00215,IMG_20250820_000059_jpg.rf.93fd6de806faa21919d0afb5896d77bd.jpg,Custom Bangladeshi E-Waste Dataset,train,9,PCB,pcb,640,640,bbox,0.10760995370370363,0.25514467592592605,0.82578125,0.7291030092592592,0.34038327064043206,IMG_20250820_000059
BE00216,IMG_20250820_000059_jpg.rf.9a84d4801ec388c2f04bebc3f932a724.jpg,Custom Bangladeshi E-Waste Dataset,train,9,PCB,pcb,640,640,bbox,0.21223958333333343,0.32642361111111107,0.9370081018518519,0.7339583333333334,0.2953683368698561,IMG_20250820_000059
BE00217,IMG_20250820_000102_jpg.rf.0109ff5146c49cc5304123753ac02049.jpg,Custom Bangladeshi E-Waste Dataset,train,9,PCB,pcb,640,640,bbox,0.13371527777777775,0.26369212962962973,0.8689930555555556,0.6007175925925926,0.24780733346193415,IMG_20250820_000102
BE00218,IMG_20250820_000102_jpg.rf.047465f2a37585d7120c630340744e4b.jpg,Custom Bangladeshi E-Waste Dataset,train,9,PCB,pcb,640,640,bbox,0.22399305555555543,0.3730613425925926,0.9390972222222222,0.7055844907407407,0.23778868875385803,IMG_20250820_000102
BE00219,IMG_20250820_000102_jpg.rf.0745bc5223417da97575c6571b7dea9c.jpg,Custom Bangladeshi E-Waste Dataset,train,9,PCB,pcb,640,640,bbox,0.126953125,0.29179687499999996,0.810546875,0.548828125,0.1757049560546875,IMG_20250820_000102
BE00220,IMG_20250820_000124_1_jpg.rf.1e490acb1f4ec7a74e5b206a58dc97de.jpg,Custom Bangladeshi E-Waste Dataset,train,9,PCB,pcb,640,640,polygon,0.07954069687500001,0.2175897546875,0.92620846875,0.61503438125,0.2434441073304379,IMG_20250820_000124_1
BE00221,IMG_20250820_000124_1_jpg.rf.589bacae602642c1f219722e859112bb.jpg,Custom Bangladeshi E-Waste Dataset,train,9,PCB,pcb,640,640,polygon,0.1795213328125,0.34788794843750004,1.0,0.7125493015625,0.24041094441181432,IMG_20250820_000124_1
BE00222,IMG_20250820_000124_1_jpg.rf.6c7d06e69245ff12a1f8943bec247158.jpg,Custom Bangladeshi E-Waste Dataset,train,9,PCB,pcb,640,640,polygon,0.048828125,0.3063725484375,0.8723958328125001,0.6200980390625,0.24122051129464547,IMG_20250820_000124_1
BE00223,IMG_20250820_000127_jpg.rf.1cd11b1b49dea06042f3597002d6027f.jpg,Custom Bangladeshi E-Waste Dataset,train,9,PCB,pcb,640,640,bbox,0.026817129629629677,0.29128472222222224,0.8239467592592593,0.7332291666666667,0.3522870113168724,IMG_20250820_000127
BE00224,IMG_20250820_000127_jpg.rf.31d53463012a14d67f26f317d0c7d044.jpg,Custom Bangladeshi E-Waste Dataset,train,9,PCB,pcb,640,640,bbox,0.1084201388888889,0.1965277777777777,0.8983506944444445,0.6765277777777778,0.37916666666666676,IMG_20250820_000127
BE00225,IMG_20250820_000127_jpg.rf.73821a43e2c8e80ca521764e9643f033.jpg,Custom Bangladeshi E-Waste Dataset,train,9,PCB,pcb,640,640,bbox,0.10429687500000001,0.38007812500000004,0.8238281249999999,0.649609375,0.1939361572265625,IMG_20250820_000127
BE00226,IMG_20250820_000135_1_jpg.rf.41cfa405ba92c8ae4133bb3c53223e8a.jpg,Custom Bangladeshi E-Waste Dataset,train,9,PCB,pcb,640,640,polygon,0.044476695312499995,0.14031166718750002,0.8747185203125,0.9364465703124999,0.32484980777413325,IMG_20250820_000135_1
BE00227,IMG_20250820_000135_1_jpg.rf.625d55dbe1b4800c41a3b569498a17a0.jpg,Custom Bangladeshi E-Waste Dataset,train,9,PCB,pcb,640,640,polygon,0.08138020781250001,0.1127450984375,0.9407552078125001,0.901960784375,0.32188265917968756,IMG_20250820_000135_1
BE00228,IMG_20250820_000135_1_jpg.rf.a4a9ecde57c74a7f1c0f2a58ee8066a9.jpg,Custom Bangladeshi E-Waste Dataset,train,9,PCB,pcb,640,640,polygon,0.0494103296875,0.0827301640625,0.998589109375,0.8206413124999999,0.32347220331628224,IMG_20250820_000135_1
BE00229,IMG_20250820_000154_jpg.rf.1c700361f1c7746d1c142524ef9c0953.jpg,Custom Bangladeshi E-Waste Dataset,train,9,PCB,pcb,640,640,polygon,0.09114583281250001,0.313725490625,0.6575520828125,0.5220588234375,0.11525671463627041,IMG_20250820_000154
BE00230,IMG_20250820_000154_jpg.rf.8a835b299a537975ce82fcc0ed4b4355.jpg,Custom Bangladeshi E-Waste Dataset,train,9,PCB,pcb,640,640,polygon,0.0932482078125,0.30811042187500004,0.6912834703125,0.6044181484375,0.11497212938462123,IMG_20250820_000154
BE00231,IMG_20250820_000154_jpg.rf.da9c2af097efe3461cc4fce1af31a1d3.jpg,Custom Bangladeshi E-Waste Dataset,train,9,PCB,pcb,640,640,polygon,0.030749109375,0.4100732640625,0.6255391593749999,0.6435723046875,0.1144598781572366,IMG_20250820_000154
BE00232,IMG_20250820_000155_jpg.rf.cb812c03e1c86a693abd27705504de2d.jpg,Custom Bangladeshi E-Waste Dataset,train,9,PCB,pcb,640,640,polygon,0.087890625,0.313725490625,0.6494140625,0.518382353125,0.11339374610932294,IMG_20250820_000155
BE00233,IMG_20250820_000155_jpg.rf.d616a606eb3cff60e26b416fe3b4f7f5.jpg,Custom Bangladeshi E-Waste Dataset,train,9,PCB,pcb,640,640,polygon,0.068691278125,0.3214812546875,0.6345393921875,0.5556406593750001,0.11364262114310664,IMG_20250820_000155
BE00234,IMG_20250820_000155_jpg.rf.defc61bfca3b7459653578a0a9fa4dea.jpg,Custom Bangladeshi E-Waste Dataset,train,9,PCB,pcb,640,640,polygon,0.061984753125,0.3945238953125,0.6499425890625,0.6567022671875,0.1133937463899041,IMG_20250820_000155
BE00235,IMG_20250820_000208_1_jpg.rf.6791bf4947a150f3df5c8d26df930c64.jpg,Custom Bangladeshi E-Waste Dataset,train,9,PCB,pcb,640,640,bbox,0.048043981481481535,0.3745833333333333,0.6741435185185185,0.7082291666666667,0.2088955017843364,IMG_20250820_000208_1
BE00236,IMG_20250820_000208_1_jpg.rf.6ceaf7d2f001f1886c48bf6138d06a77.jpg,Custom Bangladeshi E-Waste Dataset,train,9,PCB,pcb,640,640,bbox,0.38982060185185186,0.3480324074074073,0.9861979166666667,0.6747106481481482,0.19482349202139065,IMG_20250820_000208_1
BE00237,IMG_20250820_000208_1_jpg.rf.ab380142c7dec1bf20a763ba6d75c2ec.jpg,Custom Bangladeshi E-Waste Dataset,train,9,PCB,pcb,640,640,bbox,0.045703124999999956,0.3109375,0.615234375,0.5171875,0.1174658203125,IMG_20250820_000208_1
BE00238,IMG_20250820_000209_jpg.rf.45c69cf62f02485203a8869889acba69.jpg,Custom Bangladeshi E-Waste Dataset,train,9,PCB,pcb,640,640,bbox,0.05820312500000002,0.313671875,0.621484375,0.514453125,0.11309631347656249,IMG_20250820_000209
BE00239,IMG_20250820_000209_jpg.rf.9103d79f5c6998ae0a627fcd72aef0b3.jpg,Custom Bangladeshi E-Waste Dataset,train,9,PCB,pcb,640,640,bbox,0.023125000000000007,0.4292303240740739,0.6086111111111112,0.6947974537037037,0.15548586596579225,IMG_20250820_000209
BE00240,IMG_20250820_000209_jpg.rf.e8261b5aacc66c644aafc67272b4aa84.jpg,Custom Bangladeshi E-Waste Dataset,train,9,PCB,pcb,640,640,bbox,0.37967013888888895,0.28732638888888895,0.9725173611111111,0.5528935185185185,0.1574407351144547,IMG_20250820_000209
BE00241,IMG_20250820_000213_jpg.rf.1a56b635f17ef13185a7c09da1ac606a.jpg,Custom Bangladeshi E-Waste Dataset,train,9,PCB,pcb,640,640,polygon,0.0,0.0033901265625000004,0.6808022234375,0.5838192249999999,0.2481866368911242,IMG_20250820_000213
BE00242,IMG_20250820_000213_jpg.rf.843769caab6e80c29add98c60ba32f3f.jpg,Custom Bangladeshi E-Waste Dataset,train,9,PCB,pcb,640,640,polygon,0.3392101890625,0.44816399999999995,1.0,1.0,0.23865199458410577,IMG_20250820_000213
BE00243,IMG_20250820_000213_jpg.rf.cbc7f714cbc1bce9a15355249ee162c4.jpg,Custom Bangladeshi E-Waste Dataset,train,9,PCB,pcb,640,640,polygon,0.2571614578125,0.4852941171875,0.9996744796874999,0.9997549015624999,0.2749876735370889,IMG_20250820_000213
BE00244,IMG_20250803_220024_jpg.rf.2fc166ace133b8664434156a034ba786.jpg,Custom Bangladeshi E-Waste Dataset,valid,6,Mobile,mobile_phone,640,640,polygon,0.3919270828125,0.3889705875,0.5944010421875,0.64926470625,0.04967139612717429,IMG_20250803_220024
BE00245,IMG_20250803_220031_jpg.rf.980993866f095141d958d78983b61f11.jpg,Custom Bangladeshi E-Waste Dataset,valid,6,Mobile,mobile_phone,640,640,polygon,0.23763020781250002,0.14460784375,0.7194010421875,0.6127450984375,0.14642453669762706,IMG_20250803_220031
BE00246,IMG_20250803_220037_jpg.rf.a1e1878bef855197a7260cca88694e51.jpg,Custom Bangladeshi E-Waste Dataset,valid,6,Mobile,mobile_phone,640,640,polygon,0.23111979218749998,0.10539215625000001,0.751953125,0.6397058828125,0.1909562651996089,IMG_20250803_220037
BE00247,IMG_20250803_220117_jpg.rf.0594f79bcf0bff0635472395fec31752.jpg,Custom Bangladeshi E-Waste Dataset,valid,6,Mobile,mobile_phone,640,640,polygon,0.3645833328125,0.2806372546875,0.6201171875,0.6017156859375,0.06281834025038177,IMG_20250803_220117
BE00248,IMG_20250803_220119_jpg.rf.64e2198d7a2d24e7786b2bbc40de885d.jpg,Custom Bangladeshi E-Waste Dataset,valid,6,Mobile,mobile_phone,640,640,polygon,0.3515625,0.242647059375,0.6640625,0.6004901953124999,0.07529663878052156,IMG_20250803_220119
BE00249,IMG_20250803_220126_jpg.rf.16a1c934ac06cbc5d2ee0f8b4c02e96b.jpg,Custom Bangladeshi E-Waste Dataset,valid,6,Mobile,mobile_phone,640,640,polygon,0.24251302031250002,0.186274509375,0.6510416671875,0.6299019609375,0.13145596395550893,IMG_20250803_220126
BE00250,IMG_20250803_220127_jpg.rf.29454ccaf0bd8058e12a5925d3619982.jpg,Custom Bangladeshi E-Waste Dataset,valid,6,Mobile,mobile_phone,640,640,polygon,0.2604166671875,0.203431371875,0.6901041671875,0.659313725,0.13609244162574718,IMG_20250803_220127
BE00251,IMG_20250803_220148_jpg.rf.a4e62c59a53971b3d4a9abbcf8b459b1.jpg,Custom Bangladeshi E-Waste Dataset,valid,6,Mobile,mobile_phone,640,640,polygon,0.1106770828125,0.25,0.4069010421875,0.634803921875,0.10864257832031252,IMG_20250803_220148
BE00252,IMG_20250803_220149_jpg.rf.ea36148ba2419eaf41dc5822d2e5d88a.jpg,Custom Bangladeshi E-Waste Dataset,valid,6,Mobile,mobile_phone,640,640,bbox,0.45546875,0.237890625,0.77109375,0.644921875,0.12846923828125,IMG_20250803_220149
BE00253,IMG_20250803_220204_jpg.rf.bc112e5f5fe9cdef5d8d26d4e5954183.jpg,Custom Bangladeshi E-Waste Dataset,valid,6,Mobile,mobile_phone,640,640,polygon,0.341796875,0.32107843125,0.8610026046874999,0.7193627453125,0.09492761962585448,IMG_20250803_220204
BE00254,IMG_20250803_220206_jpg.rf.de998e9b904dcfe77468124a9e729352.jpg,Custom Bangladeshi E-Waste Dataset,valid,6,Mobile,mobile_phone,640,640,polygon,0.390625,0.36642156875,0.7763671875,0.66789215625,0.05335489880975462,IMG_20250803_220206
BE00255,IMG_20250803_220227_jpg.rf.c42373ef7c64d08b36804cc7fcad4d15.jpg,Custom Bangladeshi E-Waste Dataset,valid,6,Mobile,mobile_phone,640,640,polygon,0.3430989578125,0.284068628125,0.5498046875,0.6355392156249999,0.06934909393009457,IMG_20250803_220227
BE00256,IMG_20250803_220348_jpg.rf.2f88a5bd0de4e00950763150d344a288.jpg,Custom Bangladeshi E-Waste Dataset,valid,6,Mobile,mobile_phone,640,640,bbox,0.56640625,0.3140625,0.76171875,0.615625,0.05889892578125,IMG_20250803_220348
BE00257,IMG_20250803_220349_1_jpg.rf.c2488b27ffdb7b551091ec1aff857cce.jpg,Custom Bangladeshi E-Waste Dataset,valid,6,Mobile,mobile_phone,640,640,polygon,0.5517578125,0.2953431375,0.7584635421875,0.6029411765625,0.05324320073317983,IMG_20250803_220349_1
BE00258,IMG_20250803_220349_jpg.rf.9a2cadc69014490f60e59e1826cdc947.jpg,Custom Bangladeshi E-Waste Dataset,valid,6,Mobile,mobile_phone,640,640,polygon,0.5436197921875,0.2977941171875,0.76171875,0.615196078125,0.05642361129487977,IMG_20250803_220349
BE00259,IMG_20250805_203322_jpg.rf.55299a747169161eadaecc211e423a31.jpg,Custom Bangladeshi E-Waste Dataset,valid,6,Mobile,mobile_phone,640,640,polygon,0.4208984375,0.513725490625,0.7854817703125,0.769852940625,0.045289362379438675,IMG_20250805_203322
BE00260,IMG_20250805_203327_jpg.rf.32be60b70e6f9a50917a48881f5ab85a.jpg,Custom Bangladeshi E-Waste Dataset,valid,6,Mobile,mobile_phone,640,640,polygon,0.08626302031250001,0.436274509375,0.4052734375,0.697303921875,0.03924899643463935,IMG_20250805_203327
BE00261,IMG_20250805_203328_jpg.rf.593c94263769d9d875503af03e97d8f7.jpg,Custom Bangladeshi E-Waste Dataset,valid,6,Mobile,mobile_phone,640,640,polygon,0.09765625,0.4264705875,0.4210068359375,0.6813725484375001,0.03888605841652528,IMG_20250805_203328
BE00262,IMG_20250805_203630_jpg.rf.625b50a472e14f385eb490d10fa695e9.jpg,Custom Bangladeshi E-Waste Dataset,valid,9,PCB,pcb,640,640,polygon,0.50347233125,0.474673284375,0.603298503125,0.6805556375,0.01371581188780005,IMG_20250805_203630
BE00263,IMG_20250805_203634_jpg.rf.637eded8a427107899b3fb52ffa04675.jpg,Custom Bangladeshi E-Waste Dataset,valid,9,PCB,pcb,640,640,polygon,0.498046875,0.46323529375000005,0.6022135421875,0.6801470593750001,0.015169031463129437,IMG_20250805_203634
BE00264,IMG_20250805_203705_jpg.rf.642a22214e79d33d0e20441afdd2b4ce.jpg,Custom Bangladeshi E-Waste Dataset,valid,9,PCB,pcb,640,640,polygon,0.49262141875000004,0.330065440625,0.691189128125,0.625,0.02831285024395111,IMG_20250805_203705
BE00265,IMG_20250805_203803_jpg.rf.46ed623c40ba0974562c6bbf6953d2cf.jpg,Custom Bangladeshi E-Waste Dataset,valid,6,Mobile,mobile_phone,640,640,bbox,0.39023437499999997,0.33828125,0.5988281249999999,0.66171875,0.06746704101562499,IMG_20250805_203803
BE00266,IMG_20250805_203812_jpg.rf.41c07d004c67e427803ca860bc03612b.jpg,Custom Bangladeshi E-Waste Dataset,valid,6,Mobile,mobile_phone,640,640,polygon,0.3564453125,0.296568628125,0.595703125,0.74142156875,0.10331396961346796,IMG_20250805_203812
BE00267,IMG_20250805_203847_jpg.rf.0b7b578193561a5e7b7297568d1862c0.jpg,Custom Bangladeshi E-Waste Dataset,valid,6,Mobile,mobile_phone,640,640,bbox,0.318359375,0.40078125000000003,0.639453125,0.60546875,0.065723876953125,IMG_20250805_203847
BE00268,IMG_20250805_203851_jpg.rf.30549cb0368d0ebf082a10e12534ea69.jpg,Custom Bangladeshi E-Waste Dataset,valid,6,Mobile,mobile_phone,640,640,bbox,0.259765625,0.44882812499999997,0.683984375,0.6964843749999999,0.1050604248046875,IMG_20250805_203851
BE00269,IMG_20250805_203852_jpg.rf.14242e22d41ed3ca487f99b193502f87.jpg,Custom Bangladeshi E-Waste Dataset,valid,6,Mobile,mobile_phone,640,640,polygon,0.242647059375,0.458984375,0.6838235296875,0.7259114578125,0.10866651316788617,IMG_20250805_203852
BE00270,IMG_20250805_203947_jpg.rf.d549f89d842b21852845f82bff9abb09.jpg,Custom Bangladeshi E-Waste Dataset,valid,6,Mobile,mobile_phone,640,640,bbox,0.20546875,0.507421875,0.48359375000000004,0.597265625,0.024987792968750002,IMG_20250805_203947
BE00271,IMG_20250805_203948_jpg.rf.dbcb8f50ff9c3d8ab30e1018b3995fa7.jpg,Custom Bangladeshi E-Waste Dataset,valid,6,Mobile,mobile_phone,640,640,polygon,0.6966145828125,0.313725490625,0.8740234375,0.5416666671875,0.03702300843187721,IMG_20250805_203948
BE00272,IMG_20250805_203949_jpg.rf.c78fa0f75f1aea8e269f90a2c79abeaa.jpg,Custom Bangladeshi E-Waste Dataset,valid,6,Mobile,mobile_phone,640,640,bbox,0.702734375,0.31875,0.875390625,0.546875,0.03938720703125,IMG_20250805_203949
BE00273,IMG_20250819_235838_jpg.rf.888e800191101bc3b7bdfffcb0475470.jpg,Custom Bangladeshi E-Waste Dataset,valid,9,PCB,pcb,640,640,bbox,0.12343749999999998,0.11054687499999999,0.7875,0.8675781250000001,0.502716064453125,IMG_20250819_235838
BE00274,IMG_20250819_235842_1_jpg.rf.1fd64912fd4148466df103ed4f110adc.jpg,Custom Bangladeshi E-Waste Dataset,valid,9,PCB,pcb,640,640,polygon,0.08463541718749999,0.044117646875,0.9996744796874999,0.91176470625,0.5128716364280751,IMG_20250819_235842_1
BE00275,IMG_20250819_235842_jpg.rf.a43af71c02ae1c645d1b315ad9980e9d.jpg,Custom Bangladeshi E-Waste Dataset,valid,9,PCB,pcb,640,640,polygon,0.06184895781250001,0.0514705875,0.9996744796874999,0.8848039218749999,0.5085860122034908,IMG_20250819_235842
BE00276,IMG_20250819_235843_jpg.rf.d882244b4742ce69e89e0f0c43b81ec7.jpg,Custom Bangladeshi E-Waste Dataset,valid,9,PCB,pcb,640,640,polygon,0.107421875,0.0514705875,0.9996744796874999,0.8921568625,0.5006143406366137,IMG_20250819_235843
BE00277,IMG_20250819_235853_1_jpg.rf.ae6094b2a084ddac00441c8cf74ac624.jpg,Custom Bangladeshi E-Waste Dataset,valid,9,PCB,pcb,640,640,polygon,0.087890625,0.1666666671875,0.8821614578125001,0.8431372546875,0.2656345736712886,IMG_20250819_235853_1
BE00278,IMG_20250819_235854_1_jpg.rf.c972ca1131e9d19f42d96feac39ee3ea.jpg,Custom Bangladeshi E-Waste Dataset,valid,9,PCB,pcb,640,640,polygon,0.068359375,0.171568628125,0.8951822921874999,0.875,0.2864982254082973,IMG_20250819_235854_1
BE00279,IMG_20250819_235855_jpg.rf.ec4e49eb3acae9ad6cf5993ae2a773e8.jpg,Custom Bangladeshi E-Waste Dataset,valid,9,PCB,pcb,640,640,polygon,0.087890625,0.1740196078125,0.8919270828125001,0.8578431375,0.27237636564434775,IMG_20250819_235855
BE00280,IMG_20250819_235901_1_jpg.rf.9ea5d881b87f497f931cf97313b89250.jpg,Custom Bangladeshi E-Waste Dataset,valid,9,PCB,pcb,640,640,bbox,0.07187500000000002,0.2671875,0.8921875,0.6375,0.30377197265625,IMG_20250819_235901_1
BE00281,IMG_20250819_235902_jpg.rf.c861cb0db3eb318ae1c784dbfe49f3fb.jpg,Custom Bangladeshi E-Waste Dataset,valid,9,PCB,pcb,640,640,bbox,0.08124999999999999,0.26875,0.909375,0.6203125,0.2911376953125,IMG_20250819_235902
BE00282,IMG_20250819_235905_jpg.rf.c4980a6578a9c42efa135812534e86e8.jpg,Custom Bangladeshi E-Waste Dataset,valid,9,PCB,pcb,640,640,polygon,0.06184895781250001,0.14460784375,0.8919270828125001,0.8676470593750001,0.3084868388548708,IMG_20250819_235905
BE00283,IMG_20250819_235908_1_jpg.rf.95f926adcf3efa512b4651b72a29d006.jpg,Custom Bangladeshi E-Waste Dataset,valid,9,PCB,pcb,640,640,polygon,0.0358072921875,0.14215686249999998,0.9505208328125001,0.9044117640625,0.3612842427850661,IMG_20250819_235908_1
BE00284,IMG_20250819_235908_jpg.rf.89fdef3b3a973def9c379873513bb364.jpg,Custom Bangladeshi E-Waste Dataset,valid,9,PCB,pcb,640,640,polygon,0.0325520828125,0.1495098046875,0.9440104171874999,0.909313725,0.36151162896317623,IMG_20250819_235908
BE00285,IMG_20250819_235926_1_jpg.rf.7f3f4609c5055b0420445f0b330dbb3f.jpg,Custom Bangladeshi E-Waste Dataset,valid,9,PCB,pcb,640,640,bbox,0.10429687500000001,0.35546875,0.833203125,0.67890625,0.235755615234375,IMG_20250819_235926_1
BE00286,IMG_20250819_235927_jpg.rf.92ca28607d3583cbb4e47ac76d4d4979.jpg,Custom Bangladeshi E-Waste Dataset,valid,9,PCB,pcb,640,640,bbox,0.10429687499999996,0.3625,0.830078125,0.6765625,0.22794067382812502,IMG_20250819_235927
BE00287,IMG_20250819_235930_jpg.rf.d83c7b6eba6e84b684277de0e5deeeb4.jpg,Custom Bangladeshi E-Waste Dataset,valid,9,PCB,pcb,640,640,polygon,0.029296875,0.20833333281250002,0.9993489578125001,0.8602941171875,0.32710056694691986,IMG_20250819_235930
BE00288,IMG_20250819_235934_jpg.rf.2917ec33822c0e587ad4e50feba3a906.jpg,Custom Bangladeshi E-Waste Dataset,valid,9,PCB,pcb,640,640,polygon,0.05208333281250001,0.23774509843749997,0.9928385421874999,0.830882353125,0.29150470406462226,IMG_20250819_235934
BE00289,IMG_20250819_235939_jpg.rf.4a0359ba6a87efcdba7c3845a45e73cb.jpg,Custom Bangladeshi E-Waste Dataset,valid,9,PCB,pcb,640,640,polygon,0.0,0.12745097968750002,0.9996744796874999,0.909313725,0.5113605187509074,IMG_20250819_235939
BE00290,IMG_20250819_235953_jpg.rf.9187dfa4123f92bf96f0e4822508c0c8.jpg,Custom Bangladeshi E-Waste Dataset,valid,9,PCB,pcb,640,640,polygon,0.05208333281250001,0.0857843140625,0.9342447921874999,0.8431372546875,0.32412460425656375,IMG_20250819_235953
BE00291,IMG_20250820_000034_1_jpg.rf.97e381996a582bf25eccffc8a22ae7d6.jpg,Custom Bangladeshi E-Waste Dataset,valid,9,PCB,pcb,640,640,polygon,0.3059895828125,0.20833333281250002,0.7845052078125,0.58823529375,0.11100021080376118,IMG_20250820_000034_1
BE00292,IMG_20250820_000034_jpg.rf.970f72d7de714e380e2f8b49bce4b22a.jpg,Custom Bangladeshi E-Waste Dataset,valid,9,PCB,pcb,640,640,polygon,0.29296875,0.1985294125,0.80078125,0.580882353125,0.11774200219770445,IMG_20250820_000034
BE00293,IMG_20250820_000036_jpg.rf.29e8716903573c7a561d3ffa46d798ea.jpg,Custom Bangladeshi E-Waste Dataset,valid,9,PCB,pcb,640,640,polygon,0.341796875,0.25,0.80078125,0.6176470593750001,0.10245528892238843,IMG_20250820_000036
BE00294,IMG_20250820_000100_jpg.rf.51dd1976b3d96637fa3ddfa23a9f1532.jpg,Custom Bangladeshi E-Waste Dataset,valid,9,PCB,pcb,640,640,bbox,0.10703124999999997,0.313671875,0.80390625,0.5738281249999999,0.18129638671874998,IMG_20250820_000100
BE00295,IMG_20250820_000135_jpg.rf.c544cb7ae163fca94462a5366dfbeb75.jpg,Custom Bangladeshi E-Waste Dataset,valid,9,PCB,pcb,640,640,polygon,0.05533854218749999,0.10539215625000001,0.9342447921874999,0.8995098046875001,0.33982220907365385,IMG_20250820_000135
BE00296,IMG_20250820_000156_jpg.rf.c869c224644d0a8d0fa0126eda24dda9.jpg,Custom Bangladeshi E-Waste Dataset,valid,9,PCB,pcb,640,640,bbox,0.107421875,0.30898437500000003,0.680078125,0.5222656250000001,0.1221368408203125,IMG_20250820_000156
BE00297,IMG_20250820_000200_jpg.rf.c7a263db062da89abf39061e96a7de27.jpg,Custom Bangladeshi E-Waste Dataset,valid,9,PCB,pcb,640,640,bbox,0.05234375000000002,0.29453124999999997,0.64453125,0.5148437499999999,0.13046630859375,IMG_20250820_000200
BE00298,IMG_20250820_000210_1_jpg.rf.ff97d480f7938169ebf6b45ece2bf008.jpg,Custom Bangladeshi E-Waste Dataset,valid,9,PCB,pcb,640,640,bbox,0.06523437500000001,0.31367187500000004,0.6253906250000001,0.531640625,0.1220965576171875,IMG_20250820_000210_1
BE00299,IMG_20250820_000214_jpg.rf.13a2967d666c5c11a5792b726b7c135a.jpg,Custom Bangladeshi E-Waste Dataset,valid,9,PCB,pcb,640,640,polygon,0.244140625,0.4754901953125,0.9996744796874999,0.9997549015624999,0.2702058281678452,IMG_20250820_000214
BE00300,IMG_20250803_220025_jpg.rf.0c5fa936f319339057069716325911b2.jpg,Custom Bangladeshi E-Waste Dataset,test,6,Mobile,mobile_phone,640,640,polygon,0.3776041671875,0.3639971359375,0.595703125,0.634803921875,0.054080736815112065,IMG_20250803_220025
BE00301,IMG_20250803_220034_jpg.rf.ff0c9e529ddd3dfcdb4934dc21b66ca1.jpg,Custom Bangladeshi E-Waste Dataset,test,6,Mobile,mobile_phone,640,640,polygon,0.21158854218749998,0.09068627500000001,0.7747395828125,0.6225490203125,0.19810096860608867,IMG_20250803_220034
BE00302,IMG_20250803_220038_jpg.rf.7649ac00470edad7f06ef522f2ffa0ae.jpg,Custom Bangladeshi E-Waste Dataset,test,6,Mobile,mobile_phone,640,640,polygon,0.2750651046875,0.1306372546875,0.7630208328125,0.6264705875,0.16890426328391578,IMG_20250803_220038
BE00303,IMG_20250803_220045_jpg.rf.337135edaed79d430b95b610ec32c0db.jpg,Custom Bangladeshi E-Waste Dataset,test,6,Mobile,mobile_phone,640,640,bbox,0.35859375,0.337109375,0.63984375,0.709765625,0.1048095703125,IMG_20250803_220045
BE00304,IMG_20250803_220050_jpg.rf.440e59bfd126dbb87848a17d6ef10ad8.jpg,Custom Bangladeshi E-Waste Dataset,test,6,Mobile,mobile_phone,640,640,polygon,0.1236979171875,0.2450980390625,0.7112630203125,0.6740196078125,0.1154132915683073,IMG_20250803_220050
BE00305,IMG_20250803_220051_jpg.rf.39ebee3d80d991a2fd3bd1e036ae9b05.jpg,Custom Bangladeshi E-Waste Dataset,test,6,Mobile,mobile_phone,640,640,polygon,0.1529947921875,0.2549019609375,0.751953125,0.67892156875,0.1173311120188994,IMG_20250803_220051
BE00306,IMG_20250803_220138_jpg.rf.c32f7dc03280433f7176d3be9f2d22a3.jpg,Custom Bangladeshi E-Waste Dataset,test,6,Mobile,mobile_phone,640,640,bbox,0.32265625,0.264453125,0.63828125,0.705859375,0.13931884765625,IMG_20250803_220138
BE00307,IMG_20250803_220141_jpg.rf.addfdb758aea6542ed458ec7e715f306.jpg,Custom Bangladeshi E-Waste Dataset,test,6,Mobile,mobile_phone,640,640,polygon,0.205078125,0.23284313750000002,0.6380208328125,0.7279411765625,0.15298681297379035,IMG_20250803_220141
BE00308,IMG_20250803_220146_jpg.rf.c669407739cff140d229870182988583.jpg,Custom Bangladeshi E-Waste Dataset,test,6,Mobile,mobile_phone,640,640,bbox,0.13359375,0.2671875,0.40703125,0.6375,0.10125732421875,IMG_20250803_220146
BE00309,IMG_20250803_220228_jpg.rf.8e94e7ce7153325b8e181e6a1d331ef0.jpg,Custom Bangladeshi E-Waste Dataset,test,6,Mobile,mobile_phone,640,640,polygon,0.341796875,0.27573529375,0.5647786453125,0.6311274515624999,0.07740494470242265,IMG_20250803_220228
BE00310,IMG_20250803_220244_jpg.rf.25e694fad0069d6b3720bcfeff342f09.jpg,Custom Bangladeshi E-Waste Dataset,test,6,Mobile,mobile_phone,640,640,polygon,0.4020182296875,0.2892156859375,0.5989583328125,0.6017156859375,0.059448441420890466,IMG_20250803_220244
BE00311,IMG_20250803_220254_jpg.rf.11410f220a6391f2c4b55aa7acabf966.jpg,Custom Bangladeshi E-Waste Dataset,test,6,Mobile,mobile_phone,640,640,polygon,0.0358072921875,0.0857843140625,0.6966145828125,0.740196078125,0.31834421517934364,IMG_20250803_220254
BE00312,IMG_20250803_220256_jpg.rf.3b9f89aa439c4e4d73ed04ed18e16668.jpg,Custom Bangladeshi E-Waste Dataset,test,6,Mobile,mobile_phone,640,640,polygon,0.05208333281250001,0.0857843140625,0.703125,0.715686275,0.30233545282180885,IMG_20250803_220256
BE00313,IMG_20250803_220257_jpg.rf.8553c912c825e21ed3ec17bc2f25ff9a.jpg,Custom Bangladeshi E-Waste Dataset,test,6,Mobile,mobile_phone,640,640,polygon,0.048828125,0.080882353125,0.7259114578125,0.71323529375,0.31778173479888516,IMG_20250803_220257
BE00314,IMG_20250803_220351_jpg.rf.450e818f2d954bda365821a90b9c2a70.jpg,Custom Bangladeshi E-Waste Dataset,test,6,Mobile,mobile_phone,640,640,bbox,0.55703125,0.29414062500000004,0.75234375,0.598046875,0.059356689453125,IMG_20250803_220351
BE00315,IMG_20250805_203323_jpg.rf.a182df57cbdc73a0a473a3e488e1725f.jpg,Custom Bangladeshi E-Waste Dataset,test,6,Mobile,mobile_phone,640,640,polygon,0.400390625,0.5,0.7942708328125,0.7794117640625,0.052530126448557785,IMG_20250805_203323
BE00316,IMG_20250805_203327_1_jpg.rf.fa4eadf62370e6bdea8c64d3f20085bf.jpg,Custom Bangladeshi E-Waste Dataset,test,6,Mobile,mobile_phone,640,640,polygon,0.09602864531250001,0.43504902031250003,0.4150390625,0.6911764703125,0.03801433078289653,IMG_20250805_203327_1
BE00317,IMG_20250805_203331_jpg.rf.057cab3983811f47856a15c6f0a2449f.jpg,Custom Bangladeshi E-Waste Dataset,test,6,Mobile,mobile_phone,640,640,polygon,0.0179036453125,0.427696078125,0.5615234375,0.7328431375,0.0901585001226986,IMG_20250805_203331
BE00318,IMG_20250805_203332_jpg.rf.d41ae9b5b36b9d521c1ca424ad79c0e8.jpg,Custom Bangladeshi E-Waste Dataset,test,6,Mobile,mobile_phone,640,640,polygon,0.0,0.4546568625,0.5029296875,0.7610294125,0.08929981916529336,IMG_20250805_203332
BE00319,IMG_20250805_203336_jpg.rf.ab9901e1027c275718c876cd3fd594e8.jpg,Custom Bangladeshi E-Waste Dataset,test,6,Mobile,mobile_phone,640,640,polygon,0.5110677078125,0.23529411718749998,0.986328125,0.6029411765625,0.09036394526766105,IMG_20250805_203336
BE00320,IMG_20250805_203338_1_jpg.rf.bf2025683e05750526dc29fc829b8ac5.jpg,Custom Bangladeshi E-Waste Dataset,test,6,Mobile,mobile_phone,640,640,polygon,0.5501302078125,0.2181372546875,0.9996744796874999,0.5857843140625,0.0858788588145985,IMG_20250805_203338_1
BE00321,IMG_20250805_203629_jpg.rf.d89fd0de6e89404602d2a25bdad904e4.jpg,Custom Bangladeshi E-Waste Dataset,test,9,PCB,pcb,640,640,polygon,0.5143229171875,0.4754901953125,0.61957454375,0.687091421875,0.014312894830624742,IMG_20250805_203629
BE00322,IMG_20250805_203635_jpg.rf.4b7ff9b6be85b3adf4c377982527e6c0.jpg,Custom Bangladeshi E-Waste Dataset,test,9,PCB,pcb,640,640,polygon,0.4947916671875,0.4620098046875,0.6087239578125,0.6740196078125,0.01619725429936829,IMG_20250805_203635
BE00323,IMG_20250805_203659_jpg.rf.edbe8e689ffc0dc1021c447051c64419.jpg,Custom Bangladeshi E-Waste Dataset,test,9,PCB,pcb,640,640,polygon,0.32475490156250003,0.5436197921875,0.609068628125,0.7210286453125,0.02364513916269939,IMG_20250805_203659
BE00324,IMG_20250805_203700_jpg.rf.15590bc0a0da9b4cf5f44df567594169.jpg,Custom Bangladeshi E-Waste Dataset,test,9,PCB,pcb,640,640,polygon,0.3443627453125,0.3173828125,0.6384803921875,0.5126953125,0.028420242635360353,IMG_20250805_203700
BE00325,IMG_20250805_203805_jpg.rf.ecf4905797f5b1dbc5887402d335664a.jpg,Custom Bangladeshi E-Waste Dataset,test,6,Mobile,mobile_phone,640,640,bbox,0.396875,0.33085937499999996,0.5953125,0.651953125,0.063717041015625,IMG_20250805_203805
BE00326,IMG_20250805_203845_jpg.rf.8c15db31b863733a22036fd715b6cc3a.jpg,Custom Bangladeshi E-Waste Dataset,test,6,Mobile,mobile_phone,640,640,bbox,0.33203125,0.42812500000000003,0.65546875,0.6218750000000001,0.062666015625,IMG_20250805_203845
BE00327,IMG_20250805_203855_jpg.rf.b93267bbbb8a18ecabe79a8491630cce.jpg,Custom Bangladeshi E-Waste Dataset,test,6,Mobile,mobile_phone,640,640,bbox,0.341796875,0.23281249999999998,0.592578125,0.6546875,0.10579833984375,IMG_20250805_203855
BE00328,IMG_20250805_203918_jpg.rf.0320c79bd3505204e3c7b6d35a1d716a.jpg,Custom Bangladeshi E-Waste Dataset,test,6,Mobile,mobile_phone,640,640,bbox,0.37734375,0.288671875,0.61171875,0.691015625,0.09429931640625,IMG_20250805_203918
BE00329,IMG_20250805_203950_jpg.rf.e20c8cf0ae6b59ee38b2a9c2dadbe0eb.jpg,Custom Bangladeshi E-Waste Dataset,test,6,Mobile,mobile_phone,640,640,bbox,0.559765625,0.29296875,0.696484375,0.51953125,0.030975341796875,IMG_20250805_203950
BE00330,IMG_20250819_235825_jpg.rf.7aa576f7cb02471e8994444cf27fa28c.jpg,Custom Bangladeshi E-Waste Dataset,test,9,PCB,pcb,640,640,bbox,0.17421875000000003,0.377734375,0.75859375,0.6410156250000001,0.15385498046875,IMG_20250819_235825
BE00331,IMG_20250819_235826_1_jpg.rf.c4b68d324e66f8a22b052b5fc9caf77e.jpg,Custom Bangladeshi E-Waste Dataset,test,9,PCB,pcb,640,640,polygon,0.17578125,0.367647059375,0.7747395828125,0.6384803921875,0.1548597547181871,IMG_20250819_235826_1
BE00332,IMG_20250819_235834_jpg.rf.ca82a7a2b1613934ff84e4f2b604624f.jpg,Custom Bangladeshi E-Waste Dataset,test,9,PCB,pcb,640,640,bbox,0.05195312499999999,0.28671875,0.9371093749999999,0.70859375,0.37342529296875,IMG_20250819_235834
BE00333,IMG_20250819_235854_jpg.rf.1301ce39100af13ea5388ee514c5ae8d.jpg,Custom Bangladeshi E-Waste Dataset,test,9,PCB,pcb,640,640,polygon,0.087890625,0.1740196078125,0.8854166671874999,0.8504901953124999,0.2677568420474382,IMG_20250819_235854
BE00334,IMG_20250819_235855_1_jpg.rf.f04c1306dc16b1f9b9278111b7d62f68.jpg,Custom Bangladeshi E-Waste Dataset,test,9,PCB,pcb,640,640,polygon,0.08463541718749999,0.171568628125,0.8756510421874999,0.8529411765624999,0.26378357325046503,IMG_20250819_235855_1
BE00335,IMG_20250819_235901_jpg.rf.dd11536cef119c9a8d77c4ca35e81b59.jpg,Custom Bangladeshi E-Waste Dataset,test,9,PCB,pcb,640,640,bbox,0.04843750000000002,0.266796875,0.9046875,0.639453125,0.3190869140625,IMG_20250819_235901
BE00336,IMG_20250819_235906_jpg.rf.acb4f57e3be6dbfcdf1c0345f05e42cc.jpg,Custom Bangladeshi E-Waste Dataset,test,9,PCB,pcb,640,640,polygon,0.05859375,0.171568628125,0.927734375,0.8676470593750001,0.30584996082385696,IMG_20250819_235906
BE00337,IMG_20250819_235909_jpg.rf.7b6756f0b84eca2fee8652178b358cad.jpg,Custom Bangladeshi E-Waste Dataset,test,9,PCB,pcb,640,640,polygon,0.05208333281250001,0.151960784375,0.9309895828125001,0.9166666671874999,0.3522885393052444,IMG_20250819_235909
BE00338,IMG_20250819_235928_1_jpg.rf.bdf2ed5c451e3f0f6f66c14a405fdcf4.jpg,Custom Bangladeshi E-Waste Dataset,test,9,PCB,pcb,640,640,bbox,0.10078124999999999,0.333203125,0.84296875,0.6714843749999999,0.251068115234375,IMG_20250819_235928_1
BE00339,IMG_20250819_235946_1_jpg.rf.8062c6fe42dc08b615e1b1d3fd24ee49.jpg,Custom Bangladeshi E-Waste Dataset,test,9,PCB,pcb,640,640,bbox,0.28984374999999996,0.201171875,0.75859375,0.801953125,0.2816162109375,IMG_20250819_235946_1
BE00340,IMG_20250819_235946_jpg.rf.81cad422467acab353a93f9d628214c0.jpg,Custom Bangladeshi E-Waste Dataset,test,9,PCB,pcb,640,640,bbox,0.29453124999999997,0.1953125,0.75703125,0.790625,0.27533203125,IMG_20250819_235946
BE00341,IMG_20250819_235956_1_jpg.rf.13c8f40791f750605aa42a1d3e903da9.jpg,Custom Bangladeshi E-Waste Dataset,test,9,PCB,pcb,640,640,polygon,0.0227864578125,0.169117646875,0.99609375,0.8455882359375,0.31712750252321537,IMG_20250819_235956_1
BE00342,IMG_20250819_235956_jpg.rf.bca754d8c8474f5b1a13d84dbba205dc.jpg,Custom Bangladeshi E-Waste Dataset,test,9,PCB,pcb,640,640,polygon,0.05533854218749999,0.15441176406249998,0.9996744796874999,0.8627450984375,0.3303158834086947,IMG_20250819_235956
BE00343,IMG_20250820_000033_jpg.rf.adc972c64f812ec16fb7b709cd8f8d48.jpg,Custom Bangladeshi E-Waste Dataset,test,9,PCB,pcb,640,640,polygon,0.2701822921875,0.188725490625,0.7877604171875,0.5833333328125,0.12183095868069518,IMG_20250820_000033
BE00344,IMG_20250820_000035_jpg.rf.3407d126afc41a5158e1ab67a1306b90.jpg,Custom Bangladeshi E-Waste Dataset,test,9,PCB,pcb,640,640,polygon,0.3385416671875,0.2279411765625,0.7975260421875,0.598039215625,0.10641260093618157,IMG_20250820_000035
BE00345,IMG_20250820_000047_jpg.rf.c2f82c69a566742b8d1f5b87fd1b9984.jpg,Custom Bangladeshi E-Waste Dataset,test,9,PCB,pcb,640,640,bbox,0.24765625,0.30117187500000003,0.68046875,0.600390625,0.12950561523437498,IMG_20250820_000047
BE00346,IMG_20250820_000050_jpg.rf.d5926835c69464775534ba88b4e245de.jpg,Custom Bangladeshi E-Waste Dataset,test,9,PCB,pcb,640,640,bbox,0.276953125,0.26210937500000003,0.693359375,0.561328125,0.12459655761718748,IMG_20250820_000050
BE00347,IMG_20250820_000054_jpg.rf.61ea31788c45e13dcb66eea5b0503579.jpg,Custom Bangladeshi E-Waste Dataset,test,9,PCB,pcb,640,640,bbox,0.11054687499999999,0.29374999999999996,0.866015625,0.578125,0.21483642578125,IMG_20250820_000054
BE00348,IMG_20250820_000059_1_jpg.rf.0a4cc07d817a5083c6dc09505c31b33e.jpg,Custom Bangladeshi E-Waste Dataset,test,9,PCB,pcb,640,640,bbox,0.12343750000000003,0.32890624999999996,0.8234375,0.58359375,0.17828125,IMG_20250820_000059_1
BE00349,IMG_20250820_000101_jpg.rf.4f68106af83c526406d31efab9a05adc.jpg,Custom Bangladeshi E-Waste Dataset,test,9,PCB,pcb,640,640,bbox,0.126953125,0.30546875,0.807421875,0.54921875,0.1658642578125,IMG_20250820_000101
BE00350,IMG_20250820_000134_1_jpg.rf.9d5420526a6c553ff0faa51084546ee3.jpg,Custom Bangladeshi E-Waste Dataset,test,9,PCB,pcb,640,640,polygon,0.078125,0.12254902031249999,0.9309895828125001,0.901960784375,0.3199438950505276,IMG_20250820_000134_1
BE00351,IMG_20250820_000134_jpg.rf.25b23ebf880b183086a384e7c3046fe8.jpg,Custom Bangladeshi E-Waste Dataset,test,9,PCB,pcb,640,640,polygon,0.087890625,0.12254902031249999,0.9537760421874999,0.91176470625,0.32756331727005694,IMG_20250820_000134
BE00352,IMG_20250820_000155_1_jpg.rf.0cc062953a4fabb2963a72c41cc6ff8e.jpg,Custom Bangladeshi E-Waste Dataset,test,9,PCB,pcb,640,640,bbox,0.08828124999999998,0.303515625,0.67421875,0.533984375,0.135040283203125,IMG_20250820_000155_1
BE00353,IMG_20250820_000158_jpg.rf.21193b8da65fcf0f38601cc8bd4f1b47.jpg,Custom Bangladeshi E-Waste Dataset,test,9,PCB,pcb,640,640,bbox,0.07851562500000003,0.32109375,0.651171875,0.54140625,0.126163330078125,IMG_20250820_000158
BE00354,IMG_20250820_000208_jpg.rf.8ef14c59eeed172b81cad649377fa976.jpg,Custom Bangladeshi E-Waste Dataset,test,9,PCB,pcb,640,640,bbox,0.04531250000000003,0.32109375,0.5984375,0.52421875,0.112353515625,IMG_20250820_000208
BE00355,IMG_20250820_000210_jpg.rf.c7731efde23ccbb6f20b0c3b033dc383.jpg,Custom Bangladeshi E-Waste Dataset,test,9,PCB,pcb,640,640,bbox,0.06523437500000001,0.30859375,0.6285156249999999,0.52421875,0.12145751953125,IMG_20250820_000210
BE00356,IMG_20250820_000214_1_jpg.rf.a4009d99178ad043ce6e7f504a036d92.jpg,Custom Bangladeshi E-Waste Dataset,test,9,PCB,pcb,640,640,polygon,0.0,0.0220588234375,0.7877604171875,0.419117646875,0.1831892430366965,IMG_20250820_000214_1
