file_name,source_dataset,original_split,original_label,esafe_label,object_count,largest_bbox_ratio,duplicate_group,selection_status
-_20230808173632_1_jpg.rf.accf9ac70ca142e38de5159ea98b9b6e.jpg,Cables Roboflow v1,train,wires,cable_plug,1,0.928125,,REVIEW
-_20230808173635_1_jpg.rf.6dd01c0c7c4de72754188a893c998e41.jpg,Cables Roboflow v1,train,wires,cable_plug,1,0.7765625,,REVIEW
-_20230808173636_jpg.rf.bc9914320d3cd446b68fe07d0edf6e17.jpg,Cables Roboflow v1,train,wires,cable_plug,1,0.859951171875,,REVIEW
-_20230808173637_1_jpg.rf.ea650df5330861db63b4df07451ee6fc.jpg,Cables Roboflow v1,train,wires,cable_plug,1,0.80390625,,REVIEW
-_20230808173637_jpg.rf.4724f281f7c69e8d8d38b1b7de7841aa.jpg,Cables Roboflow v1,train,wires,cable_plug,1,0.92890625,,REVIEW
-_20230808173640_2_jpg.rf.bb0e8c8cb5a0dba2ea7a77881e830089.jpg,Cables Roboflow v1,train,wires,cable_plug,1,0.6816705322265625,,REVIEW
-_20230808175717_jpg.rf.8d22a15b31730d652ab2d394ab2f95cc.jpg,Cables Roboflow v1,train,wires,cable_plug,1,0.613394775390625,,REVIEW
-_20230808175720_jpg.rf.6bb6612b07bf066fb46dd956b01f7865.jpg,Cables Roboflow v1,train,wires,cable_plug,1,0.5775317382812499,,REVIEW
-_20230808175743_jpg.rf.934ad69025ec6ff7ef4de2be5f6561af.jpg,Cables Roboflow v1,train,wires,cable_plug,1,0.41354736328124997,,REVIEW
-_57_jpg.rf.e85c72a44c02ba6dbb2d6463e2851b7b.jpg,Cables Roboflow v1,train,Cords,cable_plug,1,0.778612060546875,,REVIEW
0027c78a8dd75d6d02ddbdfacc73861b_jpg.rf.3067f202849b0aa88cd55b57bbd6da64.jpg,Cables Roboflow v1,train,Charging-cable,cable_plug,1,0.7158355712890625,,REVIEW
030d227a36ea978c81e66a65b45c5cf6_jpeg.rf.b0b1339ff6899d50a6714e938b1eb634.jpg,Cables Roboflow v1,train,Charging-cable,cable_plug,1,0.6900048828125,,REVIEW
031034eb212f19d76c273fae976a8597_jpeg.rf.5424a7c81f890234d4f58050e173fbe0.jpg,Cables Roboflow v1,train,Charging-cable,cable_plug,1,0.44334960937499995,,REVIEW
06dad554afb405c6bba973ce3cc2da66_jpeg.rf.404f9e1eb87223c642e59b36be9f434a.jpg,Cables Roboflow v1,train,Charging-cable,cable_plug,2,0.27933349609375,,REVIEW
09ad294669bafe67e82bad3a97adf08d_jpg.rf.411e87ad325c4e67a6acfad6ce91216d.jpg,Cables Roboflow v1,train,Charging-cable,cable_plug,1,0.3700299072265625,,REVIEW
0aa2cb897e396121736326be0a0ef649_jpeg.rf.df27a635f80d97cb0730fba934f509d8.jpg,Cables Roboflow v1,train,Charging-cable,cable_plug,1,0.7077441406249999,,REVIEW
0ab0614400a279b56b288f595e4f7fe8_jpg.rf.0c8bfa14a04389c08795b5a0c14950ba.jpg,Cables Roboflow v1,train,Charging-cable,cable_plug,1,0.8135180664062499,,REVIEW
0aeb54d081a9472b9c709ce609cd4b6b_jpg.rf.2df5e5bd8207ac25dd3801182a59b7e1.jpg,Cables Roboflow v1,train,Charging-cable,cable_plug,1,0.7330535888671875,,REVIEW
0c0f82fdead65c16b9da12c10dab4ba7_jpg.rf.b6a080f30bb6bad43ce94a3ca561fb8b.jpg,Cables Roboflow v1,train,Cords,cable_plug,1,0.725859375,,REVIEW
0c569b3746b0d44c0c8c89ca4207caf9_jpg.rf.5f28e66818a412549dfdd68a0ee5afc0.jpg,Cables Roboflow v1,train,Charging-cable,cable_plug,1,0.4112994384765625,,REVIEW
0dd16535abf6e7c4290238932b9dbfe5_jpeg.rf.15e0cad4eaef5a5d218f25ce66fb359e.jpg,Cables Roboflow v1,train,Charging-cable,cable_plug,1,0.5899475097656249,,REVIEW
0e844e3914ebdf1df31d10623c161ff0_jpg.rf.728425cc34363f0b25a19eca90cf87a4.jpg,Cables Roboflow v1,train,Charging-cable,cable_plug,2,0.40642028808593755,,REVIEW
0f024417cf0d8c4fe8da3c16591e1d22_jpeg.rf.58c49529f17ab9fa123b4bc3961171ca.jpg,Cables Roboflow v1,train,Charging-cable,cable_plug,1,0.3780364990234375,,REVIEW
0fde184c7411b1df54dd7bee6471d697_jpg.rf.dd0276aa98d40f4d177e47b08375f985.jpg,Cables Roboflow v1,train,Charging-cable,cable_plug,1,0.614100341796875,,REVIEW
0ffd4aceca8a053c0d61ddcc4091c73d_jpg.rf.2e1641a7166acd041c7e6ae5801bc4d0.jpg,Cables Roboflow v1,train,Charging-cable,cable_plug,1,0.2558135986328125,DUP01,REVIEW
10215_3472_045_jpg.rf.f047228809668966094d0a39bc971420.jpg,Cables Roboflow v1,train,wires,cable_plug,1,0.7913665771484375,,REVIEW
10c4896f4334cc40bed75189b8285ed5_jpg.rf.b09c30edf453fff162c10d40fbf7f9a0.jpg,Cables Roboflow v1,train,Charging-cable,cable_plug,1,0.52416015625,,REVIEW
11_png.rf.4d296c4981cb8df0b3dcee943961b646.jpg,Cables Roboflow v1,train,wires,cable_plug,1,0.7649340820312499,,REVIEW
120f3bb665946116cde9154708ba3cfc_jpg.rf.e87d3c853ea86fc36f7e051e0f3db1ae.jpg,Cables Roboflow v1,train,Charging-cable,cable_plug,1,0.22711975097656248,,REVIEW
12_png.rf.5420b2308e60091173504a52238a88d0.jpg,Cables Roboflow v1,train,wires,cable_plug,1,0.7393579101562501,,REVIEW
15_png.rf.b9506caab1182fc2c54594cb2a4c5b4a.jpg,Cables Roboflow v1,train,wires,cable_plug,1,0.7512011718749999,,REVIEW
167b3f040072f10928e4ba8ebac83e0d_jpg.rf.bcd68806045545a0c72565be7694c90f.jpg,Cables Roboflow v1,train,Charging-cable,cable_plug,1,0.707607421875,,REVIEW
16_png.rf.70eb743f01b105d5d889838a98ac8a20.jpg,Cables Roboflow v1,train,wires,cable_plug,1,0.8764160156249999,,REVIEW
18_png.rf.d9724272e69dffb14848f6251bce2002.jpg,Cables Roboflow v1,train,wires,cable_plug,1,0.8536376953125,,REVIEW
1902b68182b811fb186973dd20de4b92_jpg.rf.7d68867415224e015ed8634dc928e644.jpg,Cables Roboflow v1,train,Charging-cable,cable_plug,1,0.38519104003906246,,REVIEW
19308359ba7830597cffa9c6acb4cb88_jpg.rf.3ba7950c77d06ce895931ab2d73a6105.jpg,Cables Roboflow v1,train,Charging-cable,cable_plug,1,0.7566082763671875,,REVIEW
19_png.rf.3f45fbf910abb2ab0ad7a4f9b1b6fbda.jpg,Cables Roboflow v1,train,wires,cable_plug,1,0.7115216064453125,,REVIEW
1a316c2cc286bc99d346ca8a00aff642_jpg.rf.69fcaaa5dc3e646e66ae8502c46a2e29.jpg,Cables Roboflow v1,train,Charging-cable,cable_plug,1,0.5069476318359375,,REVIEW
1acf6712afcc1a740d6e5bacdf62dc69_jpg.rf.6097e9207881c8496d5f327194dce800.jpg,Cables Roboflow v1,train,Charging-cable,cable_plug,1,0.51699462890625,,REVIEW
1ae7d1d4a8a61464bb24b9f7b80ff275_jpg.rf.b933a91bca42443979c06f0ca0bd882d.jpg,Cables Roboflow v1,train,Charging-cable,cable_plug,1,0.40956298828125,,REVIEW
1b04f7fa4f193a3b1b712dc79227220c_jpg.rf.0b11a634aae47020248b5e7a21a79984.jpg,Cables Roboflow v1,train,Charging-cable,cable_plug,1,0.5682952880859374,,REVIEW
1c71da33ee42abab1a10c37687f350b2_jpg.rf.66e58d79b7340c8da662ae35910138ac.jpg,Cables Roboflow v1,train,Charging-cable,cable_plug,1,0.6767578125,,REVIEW
1cd046a033494982a593c04055330a99_jpg.rf.e253fef50aaa3e33650c389db294e1b6.jpg,Cables Roboflow v1,train,Charging-cable,cable_plug,1,0.3631933593750001,,REVIEW
1df89f5db5378c77db757f694251e828_jpg.rf.b4e2b65e7e4bba5819b5424fc0360eb1.jpg,Cables Roboflow v1,train,Charging-cable,cable_plug,1,0.45931640625000003,,REVIEW
1e28f902150d624e6d32cb177af4bc5e_jpg.rf.36779151d2537120c984949d998fa968.jpg,Cables Roboflow v1,train,Charging-cable,cable_plug,1,0.3629681396484375,,REVIEW
1_png.rf.cc50a4cf63c0bf8bfabd525e8d4ca3de.jpg,Cables Roboflow v1,train,wires,cable_plug,1,0.8495147705078125,,REVIEW
20220524162847_271_jpg.rf.cdf50d157580e25d5b5be743fd3c5f5a.jpg,Cables Roboflow v1,train,Cords,cable_plug,1,0.3128125,,REVIEW
20a570e7bcf746974bcefc0df7beb797_jpeg.rf.4cf32cd537893485f871daa333318bad.jpg,Cables Roboflow v1,train,Charging-cable,cable_plug,1,0.6684906005859376,,REVIEW
20_png.rf.1f1c9b704cdbf9bae60903e94d8f31ba.jpg,Cables Roboflow v1,train,wires,cable_plug,1,0.8705712890625,DUP02,REVIEW
215d0c1aa59a10224e25c77948b05dd8_jpg.rf.09eaccaba89c1533c444e903ec086742.jpg,Cables Roboflow v1,train,Charging-cable,cable_plug,1,0.26736328125000003,,REVIEW
21_jpg.rf.ade1a1a5e06e01ec21a285dfd4412194.jpg,Cables Roboflow v1,train,cable wire,cable_plug,1,0.096725518,,REVIEW
21_png.rf.492b8243ab751d28e7748570cf50b333.jpg,Cables Roboflow v1,train,wires,cable_plug,1,0.8559619140624999,,REVIEW
223376f97f0490b48c6cd5b2a522ac0f_jpg.rf.f9498d0dc5402de76773aa243171d37e.jpg,Cables Roboflow v1,train,Charging-cable,cable_plug,1,0.66892333984375,,REVIEW
228230e5482d3e65752afbf56897751f_jpg.rf.981929f17ad2b453dd68b162cc0a3059.jpg,Cables Roboflow v1,train,Charging-cable,cable_plug,1,0.5437158203125,,REVIEW
22_jpg.rf.0350532ac16636de222ca54017e53a15.jpg,Cables Roboflow v1,train,wires,cable_plug,1,0.6129309082031251,,REVIEW
22_jpg.rf.bb1a5c74ae7e0400517c4db513b60f57.jpg,Cables Roboflow v1,train,cable wire,cable_plug,1,0.0490137642,,REVIEW
22_png.rf.23bbb12e7010f44c9e50e72667f316d4.jpg,Cables Roboflow v1,train,wires,cable_plug,1,0.68875,,REVIEW
23_jpg.rf.d6914f96da329c62f55874a103c2e5fe.jpg,Cables Roboflow v1,train,cable wire,cable_plug,1,0.052728441200000004,,REVIEW
23_jpg.rf.db1c3e38fbd23f9fab60bf9b46e409f7.jpg,Cables Roboflow v1,train,wires,cable_plug,1,0.843392333984375,,REVIEW
23_png.rf.f4098ebed23652885e14891d6a5355c8.jpg,Cables Roboflow v1,train,wires,cable_plug,1,0.446796875,,REVIEW
24_png.rf.0e5a8274c16c391bac2a790ccf18b8d4.jpg,Cables Roboflow v1,train,wires,cable_plug,1,0.6875537109375001,,REVIEW
26366558c5e8f4aee731d0c6a0df6b70_jpeg.rf.5118b55093eeb570178bd1ae598a01ee.jpg,Cables Roboflow v1,train,Charging-cable,cable_plug,1,0.469306640625,,REVIEW
26a97e6ed1d8b220929e746e49256fe2_jpg.rf.cc2909299f7d1fba8593e8aee1df8b2d.jpg,Cables Roboflow v1,train,Charging-cable,cable_plug,1,0.26026123046875,,REVIEW
273fd4eff55347d0458d7a196bc3ccc1_jpeg.rf.9dd058c2e00323d0bbf3708cbc285150.jpg,Cables Roboflow v1,train,Charging-cable,cable_plug,1,0.55694580078125,,REVIEW
2996fc16399a6006311521341803d993_jpg.rf.5180b1506b28229594270d5ecb08a31a.jpg,Cables Roboflow v1,train,Charging-cable,cable_plug,1,0.5852618408203125,,REVIEW
29_png.rf.19a88027527e0109af6fcf53682a9c2c.jpg,Cables Roboflow v1,train,wires,cable_plug,1,0.69083740234375,,REVIEW
2c7abc79455a39aa0ae51890281d1ec5_png.rf.04384838df77a174e09038edf1d4c11c.jpg,Cables Roboflow v1,train,Charging-cable,cable_plug,1,0.38359863281250006,,REVIEW
2cbde06d7982bcea99466704af0aeabe_jpg.rf.f19f8004aa617e686d6ceebd24408b27.jpg,Cables Roboflow v1,train,Charging-cable,cable_plug,1,0.3680419921875,,REVIEW
302b0d456d2f226eadfb809058a20818_jpg.rf.559cba1866460749888c7f0071ecefe9.jpg,Cables Roboflow v1,train,Charging-cable,cable_plug,1,0.6698358154296875,,REVIEW
30_png.rf.db2d977faa8a556b988a320779fedc2e.jpg,Cables Roboflow v1,train,wires,cable_plug,1,0.8809582519531249,,REVIEW
3117b6d6720cf876b7fc271e017e3d14_jpg.rf.92cb44ab0396628748a38f0794820177.jpg,Cables Roboflow v1,train,Charging-cable,cable_plug,1,0.437281494140625,,REVIEW
316udO8E1KL__AC_UF350-350_QL80__jpg.rf.f523b0f620222b38ff2815e85ee467a1.jpg,Cables Roboflow v1,train,Cords,cable_plug,1,0.9620410156250001,,REVIEW
31_png.rf.da813e108e519237447d607956b8c53f.jpg,Cables Roboflow v1,train,wires,cable_plug,1,0.66059326171875,,REVIEW
32_jpg.rf.613917875f90e2a84286951c1936c8ce.jpg,Cables Roboflow v1,train,cable wire,cable_plug,1,0.13360682080000003,DUP03,REVIEW
32_jpg.rf.e82abef3e38b39ccfe90d55909e9b538.jpg,Cables Roboflow v1,train,cable wire,cable_plug,1,0.13633636200000002,DUP03,REVIEW
32_png.rf.7ed17829b451ee3863b6b1f4a51a2326.jpg,Cables Roboflow v1,train,wires,cable_plug,1,0.97823486328125,,REVIEW
348360231_137721992647754_2873432383437491315_n_jpg.rf.a0a868e3e2b3ed0e804ea859bca18cc4.jpg,Cables Roboflow v1,train,Cords,cable_plug,1,0.689044189453125,,REVIEW
34_png.rf.299ea92f2470a97150627f3d3e1c28cf.jpg,Cables Roboflow v1,train,wires,cable_plug,1,0.67806640625,,REVIEW
351724c2b3327d7292ec9de22a31effa_jpeg.rf.bd04d24e9594a6608bcad92e46e6e600.jpg,Cables Roboflow v1,train,Charging-cable,cable_plug,4,0.0997247314453125,,REVIEW
358f7a2583ad014335d045178b5c35b2_jpg.rf.b332ce4f73c524ee4900b406039ecc10.jpg,Cables Roboflow v1,train,Charging-cable,cable_plug,2,0.3784698486328125,,REVIEW
35_png.rf.9b9314c1a0af05ab2a43ed70505e10dd.jpg,Cables Roboflow v1,train,wires,cable_plug,1,0.8985571289062501,,REVIEW
363e7c1e1d2bfbdaee8c388da543448f_jpg.rf.73f57c0b410c90666ca23cd026b12ef9.jpg,Cables Roboflow v1,train,Charging-cable,cable_plug,2,0.35091430664062506,,REVIEW
369c1b8b59477fd21a18a791d2669cd3_jpeg.rf.2a94af5f29090bca69cf134cb65785ff.jpg,Cables Roboflow v1,train,Charging-cable,cable_plug,1,0.578055419921875,,REVIEW
36_png.rf.a3ada0979822e28b0ca6cebf0f680200.jpg,Cables Roboflow v1,train,wires,cable_plug,1,0.87884521484375,,REVIEW
377116895_866727094441642_196877526379177269_n_jpg.rf.6cbca7560c26d7314a6069d1131fa39e.jpg,Cables Roboflow v1,train,Cords,cable_plug,1,0.839580078125,,REVIEW
37_png.rf.e79e4951e2a27ad173eb4f6eed987fc5.jpg,Cables Roboflow v1,train,wires,cable_plug,1,0.4873809814453125,,REVIEW
38_png.rf.16d08d0a88a2271dc50ef0eba5dbd410.jpg,Cables Roboflow v1,train,wires,cable_plug,1,0.575716552734375,DUP04,REVIEW
3903-000985-1_1_webp.rf.8ba0a502f8bacbd5b63a522efa6fc6a8.jpg,Cables Roboflow v1,train,Cords,cable_plug,1,0.39968322753906255,DUP05,REVIEW
3903-001117-1_1_webp.rf.d49b5d547dc252db4ee03d91415d7ac8.jpg,Cables Roboflow v1,train,Cords,cable_plug,1,0.5083654785156251,DUP06,REVIEW
39_png.rf.51b557616a5a539e398bdb0205d69c2e.jpg,Cables Roboflow v1,train,wires,cable_plug,1,0.7502996826171875,,REVIEW
3b52baa0b5dc1030829b20218dabecdb_jpg.rf.f3351a779f589acd7dd82ae0a13d34fe.jpg,Cables Roboflow v1,train,Charging-cable,cable_plug,1,0.40440917968749995,,REVIEW
3d-rendering-power-usb-cable-260nw-1053806393_jpg.rf.fa4302b848b05e6b47a477af1797fe38.jpg,Cables Roboflow v1,train,cable wire,cable_plug,1,0.0290578509,,REVIEW
3d-rendering-power-usb-cable-260nw-1053806492_jpg.rf.a90318d9a9a7e78adc4c4dada2ffa96a.jpg,Cables Roboflow v1,train,cable wire,cable_plug,1,0.0292767987,,REVIEW
3ece2590ee95ee1364ba066e90e79811_jpeg.rf.2563ab73b1688c6fd36db4f03f02570b.jpg,Cables Roboflow v1,train,Charging-cable,cable_plug,1,0.27261962890624997,,REVIEW
3_png.rf.1d89cf5c3f52421ea30ec5e279ca0deb.jpg,Cables Roboflow v1,train,wires,cable_plug,1,0.9296740722656249,,REVIEW
40_png.rf.4910803b9122d059ab8d235cdb7860b7.jpg,Cables Roboflow v1,train,wires,cable_plug,1,0.4683526611328125,,REVIEW
414GZrhChKL__UL500__jpg.rf.d09ef566e108df68faac7d469b27a251.jpg,Cables Roboflow v1,train,Cords,cable_plug,1,0.539464111328125,,REVIEW
416393556_769757501664910_9039747708423814430_n-1-_jpg.rf.8e73380bd92c8c2bdc150d82bcda28de.jpg,Cables Roboflow v1,train,Cords,cable_plug,1,0.43528747558593744,,REVIEW
41DpLvPoLdL_jpg.rf.7b1f10a6fcff496eff3ed3085c85eb30.jpg,Cables Roboflow v1,train,Cords,cable_plug,3,0.709600830078125,,REVIEW
41F1ZL0rUWL__AC_UF894-1000_QL80__jpg.rf.ee6d94d2d59b8d083258a6e464bb2078.jpg,Cables Roboflow v1,train,Cords,cable_plug,1,0.97823486328125,,REVIEW
41xEYxLW6KL_jpg.rf.702bb96248ed96aff7409d15d944cd9c.jpg,Cables Roboflow v1,train,Cords,cable_plug,1,0.889739990234375,,REVIEW
41_png.rf.2068894ec5031f1b06bbe5093428908f.jpg,Cables Roboflow v1,train,wires,cable_plug,1,0.3910418701171875,,REVIEW
42_png.rf.a34ca1c1f91d251047529d2d7f4643e0.jpg,Cables Roboflow v1,train,wires,cable_plug,1,0.2451558817140328,,REVIEW
43_png.rf.01a86c90bf82a0f867f4b3ec6dd087e5.jpg,Cables Roboflow v1,train,wires,cable_plug,1,0.50818359375,DUP04,REVIEW
442ad749b618d9eb5ff0148f7da8e84a_jpg.rf.48075fe6beed23d7772cf2d940f5c382.jpg,Cables Roboflow v1,train,Charging-cable,cable_plug,1,0.6206396484375001,,REVIEW
44f1f1584e2b328fa313ebd9763d16f0_jpeg.rf.a1fec6ba427ebbe2a76736f5208e774d.jpg,Cables Roboflow v1,train,Charging-cable,cable_plug,1,0.481787109375,,REVIEW
44_png.rf.95ce998da5f3d879ffd5df9f18225a90.jpg,Cables Roboflow v1,train,wires,cable_plug,1,0.374365234375,,REVIEW
45_png.rf.858beea279492935a9b0dcce6938b738.jpg,Cables Roboflow v1,train,wires,cable_plug,1,0.48267700195312496,,REVIEW
46affa78d7e625a53c3c4520ad0703ac_jpg.rf.c7508d9206224e135199e431ec18bd8a.jpg,Cables Roboflow v1,train,Charging-cable,cable_plug,3,0.18440429687499998,,REVIEW
46_png.rf.9f5f8a87418c3a7f1fc4bb9d2effb99a.jpg,Cables Roboflow v1,train,wires,cable_plug,1,0.006066573080126661,,REVIEW
472742919_616313254328822_4444396005082593506_n_jpg.rf.28114cbff1c97829fab1b13c42e96ddb.jpg,Cables Roboflow v1,train,Cords,cable_plug,1,0.1762176513671875,,REVIEW
475698444_976418037353281_7568404278413259381_n_jpg.rf.fa8e33b0408d847cf54e5e41f46e22e6.jpg,Cables Roboflow v1,train,Cords,cable_plug,1,0.1721575927734375,,REVIEW
475768729_1142690353893875_5789582130576794770_n-1-_jpg.rf.4ee1d3a314575f9e7b854ebe4d18b329.jpg,Cables Roboflow v1,train,Cords,cable_plug,1,0.33319580078124994,,REVIEW
475914885_2606049032914718_20616795920304582_n_jpg.rf.dd3c146da9526ee323ff213ea8e7476b.jpg,Cables Roboflow v1,train,Cords,cable_plug,1,0.5108642578125,,REVIEW
475977978_3797962387120310_1420354877647474702_n_jpg.rf.4ac78c68aa07ad2d0752ef09aa78c514.jpg,Cables Roboflow v1,train,Cords,cable_plug,1,0.5544384765625,,REVIEW
476023902_500470439404201_1342196383910997877_n_jpg.rf.391d1f8266d393c08adeeb9447ada707.jpg,Cables Roboflow v1,train,Cords,cable_plug,1,0.54205078125,,REVIEW
476130351_604815082167621_632177271211070342_n_jpg.rf.9c8f04eae3d08b2624b79d17ab0e6563.jpg,Cables Roboflow v1,train,Cords,cable_plug,1,0.44580383300781246,,REVIEW
476382937_515129764946457_3173593332868016555_n_jpg.rf.f99d194520135817016bfedeeb008847.jpg,Cables Roboflow v1,train,Cords,cable_plug,1,0.48111328125,,REVIEW
47d41d67079912b3f2fd65fb9e021c40_jpg.rf.894b135efa78b031581c296d477336cd.jpg,Cables Roboflow v1,train,Charging-cable,cable_plug,1,0.5738983154296875,,REVIEW
47_png.rf.f83c7778b4422b27989e5718a4b24b97.jpg,Cables Roboflow v1,train,wires,cable_plug,1,0.11468509712806937,,REVIEW
482732469_645838635085316_2346416210854955508_n_jpg.rf.6dc54ee344b54703c4d4e3bd55be3e50.jpg,Cables Roboflow v1,train,Cords,cable_plug,1,0.5155859375,,REVIEW
482874698_4861920610613814_7018612676075801406_n-1-_jpg.rf.4a4cd5cb939111f0b2190330e0be5d0b.jpg,Cables Roboflow v1,train,Cords,cable_plug,1,0.9164245605468749,DUP07,REVIEW
482921843_1843990953014343_3649979148255438859_n_jpg.rf.b1ca696ea8cc23241706ab60155570f2.jpg,Cables Roboflow v1,train,Cords,cable_plug,1,0.5145361328125,,REVIEW
482954677_1123901446092313_3951241987858374364_n_jpg.rf.f846b65ce7342b0ca6dc36d46ffc8c1b.jpg,Cables Roboflow v1,train,Cords,cable_plug,1,0.7298254394531251,,REVIEW
482998180_992060049740175_3788862368549064971_n_jpg.rf.72444af6f364d8a895bb89b91561100e.jpg,Cables Roboflow v1,train,Cords,cable_plug,1,0.8815264892578125,,REVIEW
484653087_644231431719037_7304026128017706562_n_jpg.rf.96ccd11fe61f36a3238d6bdfbde271d4.jpg,Cables Roboflow v1,train,Cords,cable_plug,1,0.215125732421875,,REVIEW
485017466_9741064805951913_7798669403685107166_n_jpg.rf.bae3fea155a2b513ab0b60617a445583.jpg,Cables Roboflow v1,train,Cords,cable_plug,1,0.65377197265625,,REVIEW
485952179_679467754587258_6300005875014006246_n_jpg.rf.27761dce9e547d28d16b226f8aa14a91.jpg,Cables Roboflow v1,train,Cords,cable_plug,1,0.7147265625,,REVIEW
486565880_682661020906402_1218227018022120249_n_jpg.rf.7832f47b2a9aa8b1ac552e58795b7947.jpg,Cables Roboflow v1,train,Cords,cable_plug,1,0.3011993408203125,,REVIEW
487296423_1705047386774346_4012060405005113336_n_jpg.rf.02e7fdda3a701e46c9b5d3f8f540c141.jpg,Cables Roboflow v1,train,Cords,cable_plug,1,0.3131536865234375,,REVIEW
487313611_1165852185273869_106770116642032028_n_jpg.rf.9e220f3e6a5156b992dffe5be2eefba4.jpg,Cables Roboflow v1,train,Cords,cable_plug,1,0.5435546875,,REVIEW
487313611_1503249611088373_7976173867257686765_n_jpg.rf.af0fb885f1f524e4f40982e25a2ee693.jpg,Cables Roboflow v1,train,Cords,cable_plug,1,0.8112335205078125,,REVIEW
487537187_672946018468305_3645479978666187994_n_jpg.rf.4f1008aff67b369a99136cfad1c8859d.jpg,Cables Roboflow v1,train,Cords,cable_plug,1,0.490689697265625,,REVIEW
487700296_2043487056135629_732281087916477289_n_jpg.rf.cecce8dca73c0b474db5e4df07b3aa51.jpg,Cables Roboflow v1,train,Cords,cable_plug,1,0.8666015625000001,,REVIEW
487708224_1011787063756002_1788252411797771494_n_jpg.rf.7f20fca1e607814a53b43299d9a7f756.jpg,Cables Roboflow v1,train,Cords,cable_plug,1,0.9087011718749999,,REVIEW
487754653_563454259532641_2365401458324832637_n_jpg.rf.868211690492b86c682f5b99b9d4446f.jpg,Cables Roboflow v1,train,Cords,cable_plug,1,0.5983203125,,REVIEW
487759041_1125068639638257_3274301871387412614_n_jpg.rf.45a55fdb6f8a7aaae7d22ed099b9a2b0.jpg,Cables Roboflow v1,train,Cords,cable_plug,1,0.34716979980468754,,REVIEW
487773204_690572509980225_6220004800616676149_n_jpg.rf.75c0ea2ec4d5c4cfbfc4e883de9b0398.jpg,Cables Roboflow v1,train,Cords,cable_plug,1,0.67552734375,,REVIEW
487775111_9269328803176040_6107570485807667662_n_jpg.rf.f4e709beeb6f2d53fa973d3b725ed04e.jpg,Cables Roboflow v1,train,Cords,cable_plug,1,0.8113586425781251,,REVIEW
487794943_2269208156814316_2458129669811658_n_jpg.rf.1da0baf605854d248e363d22adea5c55.jpg,Cables Roboflow v1,train,Cords,cable_plug,1,0.4010137939453125,,REVIEW
487805835_2705208353021399_3388809707741319178_n_jpg.rf.fab771ec2e67559f0944a2771d17b1e4.jpg,Cables Roboflow v1,train,Cords,cable_plug,1,0.9173895263671874,,REVIEW
487822288_1039353038048669_6664146195480210743_n_jpg.rf.874f5c9c0d6297a9fa01002856ae262c.jpg,Cables Roboflow v1,train,Cords,cable_plug,1,0.4943798828125,,REVIEW
487841269_2087219825109183_5644042294463201851_n_jpg.rf.a778d6ddb1ba30e1c9e4b4ae66a59847.jpg,Cables Roboflow v1,train,Cords,cable_plug,1,0.6670288085937499,,REVIEW
487843289_1214904450364134_2298999169925966356_n_jpg.rf.8fe4eafc464e2b8eec80702a4a9f1536.jpg,Cables Roboflow v1,train,Cords,cable_plug,1,0.36639404296875,,REVIEW
487867241_1134140688467144_384399102569692803_n_jpg.rf.09e721a7d9ab35d6777580d32eed701b.jpg,Cables Roboflow v1,train,Cords,cable_plug,1,0.6479412841796874,,REVIEW
487872037_1084825836706963_247307439948960565_n_jpg.rf.6b25235a598c05a1c08a5ef917452de1.jpg,Cables Roboflow v1,train,Cords,cable_plug,1,0.9875238037109375,,REVIEW
487962173_1007469027590433_5840151494675114505_n_jpg.rf.1737b590fc0b7b555219cf17dace365d.jpg,Cables Roboflow v1,train,Cords,cable_plug,1,0.7408190917968751,,REVIEW
487965675_609246625457343_2071736294527927234_n_jpg.rf.f71360023cbb6a7310b5cbf56ec50b31.jpg,Cables Roboflow v1,train,Cords,cable_plug,1,0.9428857421875,,REVIEW
487981563_1307732226963887_2015205807809902653_n_jpg.rf.c193721e99a6f161955021e6058933c2.jpg,Cables Roboflow v1,train,Cords,cable_plug,1,0.75541748046875,,REVIEW
487991967_2392754597739416_8092931315321464258_n_jpg.rf.1532ef44d3215ba2ab944c72fdc48737.jpg,Cables Roboflow v1,train,Cords,cable_plug,1,0.688773193359375,,REVIEW
487999512_546689815129197_4255443538117539010_n_jpg.rf.b63bbe5bfdb9a76c052713917208e957.jpg,Cables Roboflow v1,train,Cords,cable_plug,1,0.568043212890625,,REVIEW
488003637_1585771242123187_2418098920585742549_n_jpg.rf.a15336dfc6aadbc6685a7ec04e561548.jpg,Cables Roboflow v1,train,Cords,cable_plug,1,0.5381634521484375,,REVIEW
488009434_1946128362585088_1615238969408597289_n_jpg.rf.0318d66054b37e1576bddcf923f44758.jpg,Cables Roboflow v1,train,Cords,cable_plug,1,0.6541210937499999,,REVIEW
488016718_1882365999205404_8750094843074123556_n_jpg.rf.acf6ec24ecf13eb0dc49c8b6fca1a834.jpg,Cables Roboflow v1,train,Cords,cable_plug,1,0.6902343750000001,,REVIEW
488024182_981396717470546_6142123465734319802_n_jpg.rf.e977fd6ea2d3fcd01d5ff08ccd224b88.jpg,Cables Roboflow v1,train,Cords,cable_plug,1,0.741719970703125,,REVIEW
488069082_9721720434551676_1198000745648996968_n_jpg.rf.83842ff4945ed546eee5a9c794472e73.jpg,Cables Roboflow v1,train,Cords,cable_plug,1,0.6285205078124999,,REVIEW
488076421_670874045429983_5809146727809068842_n_jpg.rf.4cc3d7ca30d0fb676c93080b32459229.jpg,Cables Roboflow v1,train,Cords,cable_plug,1,0.42840087890625,DUP05,REVIEW
488082867_668174616050809_4470525932647267119_n_jpg.rf.e330f0ef3484d82e87d7a0242da63e0d.jpg,Cables Roboflow v1,train,Cords,cable_plug,1,0.5151361083984375,,REVIEW
488098015_1171735200810197_2748873347612228661_n_jpg.rf.251b56911e33d865ecd2b5863b39e65d.jpg,Cables Roboflow v1,train,Cords,cable_plug,1,0.7291943359375,,REVIEW
488190721_1324850465393510_6868902731196286348_n_jpg.rf.9fc5e102a685e0e7af0ff0eab7da5558.jpg,Cables Roboflow v1,train,Cords,cable_plug,1,0.95963134765625,,REVIEW
488276835_948739827428436_7192382619245469398_n_jpg.rf.cd623742fc257e5244bad5cd3f6320ea.jpg,Cables Roboflow v1,train,Cords,cable_plug,1,0.2836322021484375,,REVIEW
488302874_3196009487206215_8248506124520823862_n_jpg.rf.67a1a593aec5cdca8fb95420b9ca4e83.jpg,Cables Roboflow v1,train,Cords,cable_plug,1,0.97052734375,,REVIEW
488455617_537307289443281_1919258895117200600_n_jpg.rf.97bfbb924348e4f9485191cf82ba22c6.jpg,Cables Roboflow v1,train,Cords,cable_plug,1,0.82125,,REVIEW
488503220_928224495912938_8976082007485529326_n_jpg.rf.a1d96474d481fcb5ac48785d8195567f.jpg,Cables Roboflow v1,train,Cords,cable_plug,1,0.7501678466796875,,REVIEW
488509241_2418732985155487_6619347140564850773_n_jpg.rf.1f007c0eb7338a13ab52c29a86e7589d.jpg,Cables Roboflow v1,train,Cords,cable_plug,1,0.7721997070312501,,REVIEW
488514992_1386765725675549_1751073856942287588_n_jpg.rf.a6ae59c0d2e046b6282058bf96efb9cb.jpg,Cables Roboflow v1,train,Cords,cable_plug,1,0.38390625,,REVIEW
488546196_1008988634627910_7170223564798268568_n_jpg.rf.9a49bfe43ece65fa2cfd4161a28f0ef6.jpg,Cables Roboflow v1,train,Cords,cable_plug,1,0.4709014892578125,,REVIEW
488550021_1831051527697180_4465619525136160302_n_jpg.rf.49589efb69091753a766f0403007aae6.jpg,Cables Roboflow v1,train,Cords,cable_plug,1,0.51890625,,REVIEW
488554040_1726928784912711_605923302854348479_n_jpg.rf.f76e7ed73235104a0abe87780a0a690a.jpg,Cables Roboflow v1,train,Cords,cable_plug,1,0.93231201171875,,REVIEW
488610206_643043651839354_4792759092204535238_n_jpg.rf.e9dc002d12363e0476ea555dc5273a06.jpg,Cables Roboflow v1,train,Cords,cable_plug,1,0.79376953125,,REVIEW
488616542_1647887706087121_1850878052478771997_n_jpg.rf.c710a5dc8746d2d6bf64a1dbb1b0acbb.jpg,Cables Roboflow v1,train,Cords,cable_plug,1,0.7734375,,REVIEW
488623959_1921181108707467_7273939084664987840_n_jpg.rf.2d4ba63b13e664dbb33d3d353117881b.jpg,Cables Roboflow v1,train,Cords,cable_plug,1,0.5951306152343749,,REVIEW
488715635_1460164305366810_2286117743029577326_n_jpg.rf.2308e4c5aad84e43e5d7f6e904ac219b.jpg,Cables Roboflow v1,train,Cords,cable_plug,1,0.5036163330078125,,REVIEW
488765313_1689607368300536_9119487288109164071_n_jpg.rf.56bf9ab96297fd78679ba25bca4a7aa3.jpg,Cables Roboflow v1,train,Cords,cable_plug,1,0.5333251953125,,REVIEW
488770809_4047512745520885_7003870735902816077_n_jpg.rf.534ee4c01939f1cd1faba4ac5181938f.jpg,Cables Roboflow v1,train,Cords,cable_plug,1,0.3839111328125,,REVIEW
488852306_1015096013905780_4347215156572123001_n_jpg.rf.85c2aa6a1209a43a69eddafa1bd8ddb1.jpg,Cables Roboflow v1,train,Cords,cable_plug,1,0.7890380859375,,REVIEW
488864169_982175070734142_6449122938787112279_n_jpg.rf.791da5e47bcbf6fdfa446a3df7e01642.jpg,Cables Roboflow v1,train,Cords,cable_plug,1,0.7199908447265625,,REVIEW
488885203_1389535125557394_5872086455229691454_n_jpg.rf.df22469d17fbe5f535fe1091cd9a8a21.jpg,Cables Roboflow v1,train,Cords,cable_plug,1,0.62014404296875,,REVIEW
488885203_1394885305179422_2821684743528479882_n_jpg.rf.08ed0f173344391f4cebcb73ae573956.jpg,Cables Roboflow v1,train,Cords,cable_plug,1,0.734365234375,,REVIEW
488896989_1205860234225516_8481078790897811491_n_jpg.rf.03283031bdc11f394a3f5c88e3802f71.jpg,Cables Roboflow v1,train,Cords,cable_plug,1,0.7066625976562501,,REVIEW
488896990_1387369875603632_6364417360522772939_n_jpg.rf.5504d147def32b01e07a464b7a5005e0.jpg,Cables Roboflow v1,train,Cords,cable_plug,1,0.4763397216796875,,REVIEW
488907867_1029194725768108_8527688954901671636_n_jpg.rf.886841eaa32c3ff98902024ec07f7b08.jpg,Cables Roboflow v1,train,Cords,cable_plug,1,0.7990576171875001,,REVIEW
488910122_649826111243333_7693187671599765622_n-1-_jpg.rf.716277adca733b069bb73333fdba6765.jpg,Cables Roboflow v1,train,Cords,cable_plug,1,0.83870849609375,,REVIEW
488933160_664647816512852_6049524522014927200_n_jpg.rf.ea6a14ad5ab2886f0e69f36e63ce355a.jpg,Cables Roboflow v1,train,Cords,cable_plug,1,0.85662353515625,DUP07,REVIEW
488947178_687066913889930_3163946779805856546_n_jpg.rf.72665a448b7027bf31723dc026e437f4.jpg,Cables Roboflow v1,train,Cords,cable_plug,1,0.5161962890624999,,REVIEW
488957341_664982466479620_1112517141618949233_n_jpg.rf.17f18664b5771cb4e28d6dd7421df420.jpg,Cables Roboflow v1,train,Cords,cable_plug,1,0.735843505859375,,REVIEW
488957604_648192834631979_8885369358320113633_n_jpg.rf.33bf36ab36e05db657a468be0324b8b2.jpg,Cables Roboflow v1,train,Cords,cable_plug,1,0.7276794433593751,,REVIEW
488962071_1036360238498986_1309186309836247763_n_jpg.rf.13990d5e29bc855407c21ffe898f2c42.jpg,Cables Roboflow v1,train,Cords,cable_plug,1,0.7460705566406249,,REVIEW
488972701_1179399259967783_5353987413759411277_n_jpg.rf.b2a70c040ebfceec58d46f5b63791d69.jpg,Cables Roboflow v1,train,Cords,cable_plug,1,0.3783734130859375,,REVIEW
488972980_1654796195914078_1980981395218128506_n_jpg.rf.d5c20b5a1b8c2dde59938f3aa7d8680b.jpg,Cables Roboflow v1,train,Cords,cable_plug,1,0.7011791992187499,DUP08,REVIEW
488972980_705568871807182_2955061667968588816_n_jpg.rf.462162b4e966d405e24f0c7085577328.jpg,Cables Roboflow v1,train,Cords,cable_plug,1,0.10697753906250002,,REVIEW
488992988_1016930430391228_785494059760449154_n_jpg.rf.4303695515b2e11f1c0e9bb4a48611b7.jpg,Cables Roboflow v1,train,Cords,cable_plug,1,0.5199951171875,,REVIEW
489035766_2073912223110047_5512283509739670674_n_jpg.rf.bcc36b1a141d1aac1586a55c913381e0.jpg,Cables Roboflow v1,train,Cords,cable_plug,1,0.49858886718749995,DUP06,REVIEW
489296659_1390832221942959_8066476889236512444_n_jpg.rf.43013170b3732f22a87b7ecc5a958b32.jpg,Cables Roboflow v1,train,Cords,cable_plug,1,0.4981640625,,REVIEW
489343518_2142139896227752_2230496875821701415_n_jpg.rf.00515edce122d84f3434eb229984843b.jpg,Cables Roboflow v1,train,Cords,cable_plug,1,0.74983642578125,,REVIEW
489346274_946044414269061_3268024036595424788_n_jpg.rf.ca7c9b62f7532d30e160794c92e19ef8.jpg,Cables Roboflow v1,train,Cords,cable_plug,1,0.6102813720703125,,REVIEW
489528172_4030199367264398_505847363131862591_n_jpg.rf.0ae5474f50038b59bd1eeb825ba3a1aa.jpg,Cables Roboflow v1,train,Cords,cable_plug,1,0.367490234375,,REVIEW
489564439_922154686641112_3538463191041642034_n_jpg.rf.97691f60867fa137f69de504780e38a1.jpg,Cables Roboflow v1,train,Cords,cable_plug,1,0.6330676269531249,,REVIEW
489577205_1420521232717144_5948317764170398156_n_jpg.rf.494981dcaa1e7772d33bb2ea5fee29b6.jpg,Cables Roboflow v1,train,Cords,cable_plug,1,0.58471435546875,,REVIEW
489847162_1920541285148576_6433125500255397003_n_jpg.rf.3b0399bcf219950fc84fb51c31f417f8.jpg,Cables Roboflow v1,train,Cords,cable_plug,1,0.9432507324218751,,REVIEW
489882651_700301022559512_2264942867979105741_n_jpg.rf.757cdd3700d92ffca55cdbb9dce66f86.jpg,Cables Roboflow v1,train,Cords,cable_plug,1,0.6907196044921875,,REVIEW
48a2db4f55769f661dc50943a731a70c_png.rf.6c54fcf21c2a6688b7324d730bfb5bf8.jpg,Cables Roboflow v1,train,Charging-cable,cable_plug,1,0.3870849609375,,REVIEW
48_jpg.rf.7d3518fcef87b04dfa2bec5cdd11b625.jpg,Cables Roboflow v1,train,cable wire,cable_plug,1,0.0441238336,,REVIEW
48_png.rf.f191a1da2cca927371b2891f0d561229.jpg,Cables Roboflow v1,train,wires,cable_plug,1,0.86418701171875,,REVIEW
490064964_662220613119185_2458314348443758919_n_jpg.rf.7aef8e49c117778bec20327fbbc73d2a.jpg,Cables Roboflow v1,train,Cords,cable_plug,1,0.809329833984375,,REVIEW
490195123_1375460723352977_1238662045770858492_n_jpg.rf.f2d019bd93932b3aa5abcb167c42ae56.jpg,Cables Roboflow v1,train,Cords,cable_plug,1,0.811773681640625,,REVIEW
49038367b0242cfddbd372b9356cf31e_jpg.rf.de7b8e8076da562bee9221de268233e4.jpg,Cables Roboflow v1,train,Charging-cable,cable_plug,2,0.572486572265625,,REVIEW
490cda1622fbb3d716bca2edcb5db51b_jpg.rf.8987503ac85011370bdb34cbe3096e11.jpg,Cables Roboflow v1,train,Charging-cable,cable_plug,1,0.56986083984375,,REVIEW
49_jpg.rf.7834eee583a0cca80fbf4181bb3af30e.jpg,Cables Roboflow v1,train,cable wire,cable_plug,1,0.054738810000000006,,REVIEW
49_png.rf.808ce7e6cbe3d9e9ed05c14e4d474ff6.jpg,Cables Roboflow v1,train,wires,cable_plug,1,0.174669368733242,DUP02,REVIEW
4c14517fa053cf2c357024be4425ad75_jpg.rf.672728ea9550bce7df6c3c6e94ef2e3d.jpg,Cables Roboflow v1,train,Charging-cable,cable_plug,1,0.312012939453125,,REVIEW
4_png.rf.dcdf1a90e5b9c23cf9f3d37c961691ec.jpg,Cables Roboflow v1,train,wires,cable_plug,1,0.7845556640625,,REVIEW
500ad05812315e7ea3a16e0f9a266635_jpg.rf.c23e1221c4fcff80739a814630e52c69.jpg,Cables Roboflow v1,train,Charging-cable,cable_plug,1,0.696436767578125,,REVIEW
50ef0685051b192481e93d42b8abd877_jpg.rf.47b73eb25c91e45c7b3a6deb656823d2.jpg,Cables Roboflow v1,train,Charging-cable,cable_plug,1,0.5906414794921875,,REVIEW
50_png.rf.7eed5680b2f5937a4b5d9265cc3357ed.jpg,Cables Roboflow v1,train,wires,cable_plug,1,0.8368511962890626,,REVIEW
51-5qPmQ3BL_jpg.rf.fcbeb32aa01ccfb48e5ae951ead438a5.jpg,Cables Roboflow v1,train,Cords,cable_plug,1,0.636488037109375,,REVIEW
51E4ZqbSsjL__AC_UF894-1000_QL80__jpg.rf.94fec5801f47b05382d229eee05f5df2.jpg,Cables Roboflow v1,train,Cords,cable_plug,1,0.980538330078125,,REVIEW
51hHSwQhOdL__AC_UF894-1000_QL80__jpg.rf.f562fba16df2f2871b3cc014f8d50f8d.jpg,Cables Roboflow v1,train,Cords,cable_plug,1,0.93544921875,,REVIEW
51kcm2d6I7L_jpg.rf.23dd5f9d3de25a0ad5af347a92a68fb7.jpg,Cables Roboflow v1,train,Cords,cable_plug,1,0.48039733886718744,DUP09,REVIEW
51lO8GawIzL_jpg.rf.355f9324fcf80f3a7886ef2e24beb14f.jpg,Cables Roboflow v1,train,Cords,cable_plug,1,0.55171142578125,,REVIEW
51r53-h11fL__AC_UF1000-1000_QL80__jpg.rf.b58ad84946064e28a56923f7eeb75d2e.jpg,Cables Roboflow v1,train,Cords,cable_plug,1,0.9429034423828125,,REVIEW
51RBMhFtpJL_jpg.rf.d5fda9c3a0f75b2b47a61438ebc2beb1.jpg,Cables Roboflow v1,train,Cords,cable_plug,1,0.386817626953125,DUP09,REVIEW
51UwI0FKj5L__AC_UF1000-1000_QL80__jpg.rf.7b2c3ac49d971d83fe300d190d3aab3c.jpg,Cables Roboflow v1,train,Cords,cable_plug,1,0.918140869140625,,REVIEW
51_png.rf.bc84444cfb7302562c285d13ad5aec54.jpg,Cables Roboflow v1,train,wires,cable_plug,1,0.8994598388671875,,REVIEW
52_png.rf.f1366a0efc3390f6a0847745f7836d7c.jpg,Cables Roboflow v1,train,wires,cable_plug,1,0.9392333984375,,REVIEW
544a699a30d5dca437f2a711a5d67d0c_jpg.rf.1e27b3500d09ac4b6e112b9156ca1fe6.jpg,Cables Roboflow v1,train,Charging-cable,cable_plug,1,0.2594683837890625,,REVIEW
5606dd168537edbf499fb879a5950b31_jpg.rf.3048ea9ecdf81b054182becac529ad78.jpg,Cables Roboflow v1,train,Charging-cable,cable_plug,1,0.4986572265625,,REVIEW
56200e51fec2fdc00e5322bb3c3176ac_jpg.rf.307e436790b5152e5d62b89b01e749bc.jpg,Cables Roboflow v1,train,Charging-cable,cable_plug,1,0.37693542480468745,,REVIEW
56624dfa41d39141c28a735043d43625_jpg.rf.8242b4e91b3c07ceb02246d08c79cea4.jpg,Cables Roboflow v1,train,Charging-cable,cable_plug,1,0.540076904296875,,REVIEW
56fe48b31bd488e4c6b9ca1068dd27de_jpg.rf.e03434f5800ce2ec1fc1089c2ce72390.jpg,Cables Roboflow v1,train,Charging-cable,cable_plug,1,0.55741943359375,,REVIEW
58907797273a8e0c4d2f0cca7ca53bc3_jpeg.rf.de256563994ca5f8c8d89c70d98aacca.jpg,Cables Roboflow v1,train,Charging-cable,cable_plug,1,0.4729852294921875,,REVIEW
5b0fa0ea8a8e7ea4f1ef740472bda96c_jpg.rf.a2439f1e51df954583d47e1e2414cded.jpg,Cables Roboflow v1,train,Charging-cable,cable_plug,2,0.42893249511718756,,REVIEW
5f673003fc84e828cbf56b24fc9ef105_jpeg.rf.79bad47e563e49ef95a228e67386b0bc.jpg,Cables Roboflow v1,train,Charging-cable,cable_plug,1,0.651673583984375,,REVIEW
5_png.rf.93f0331ff56678644d95eb029612c1bf.jpg,Cables Roboflow v1,train,wires,cable_plug,1,0.8172235107421875,,REVIEW
61a779163e8927e44f7971ecfee465c4_jpg.rf.b176b9c76733a476e0934f13c3c21af8.jpg,Cables Roboflow v1,train,Charging-cable,cable_plug,1,0.671015625,,REVIEW
61E54FgHqhL__AC_UF1000-1000_QL80__jpg.rf.94311a9fab68f367a642088ca2a3e867.jpg,Cables Roboflow v1,train,Cords,cable_plug,1,0.6149401855468749,,REVIEW
61EsRYG5x8L__AC_UF894-1000_QL80__jpg.rf.e247967e468604b0d7b305a64133d0c0.jpg,Cables Roboflow v1,train,Cords,cable_plug,1,0.9836059570312501,,REVIEW
61fcJNhie3L__AC_UF894-1000_QL80__jpg.rf.3dba2102a27bae60af47980d878516cf.jpg,Cables Roboflow v1,train,Cords,cable_plug,1,0.9665771484375,,REVIEW
61FXrcp6CVL_jpg.rf.020e53576755fc35655d1a642690c291.jpg,Cables Roboflow v1,train,Cords,cable_plug,1,0.798837890625,,REVIEW
61KiKuoyR1L__AC_UF350-350_QL50__jpg.rf.3ad5b5ae9fcd51f18ef3a8bb5013ec4b.jpg,Cables Roboflow v1,train,Cords,cable_plug,1,0.9705322265625,,REVIEW
61skXSiC5TL__AC_UC200-200_CACC-200-200_QL85__jpg.rf.e62ce89cb3e481f07f08f6c133fb2e69.jpg,Cables Roboflow v1,train,Cords,cable_plug,1,0.7943847656249999,,REVIEW
61uCZFiUjxL__AC_UF894-1000_QL80__jpg.rf.41afc2ebc491be34e0117e931781e40d.jpg,Cables Roboflow v1,train,Cords,cable_plug,1,0.9828857421875,,REVIEW
61xnCXZedrL_jpg.rf.141d7d2294b749746e24c427de491e3a.jpg,Cables Roboflow v1,train,Cords,cable_plug,1,0.445128173828125,,REVIEW
633fd6be11b8fe00fb4e5a33-90w-19-5v-4-7a-adapter-charger_jpg.rf.1a51c9b79b03cd3646233361783171cc.jpg,Cables Roboflow v1,train,Cords,cable_plug,2,0.27139404296875,,REVIEW
6359b38786f7a506e913c226-6ft1-8m-polarized-us-2-prong-male-female_jpg.rf.a195be350f6b9d79060aeb66ba58bb6b.jpg,Cables Roboflow v1,train,Cords,cable_plug,1,0.8893157958984375,,REVIEW
673a2fc88e181f80fd6a0a9440982973_jpg.rf.3cb2f2fcf1b305919c3e46ad4526c2f6.jpg,Cables Roboflow v1,train,Cords,cable_plug,1,0.44271240234375003,,REVIEW
68349c03876401b1fe096b09623f3089_jpg.rf.53ac7622995d1cebde1abf7a32374aa9.jpg,Cables Roboflow v1,train,Charging-cable,cable_plug,1,0.3582769775390625,,REVIEW
6836a185a46c4f5ad5c2b58571086fa1_jpg.rf.ab8106ef2914c5047d6bb360f6de132f.jpg,Cables Roboflow v1,train,Charging-cable,cable_plug,1,0.517181396484375,,REVIEW
69c6c17ce9d106ac5623dfd36e8b63e4_jpg.rf.482ba04ebd306fe017dc8e14bae2bd90.jpg,Cables Roboflow v1,train,Charging-cable,cable_plug,1,0.47120544433593753,,REVIEW
6b571f67bc997a6f1e87d7834fb1518a_jpg.rf.45fe8ae875a6c9bb14c93d8205ba4ab5.jpg,Cables Roboflow v1,train,Charging-cable,cable_plug,2,0.5534374999999999,,REVIEW
6ee8de8ad427f8d0f91bb83f2fc93c34_jpg.rf.16093eaad624fb4d5cbdecd861f9053a.jpg,Cables Roboflow v1,train,Charging-cable,cable_plug,1,0.971302490234375,,REVIEW
6_png.rf.3fe15be4cefdaba1ba00a44e56d355ab.jpg,Cables Roboflow v1,train,wires,cable_plug,1,0.888782958984375,,REVIEW
7137XdUsHTL__AC_UF894-1000_QL80__jpg.rf.21a378cd3631de47d1e90bba16a99f0f.jpg,Cables Roboflow v1,train,Cords,cable_plug,1,0.98287109375,,REVIEW
72e0a80e55d082e28d00bc70e602eb8a_jpg.rf.536a3022819ee3c54560ad2366ca766e.jpg,Cables Roboflow v1,train,Charging-cable,cable_plug,1,0.41179687499999995,,REVIEW
78624547de7158c23e6923538bf38236_jpg.rf.a80658511b0682ea8546840bd07cbd09.jpg,Cables Roboflow v1,train,Charging-cable,cable_plug,1,0.57806396484375,,REVIEW
7931e43bb136cb075ec51d093129a541_jpg.rf.21287f13934b4512fd52f8a70bd7c199.jpg,Cables Roboflow v1,train,Charging-cable,cable_plug,1,0.51974365234375,,REVIEW
7abcd26e240419e12abae56a8191bae7_jpg.rf.6c4812de605194e3c7e2155e682ae951.jpg,Cables Roboflow v1,train,Cords,cable_plug,4,0.6463256835937501,,REVIEW
7c1b83774ae2cb77895cb000fe943ac4_jpg.rf.b28f364370eecaf57b0fa032ae767675.jpg,Cables Roboflow v1,train,Charging-cable,cable_plug,1,0.7208343505859376,,REVIEW
7_png.rf.d9cf2e56e1cebedfedb2d5f0c86e8865.jpg,Cables Roboflow v1,train,wires,cable_plug,1,0.803125,,REVIEW
817020012636C_jpg.rf.14f5cea98d6d3ded507206603ad968c1.jpg,Cables Roboflow v1,train,Cords,cable_plug,1,0.389366455078125,,REVIEW
835a07c53363e2bf8e22c7f907af8204_jpeg.rf.f2464fb86e1f0551275239e6bed91162.jpg,Cables Roboflow v1,train,Charging-cable,cable_plug,1,0.3681011962890625,,REVIEW
845a2f02a4fb425bb312539db5f3bb3a_jpg.rf.578566228498b21c08d5e973bade9e35.jpg,Cables Roboflow v1,train,Charging-cable,cable_plug,2,0.227216796875,,REVIEW
84b066677262d148e05b8c03ff1deb0b_jpg.rf.5eae40b619702d827c875d9719144bfa.jpg,Cables Roboflow v1,train,Charging-cable,cable_plug,1,0.5467810058593751,,REVIEW
84c80dc9abebb6736e53af953281d497_jpeg.rf.f6912c0aaedd4ef4ac195f019e95efe0.jpg,Cables Roboflow v1,train,Charging-cable,cable_plug,1,0.38502685546875,,REVIEW
850aa5b468a4efaa7557acb198fe32f1_jpeg.rf.eb41d2fd8b652ef18b8f10e241387f72.jpg,Cables Roboflow v1,train,Charging-cable,cable_plug,1,0.24351196289062502,,REVIEW
871866ecdc700be0eb58146fc8a8b7ad_jpg.rf.a2dcac51a27988ce2d6bbd7284b9daa7.jpg,Cables Roboflow v1,train,Charging-cable,cable_plug,5,0.17151611328125002,,REVIEW
89b257f69ddfd0f1c8533f81d39bfa31_jpg.rf.a11b9d6d96e4393cb5ac80026bde906b.jpg,Cables Roboflow v1,train,Charging-cable,cable_plug,1,0.68146484375,,REVIEW
8e7a8da6795cb7f0c164500f719bff87_jpg.rf.89ea1320e0cfbf4e06bf118546dbd314.jpg,Cables Roboflow v1,train,Charging-cable,cable_plug,1,0.2425543212890625,,REVIEW
8f6bd2a44d3f7eaf978549afb2587b6c_jpg.rf.2d3b5f271329435f9d793570ee401ca0.jpg,Cables Roboflow v1,train,Charging-cable,cable_plug,1,0.42310546875000005,,REVIEW
8fa6adbb5e95a42e39603c50f9e3078c_jpg.rf.745eb53cfc1175c4ac231c3bfb5718d6.jpg,Cables Roboflow v1,train,Charging-cable,cable_plug,1,0.200224609375,DUP01,REVIEW
8_png.rf.3b09bebd1d53587edce5125781cee2a4.jpg,Cables Roboflow v1,train,wires,cable_plug,1,0.97822265625,,REVIEW
90ac9ea44fdee9a607ad6c373762abe3_jpg.rf.2f334e8511523814533b36cc4260b553.jpg,Cables Roboflow v1,train,Charging-cable,cable_plug,1,0.48413818359375,,REVIEW
95490a0349b28fa10d9f3e51b28b2f59_jpg.rf.1a153db3d594554dd517d38085e33e54.jpg,Cables Roboflow v1,train,Charging-cable,cable_plug,1,0.6200701904296875,,REVIEW
9646fb253d013cdb70ff637982f3c6b6_jpg.rf.c105b78499ded8fc60645ebbf43c6319.jpg,Cables Roboflow v1,train,Charging-cable,cable_plug,1,0.582001953125,,REVIEW
97add01420e5f2c7a5d796c021c692e1_jpg.rf.52feb54942106b3aa57d0ac92c78afa8.jpg,Cables Roboflow v1,train,Charging-cable,cable_plug,1,0.5301513671875,,REVIEW
9911b1926b80d9761275c0ada44fd0b1_jpg.rf.526e92679b1ff035765ef2a341cd3166.jpg,Cables Roboflow v1,train,Charging-cable,cable_plug,1,0.58080078125,,REVIEW
99f449fa6fcab999e351229096d15fbf_jpg.rf.a2638b4503ebe4627b990632120c5e83.jpg,Cables Roboflow v1,train,Charging-cable,cable_plug,1,0.5434002685546875,,REVIEW
9b112bdd2072603e4047bff901eef12b_jpg.rf.7b222663f5fbdada07f85bfd3dc24c01.jpg,Cables Roboflow v1,train,Charging-cable,cable_plug,1,0.5422277832031249,,REVIEW
9e6b70144700324a16cf126aeaff57d9_jpg.rf.7778c9aba8351f63edd5932039c8a7a6.jpg,Cables Roboflow v1,train,Charging-cable,cable_plug,3,0.19813964843749998,,REVIEW
9ec1eb048f8239c92606339ba39fec6f_jpeg.rf.cbe40090ebe58123b144182c27b77a3b.jpg,Cables Roboflow v1,train,Charging-cable,cable_plug,1,0.70259033203125,,REVIEW
a0385dd4427bc37b96165df84e22f944_jpg.rf.7a7edce5d6490e1b08f4f4c8dd423bfe.jpg,Cables Roboflow v1,train,Charging-cable,cable_plug,1,0.4793060302734375,,REVIEW
a0e7e38848f4e2e342842ecbe804d924_jpg.rf.4c49384874b4c697d36f317e42b36b13.jpg,Cables Roboflow v1,train,Charging-cable,cable_plug,1,0.41952392578125003,,REVIEW
a21fbe441fceba79df4a64625d142c0f_jpeg.rf.b15f18a539290576e34b3dabfc2b7acc.jpg,Cables Roboflow v1,train,Charging-cable,cable_plug,1,0.39952575683593744,,REVIEW
a2fe6f0283d9b36639834e3c08b97c62_jpg.rf.f964491141f1c3b1f4556ad2370cb3ff.jpg,Cables Roboflow v1,train,Charging-cable,cable_plug,1,0.8632556152343749,,REVIEW
a3415f0a4553907ad45a10fd838da363_jpg.rf.79a08adebb7d3fb57c83bd3092805024.jpg,Cables Roboflow v1,train,Charging-cable,cable_plug,1,0.47733642578124996,,REVIEW
a424d9d69e955f5a56c4a5857a4b5588_jpg.rf.c65f68410f1b8da369fd59aceeccc996.jpg,Cables Roboflow v1,train,Charging-cable,cable_plug,1,0.46237792968749997,,REVIEW
a58813d003c5ef322db19c5c117beb0b_jpg.rf.be17ae95ebd8368e4680c38b9901a1c6.jpg,Cables Roboflow v1,train,Charging-cable,cable_plug,1,0.45297119140625,,REVIEW
a8be977ee531ca0eab2746e3a566b312_jpg.rf.eccce8c99f0cb907c2bdb45d74bc7490.jpg,Cables Roboflow v1,train,Charging-cable,cable_plug,1,0.2501953125,,REVIEW
a9de1be558d0a86ba18ad2e558d77b7f_jpg.rf.85c2691a3e8f629d4abd36b60528456a.jpg,Cables Roboflow v1,train,Charging-cable,cable_plug,1,0.3718841552734375,,REVIEW
AP2390-00046-08_bmp.rf.fce797e20ee38640d22097a2cce2fcdf.jpg,Cables Roboflow v1,train,Cords,cable_plug,1,0.262049560546875,,REVIEW
AP2390-00050-06_bmp.rf.ba9ac83792d0725c156d476ca8803098.jpg,Cables Roboflow v1,train,Cords,cable_plug,1,0.24864257812499999,,REVIEW
AP2390-00071-03_bmp.rf.8586306836f0b32c2271a78b0ed622d1.jpg,Cables Roboflow v1,train,Cords,cable_plug,1,0.40649047851562503,,REVIEW
AP2391-00020-03_bmp.rf.bd9920cba2def077a45fe7626fae1af2.jpg,Cables Roboflow v1,train,Cords,cable_plug,1,0.41718750000000004,,REVIEW
Apple-MUJ83ZP-A-AC-Adapter-C_jpg.rf.3e4ba5fe38f0edbf6e593ccb5e30dc22.jpg,Cables Roboflow v1,train,Cords,cable_plug,1,0.30966796875,,REVIEW
b2d11596eb287c3a403508bf7660d427_jpg.rf.7f674c571da9045c952412e2d3876dc4.jpg,Cables Roboflow v1,train,Charging-cable,cable_plug,1,0.7353039550781251,,REVIEW
b758f44c08178e5e83033dfd09e6a015_png.rf.e2a3323da809335c8992c241c3add2e1.jpg,Cables Roboflow v1,train,Charging-cable,cable_plug,1,0.6672528076171875,,REVIEW
b8aa116d5ce8a69630646dc0a7557783_jpg.rf.a10d2373ad96c1297056e5bd6270ec30.jpg,Cables Roboflow v1,train,Charging-cable,cable_plug,1,0.48794860839843757,,REVIEW
B8AMD221218047PORE4_jpg.rf.6f7846ad4d79a31d915d2eab0c6cb396.jpg,Cables Roboflow v1,train,Cords,cable_plug,2,0.4632568359375,,REVIEW
ba6c788c-970d-414e-9c52-18e7e088ddff_0483202d0999a12ea425c9a9cf49b5bd_jpeg.rf.4651455b70dd53f58cc1616ef9a704ee.jpg,Cables Roboflow v1,train,Cords,cable_plug,1,0.6196044921875,,REVIEW
baby-toddler-boy-holds-usb-260nw-2164601657_jpg.rf.180395cc5092d0633d76cc5fa17360d6.jpg,Cables Roboflow v1,train,cable wire,cable_plug,1,0.1408673084,,REVIEW
battery-charger-lightning-micro-usb-electrical-cable-png-favpng-FjZYcSiuwxYq5aN98dxjbZvaf_jpg.rf.5a9b254dbb7a8f60d1f0d965b77b3745.jpg,Cables Roboflow v1,train,Cords,cable_plug,1,0.39429687499999994,,REVIEW
be7804e4aa44dc5bf1b47d8a406d3ab7_jpg.rf.9a045f0e88fd846ce9ede2b67eaa43b7.jpg,Cables Roboflow v1,train,Charging-cable,cable_plug,3,0.3411602783203125,,REVIEW
bf5c4072180407879c808e6e91c024e0_jpg.rf.1e5a4182a740da46e185e2989fd6c875.jpg,Cables Roboflow v1,train,Charging-cable,cable_plug,1,0.6913525390625,,REVIEW
black-cable-isolated-on-white-260nw-507116737_jpg.rf.11b541b1bd757f5fd12facd3dd430812.jpg,Cables Roboflow v1,train,cable wire,cable_plug,1,0.07703625,,REVIEW
black-cable-isolated-on-white-260nw-74722177_jpg.rf.24003178ffd5efb08ec1d0884246dccd.jpg,Cables Roboflow v1,train,cable wire,cable_plug,1,0.0941641938,,REVIEW
black-cable-on-white-background-260nw-66887635_jpg.rf.621d7464635582b72a0f025e2f0d69af.jpg,Cables Roboflow v1,train,cable wire,cable_plug,1,0.0523592928,,REVIEW
black-electrical-plug-and-electrical-cord-on-white-background-R08BAK_jpg.rf.aa814233b0724a93cf6f81898a6597c8.jpg,Cables Roboflow v1,train,Cords,cable_plug,1,0.7130767822265626,,REVIEW
black-typec-usb-cable-isolated-260nw-1893561139_jpg.rf.9a9f18c1edcf73cb42ea8325fa389753.jpg,Cables Roboflow v1,train,cable wire,cable_plug,1,0.11601146039999999,,REVIEW
black-usb-cable-charging-smartphone-260nw-2002470518_jpg.rf.8d4af694c2ae7c1d7a3690b69c4b3504.jpg,Cables Roboflow v1,train,cable wire,cable_plug,1,0.19601107919999997,,REVIEW
black-usb-cable-isolated-on-260nw-2164627725_jpg.rf.12d4d21ad9c68b749cad2f92c7c5547c.jpg,Cables Roboflow v1,train,cable wire,cable_plug,1,0.102268227,,REVIEW
black-usb-cable-phone-rounded-260nw-1079418008_jpg.rf.40cd05f7afc654c64cc75a75766a1cdd.jpg,Cables Roboflow v1,train,cable wire,cable_plug,1,0.09213812960000001,,REVIEW
black-usb-cable-plugs-type-260nw-1870277137_jpg.rf.6d7101206a65ff374be9fd83b6a853a9.jpg,Cables Roboflow v1,train,cable wire,cable_plug,1,0.055627383,,REVIEW
blue-usblightning-mobile-charging-cable-260nw-1451565611_jpg.rf.ed37b9fcdb5fe9887a6d597f8fce3d58.jpg,Cables Roboflow v1,train,cable wire,cable_plug,1,0.13572848520000003,,REVIEW
borofone-bx3-skilled-charging-data-cable-for-lightning-canned-package-durable-800x800_jpg.rf.0c54a3a9cec46b72bd80f2703c7acbcb.jpg,Cables Roboflow v1,train,Cords,cable_plug,1,0.8784613037109374,,REVIEW
c17eab46cb3a8029b9714a2ea03da7bf_jpg.rf.fa236cb079ea7163d80f3cb7ee246309.jpg,Cables Roboflow v1,train,Cords,cable_plug,1,0.6189752197265624,,REVIEW
c1b375283532d9ddcbd7b34f5029f794_jpeg.rf.f7ed438d6e6a437576b94df65a27cfe9.jpg,Cables Roboflow v1,train,Charging-cable,cable_plug,1,0.6470770263671874,,REVIEW
c9bd4a2f74fc86be353ddec11e5a612c_jpeg.rf.bfcba87247b761f3ec911c5e6528660c.jpg,Cables Roboflow v1,train,Charging-cable,cable_plug,1,0.7750024414062501,,REVIEW
ca64e33065716cc713c5522f5d500d09_jpg.rf.312cb38517998d4d10bf8eff6c6475c9.jpg,Cables Roboflow v1,train,Charging-cable,cable_plug,1,0.41247131347656246,,REVIEW
cable-connector-microusb-usb-on-260nw-341028971_jpg.rf.3f126ed547793c688b2f165d173cee8d.jpg,Cables Roboflow v1,train,cable wire,cable_plug,1,0.008809912000000001,,REVIEW
cable-usb-connection-vector-illustration-260nw-712320007_jpg.rf.f876cab94f83ca7d98dd8cb0932a80c3.jpg,Cables Roboflow v1,train,cable wire,cable_plug,1,0.031201978499999998,,REVIEW
cable_img106_jpg.rf.931872080404aff8a2a0ba9a8006f29a.jpg,Cables Roboflow v1,train,Cords,cable_plug,1,0.7300781249999999,,REVIEW
cable_img107_jpg.rf.c18216109c14dd20ff130aa1f0394a30.jpg,Cables Roboflow v1,train,Cords,cable_plug,1,0.53359375,,REVIEW
cable_img109_jpg.rf.4de2ed62966fb64dc313e4edaa59b38b.jpg,Cables Roboflow v1,train,Cords,cable_plug,1,0.4214300537109375,,REVIEW
cable_img112_jpg.rf.804e7292737610042573ab69c132545f.jpg,Cables Roboflow v1,train,Cords,cable_plug,1,0.181314697265625,,REVIEW
cable_img113_jpg.rf.2831c7816d2aac9a2633b527bc191b49.jpg,Cables Roboflow v1,train,Cords,cable_plug,1,0.45503173828125004,,REVIEW
cable_img123_jpg.rf.bff0296dbbcd5a0a99350a4c6f9b439e.jpg,Cables Roboflow v1,train,Cords,cable_plug,1,0.9109375,,REVIEW
cable_img125_jpg.rf.2f71184533cc26f8765ad5d2bb364955.jpg,Cables Roboflow v1,train,Cords,cable_plug,1,0.33542724609375,,REVIEW
cable_img135_jpg.rf.bc59782f5a6a4a049d1839d8e7a26ea5.jpg,Cables Roboflow v1,train,Cords,cable_plug,1,0.928125,,REVIEW
cable_img137_jpg.rf.8488465dd47fab51ab4183085e540752.jpg,Cables Roboflow v1,train,Cords,cable_plug,2,0.25925537109375,,REVIEW
cable_img138_jpg.rf.d5d6a22be46fe14b848ef03b484f5935.jpg,Cables Roboflow v1,train,Cords,cable_plug,1,0.78125,,REVIEW
cable_img152_jpg.rf.c984b44b0444f74214208b2c3fc5c211.jpg,Cables Roboflow v1,train,Cords,cable_plug,1,0.8578125,,REVIEW
cable_img155_jpg.rf.137040aba098bc4335bb93c876f0852d.jpg,Cables Roboflow v1,train,Cords,cable_plug,1,0.47646484375,,REVIEW
cable_img160_jpg.rf.63ca59d2905de0f9c93be53d03a9306c.jpg,Cables Roboflow v1,train,Cords,cable_plug,1,0.5335845947265625,,REVIEW
cable_img162_jpg.rf.597b997cb39d9ec24a49a6b2acc40877.jpg,Cables Roboflow v1,train,Cords,cable_plug,1,0.5108642578125,,REVIEW
cable_img170_jpg.rf.e1fcb5967661ba5af551aeb4f0b14c4d.jpg,Cables Roboflow v1,train,Cords,cable_plug,1,0.521875,,REVIEW
cable_img172_jpg.rf.05e24d4135d254f72d24f1cdc63aa84a.jpg,Cables Roboflow v1,train,Cords,cable_plug,1,0.15594055175781246,,REVIEW
cable_img174_jpg.rf.4261ed179eeb511745ad338417f82e62.jpg,Cables Roboflow v1,train,Cords,cable_plug,1,0.63154296875,,REVIEW
cable_img200_jpg.rf.e430ed5f937ea14e95c05090c9733bf7.jpg,Cables Roboflow v1,train,Cords,cable_plug,3,0.271484375,,REVIEW
cable_img206_jpg.rf.d0136de1a40aac985bcd500e4a1ac970.jpg,Cables Roboflow v1,train,Cords,cable_plug,1,0.79086669921875,,REVIEW
cable_img217_jpg.rf.05943d8848b5ab02248c6d753a73ef67.jpg,Cables Roboflow v1,train,Cords,cable_plug,1,0.834375,,REVIEW
cable_img221_jpg.rf.f3d8e7bbede54870a239361736d286bd.jpg,Cables Roboflow v1,train,Cords,cable_plug,1,0.5332470703125,,REVIEW
cable_img237_jpg.rf.279544fd6924d3342060799a7bf568b5.jpg,Cables Roboflow v1,train,Cords,cable_plug,1,0.44296875,,REVIEW
cable_img242_jpg.rf.f40f4be6da2229c2bf57d7a75813c67d.jpg,Cables Roboflow v1,train,Cords,cable_plug,1,1.0,,REVIEW
cable_img244_jpg.rf.e69d879c2d1b5c9f31fb4ee248632bb4.jpg,Cables Roboflow v1,train,Cords,cable_plug,1,0.23161010742187502,,REVIEW
cable_img255_jpg.rf.03f517186c3ea7f73d64121af23e9a21.jpg,Cables Roboflow v1,train,Cords,cable_plug,1,0.4734375,,REVIEW
cable_img266_jpg.rf.c518a95d2bc2edd6ad36d922d2ac3420.jpg,Cables Roboflow v1,train,Cords,cable_plug,1,0.740625,,REVIEW
cable_img267_jpg.rf.12797f116df74b732e7aa5f980f61417.jpg,Cables Roboflow v1,train,Cords,cable_plug,1,0.3415191650390625,,REVIEW
cable_img279_jpg.rf.c1d41f85c4b04a83ecbc8d18fb06aa4d.jpg,Cables Roboflow v1,train,Cords,cable_plug,1,0.5492706298828125,,REVIEW
cable_img289_jpg.rf.c5a83d9e2a2f33952f31fb905672f7bf.jpg,Cables Roboflow v1,train,Cords,cable_plug,1,0.25503662109374997,,REVIEW
cable_img290_jpg.rf.f94531ccb31ee651849faed9bf09fe09.jpg,Cables Roboflow v1,train,Cords,cable_plug,1,0.4864013671875,,REVIEW
cable_img301_jpg.rf.0ec5bf52c71852709ab5e8f2af68b682.jpg,Cables Roboflow v1,train,Cords,cable_plug,1,0.70703125,,REVIEW
cable_img306_jpg.rf.25e7bb2d09c4c0c6083adacd1534ca58.jpg,Cables Roboflow v1,train,Cords,cable_plug,1,0.83125,,REVIEW
cable_img307_jpg.rf.014a5f004d056d33e50f2ed74844e2a6.jpg,Cables Roboflow v1,train,Cords,cable_plug,1,0.8598901367187499,,REVIEW
cable_img323_jpg.rf.92279a276af6bb1a56801d4cd182cc3f.jpg,Cables Roboflow v1,train,Cords,cable_plug,1,0.2786077880859375,,REVIEW
cable_img331_jpg.rf.0527829d58035d3c34ce22792624c5de.jpg,Cables Roboflow v1,train,Cords,cable_plug,1,0.74296875,,REVIEW
cable_img335_jpg.rf.42bc66e3378f30eca76f8cd341602a19.jpg,Cables Roboflow v1,train,Cords,cable_plug,1,1.0,,REVIEW
cable_img346_jpg.rf.7b8e4517df11c2c03648a4318fe809dc.jpg,Cables Roboflow v1,train,Cords,cable_plug,1,0.40534606933593753,,REVIEW
cable_img349_jpg.rf.a7becef00353f0aa65f608989543b1ae.jpg,Cables Roboflow v1,train,Cords,cable_plug,1,0.466929931640625,,REVIEW
cable_img351_jpg.rf.3c0495f3053e979ca0cdacf0c5d7cbf5.jpg,Cables Roboflow v1,train,Cords,cable_plug,1,0.8609375,,REVIEW
cable_img352_jpg.rf.35610c18b3dc91cd635231f9ad1751a9.jpg,Cables Roboflow v1,train,Cords,cable_plug,1,0.64076171875,,REVIEW
cable_img357_jpg.rf.5c125ec6df8eb78a94e6d407d57bb05b.jpg,Cables Roboflow v1,train,Cords,cable_plug,1,1.0,,REVIEW
cable_img365_jpg.rf.d92ba59f01a26a1c9317dd34babee1d8.jpg,Cables Roboflow v1,train,Cords,cable_plug,1,0.83203125,,REVIEW
cable_img366_jpg.rf.0102eafb515a460da3a00842cbd5e3a8.jpg,Cables Roboflow v1,train,Cords,cable_plug,2,0.27197021484375,,REVIEW
cable_img367_jpg.rf.2b9e5956864f0c6c4c6f406929319f19.jpg,Cables Roboflow v1,train,Cords,cable_plug,1,0.29375,,REVIEW
cable_img368_jpg.rf.e173718adee5944ae5a8241616f4cac2.jpg,Cables Roboflow v1,train,Cords,cable_plug,1,0.59375,,REVIEW
cable_img370_jpg.rf.9aded91a91bb379a3686ca3718f245b4.jpg,Cables Roboflow v1,train,Cords,cable_plug,1,0.447615966796875,,REVIEW
cable_img371_jpg.rf.5b1b80f604bf24de4c270ed92ff1e57f.jpg,Cables Roboflow v1,train,Cords,cable_plug,1,0.66796875,,REVIEW
cable_img380_jpg.rf.12a8bf24295bcc6034bbac2d8720d890.jpg,Cables Roboflow v1,train,Cords,cable_plug,1,0.307803955078125,,REVIEW
cable_img387_jpg.rf.d4cb39257a8838bfc47c8732138bfe0a.jpg,Cables Roboflow v1,train,Cords,cable_plug,2,0.356778564453125,,REVIEW
cable_img388_jpg.rf.c245c9a72d12097280f2dde26195460e.jpg,Cables Roboflow v1,train,Cords,cable_plug,1,0.561640625,,REVIEW
cable_img392_jpg.rf.d849c9eb985548edb65726e50d6a9d91.jpg,Cables Roboflow v1,train,Cords,cable_plug,1,0.5947265625,,REVIEW
cb10ca4856c18daf585d5cd2f8d063ba_jpeg.rf.42f27a02a9429b6e4a7a077e204a091e.jpg,Cables Roboflow v1,train,Charging-cable,cable_plug,1,0.6616204833984375,,REVIEW
cc3b8833baa8e61152640250c6e22981_jpeg.rf.46e2f6c7c5944fce2d5083a988a24b67.jpg,Cables Roboflow v1,train,Charging-cable,cable_plug,1,0.8215686035156251,,REVIEW
cd1bd4b3da0af538e67af9c3ca55edf0-mp4_webp.rf.1cb7a9211ea9b76e4ad18420b013a45e.jpg,Cables Roboflow v1,train,Cords,cable_plug,1,0.5614739990234375,,REVIEW
ceee224c5f25f0ea6616884f07ddc285_jpg.rf.b7e89c01e8e2c73a8572c4b4dc77a55f.jpg,Cables Roboflow v1,train,Charging-cable,cable_plug,1,0.4152740478515625,,REVIEW
cell-phone-cable-260nw-1081741841_jpg.rf.671fa8e5a0c218d940fa48ce0504e4c5.jpg,Cables Roboflow v1,train,cable wire,cable_plug,1,0.1702268568,,REVIEW
cf3cd7263a37d331c06ae140ae3afbb3_jpg.rf.87a3af3018e138ef62e8c7bd22e9fbb6.jpg,Cables Roboflow v1,train,Charging-cable,cable_plug,1,0.6063751220703125,,REVIEW
cf52d71cefddb2a1c41eec212c46177d_jpg.rf.a28d70bcd0eb50eca05812d397355894.jpg,Cables Roboflow v1,train,Charging-cable,cable_plug,1,0.6133941650390624,,REVIEW
charger-electricity-power-smartphone-cable-260nw-1613481382_jpg.rf.923c20afe9d52b023bb96403c94923e1.jpg,Cables Roboflow v1,train,cable wire,cable_plug,1,0.07306686359999999,,REVIEW
Charging_cables__webp.rf.b1e097354066736849198b127143f359.jpg,Cables Roboflow v1,train,Cords,cable_plug,1,0.9171356201171875,,REVIEW
coiled-black-usb-cable-isolated-260nw-1317042122_jpg.rf.8301878e92da28541a54f5a1f07a2749.jpg,Cables Roboflow v1,train,cable wire,cable_plug,1,0.022265855999999997,,REVIEW
coiled-black-usb-cable-isolated-260nw-371394781_jpg.rf.ce24418f244c8560b4c78b0eb564ef41.jpg,Cables Roboflow v1,train,cable wire,cable_plug,1,0.047740955200000004,,REVIEW
coiled-ring-usb-cable-isolated-260nw-235490773_jpg.rf.9312d22e50c1d2b3fbc4e78551850a33.jpg,Cables Roboflow v1,train,cable wire,cable_plug,1,0.0714891194,,REVIEW
cord-set_jpg.rf.cb9fd4e7c5eeb12bd8b93f6ff4bc2f57.jpg,Cables Roboflow v1,train,Cords,cable_plug,1,0.26793457031249995,,REVIEW
d10583ae124526f54cf33dca453ba61c_jpeg.rf.364dd1c462128c5df55b22e0485e6c8e.jpg,Cables Roboflow v1,train,Charging-cable,cable_plug,1,0.6581799316406249,,REVIEW
d109ea60a6548f5275a48e8555c664e3_jpg.rf.dc987f1763ca70de55e28fa228e9e8e1.jpg,Cables Roboflow v1,train,Charging-cable,cable_plug,2,0.497322998046875,,REVIEW
d2f3629bdde8a0522435be5702e56bbc_jpg.rf.a3715d584646004f28bd2cd8b910cceb.jpg,Cables Roboflow v1,train,Charging-cable,cable_plug,1,0.5893414306640625,,REVIEW
d4269a3b5e85113d1e0c36fabe998531_jpg.rf.0d8e830a49a903ddf559532922b043fe.jpg,Cables Roboflow v1,train,Charging-cable,cable_plug,1,0.486060791015625,,REVIEW
d77e32452e9df7ba839b4d510be4cfee_jpeg.rf.a1bb28de17e605972fd7a3f3e0335194.jpg,Cables Roboflow v1,train,Charging-cable,cable_plug,1,0.22933105468749998,,REVIEW
daabfed21b051a39023c4b7f835cd3ac_jpg.rf.e52394bc91379ec2570eb6261e3af895.jpg,Cables Roboflow v1,train,Charging-cable,cable_plug,1,0.35696960449218745,,REVIEW
dbc7009021bf48214187b39c6d1523aa_jpeg.rf.19f84dd7fbd01d11aea62b56cc89352a.jpg,Cables Roboflow v1,train,Charging-cable,cable_plug,1,0.35588012695312504,,REVIEW
dd50c5533e04b5dd8d4af6d2c9cf1ac9_jpg.rf.933469f2d298794cb01a376479ba44a1.jpg,Cables Roboflow v1,train,Charging-cable,cable_plug,1,0.38345581054687505,,REVIEW
deb5271e34dfc09d369ba5caf3e303dc_jpeg.rf.8df01bd0cdfbe8b1bd822574dd5566f6.jpg,Cables Roboflow v1,train,Charging-cable,cable_plug,1,0.6909027099609375,,REVIEW
df0d370846372d18e7635ebda2a0e5bc_jpg.rf.bf881a868cf2447746cfce68e249445d.jpg,Cables Roboflow v1,train,Charging-cable,cable_plug,1,0.6374481201171875,,REVIEW
diy-cord-makeover_jpg.rf.c92e5fa730519957994a003194e8fbbe.jpg,Cables Roboflow v1,train,Cords,cable_plug,3,0.2044970703125,,REVIEW
dog_image_10_jpg.rf.891c1f9013e8115b52b362b0f7c21d1a.jpg,Cables Roboflow v1,train,Cords,cable_plug,1,0.33915771484375,,REVIEW
dog_image_11_jpg.rf.8556b09cdd1ddd59f755883603b75acc.jpg,Cables Roboflow v1,train,Cords,cable_plug,1,0.52890625,,REVIEW
dog_image_31_jpg.rf.0a2b55abdcc7d208d5afe5711f2056d5.jpg,Cables Roboflow v1,train,Cords,cable_plug,1,0.48375,,REVIEW
dog_image_64_jpg.rf.929a3cdaf5faa959990bfedf8c042f86.jpg,Cables Roboflow v1,train,Cords,cable_plug,1,0.3196728515625,,REVIEW
dog_image_66_jpg.rf.4afe405bb2dc45f9c2bb4e87b74945fc.jpg,Cables Roboflow v1,train,Cords,cable_plug,1,0.6581860351562501,,REVIEW
dog_image_67_jpg.rf.e22e795aaf5e013e2e7724bbb4509d1c.jpg,Cables Roboflow v1,train,Cords,cable_plug,1,0.4153466796875,,REVIEW
dog_image_74_jpg.rf.1ed3e242e8dfab170ced72ddd90059fe.jpg,Cables Roboflow v1,train,Cords,cable_plug,1,0.3482958984375,,REVIEW
dog_image_75_jpg.rf.fa2c63f8ab7480a2fc6ce909dae5aa6b.jpg,Cables Roboflow v1,train,Cords,cable_plug,1,0.40875732421875005,,REVIEW
dog_image_78_jpg.rf.9791dfdcb405ed7802ecdb4323543658.jpg,Cables Roboflow v1,train,Cords,cable_plug,1,0.11920654296875,,REVIEW
dog_image_79_jpg.rf.f9919d9d77d70870a62ab38fa7af9075.jpg,Cables Roboflow v1,train,Cords,cable_plug,1,1.0,,REVIEW
dog_image_87_jpg.rf.f219d0c8b3684e70f7851f62bc1f90b2.jpg,Cables Roboflow v1,train,Cords,cable_plug,1,0.09879638671875,,REVIEW
dog_image_93_jpg.rf.c7429e637783e200920f87ae45e3c27d.jpg,Cables Roboflow v1,train,Cords,cable_plug,1,0.09287109375,,REVIEW
dog_image_95_jpg.rf.47bd209c3835c559b808357d34074aeb.jpg,Cables Roboflow v1,train,Cords,cable_plug,1,0.571875,,REVIEW
e05c64992998159721f150eb854b4b11_jpg.rf.b134d1b5c2e50ae8f5ac31888b14a1e4.jpg,Cables Roboflow v1,train,Charging-cable,cable_plug,1,0.7328411865234375,,REVIEW
e0c831172bbfecc533b041c8e880be7a_jpeg.rf.172a10d5fcaa20add34a343075714d62.jpg,Cables Roboflow v1,train,Charging-cable,cable_plug,1,0.518917236328125,,REVIEW
e27af196867259e857fc9befb64bd616_jpeg.rf.2491a01cb32305f8630fe252a4ee7d3c.jpg,Cables Roboflow v1,train,Charging-cable,cable_plug,1,0.31354675292968753,,REVIEW
e57870ae25667ee95348f3d62234906c_jpg.rf.a95ac93c5f8896e5465219c8c396ea6e.jpg,Cables Roboflow v1,train,Charging-cable,cable_plug,1,0.6393615722656251,,REVIEW
e59a77e2e94dbec44bb52a9061e87b52_jpg.rf.77ff8e5e4d616eaf9ad0fb26c334eabd.jpg,Cables Roboflow v1,train,Charging-cable,cable_plug,1,0.534439697265625,,REVIEW
e617a6d39a00a99fa7097dbf8bd0ee76_jpg.rf.fbcfc68fa89d81710f650ee71ab79fbf.jpg,Cables Roboflow v1,train,Charging-cable,cable_plug,1,0.4587847900390625,,REVIEW
e9f3b1214cef00f14df673ec68bf12f4_jpg.rf.12dd305590025542c6e023207625665a.jpg,Cables Roboflow v1,train,Charging-cable,cable_plug,2,0.26264343261718753,,REVIEW
eb20e500e780774e370061fd1168f82c_jpg.rf.1b45b1b98b5267f5eb0e29826c2f806c.jpg,Cables Roboflow v1,train,Charging-cable,cable_plug,1,0.7059753417968749,,REVIEW
eb9b541db1a53ec8402c4e2c3a707956_jpg.rf.f6b233e2ada121b1e3aa89cf2d717cda.jpg,Cables Roboflow v1,train,Charging-cable,cable_plug,2,0.233741455078125,,REVIEW
ebb483a9a54e1fee624da2d6c0c1ff2c_jpg.rf.a9dcbcfb2b65f3ced50844fec3da89ab.jpg,Cables Roboflow v1,train,Charging-cable,cable_plug,1,0.5940185546875001,,REVIEW
ec27a3d7bcb924e94f18a0a93b0e0f0a_jpg.rf.21d680272aa7f71b8405a4c8885bc8cb.jpg,Cables Roboflow v1,train,Cords,cable_plug,1,0.577001953125,,REVIEW
ec33ab3c197929af2d40cc4e36d7e7d1_jpg.rf.0099fd5530db48c7e9b5947cdfb43eeb.jpg,Cables Roboflow v1,train,Charging-cable,cable_plug,1,0.29541015625,,REVIEW
ed7ce0873f4d1e973eedf46eda58ecfc_jpeg.rf.59baf14dcaf20bdbc865643179bc2c62.jpg,Cables Roboflow v1,train,Charging-cable,cable_plug,1,0.508941650390625,,REVIEW
ef84f2a68316bfd059a6886c70f7ea9a_jpg.rf.52738a53a4b1e47b688c158bca27ab18.jpg,Cables Roboflow v1,train,Charging-cable,cable_plug,1,0.70281982421875,,REVIEW
exclusive-usb-power-bank-dual-260nw-1051386992_jpg.rf.b12f045ad68c69c75b35df8535ccca1f.jpg,Cables Roboflow v1,train,cable wire,cable_plug,1,0.1714010025,,REVIEW
external-hard-disc-usb-cable-260nw-249611227_jpg.rf.59d57a6443c65f021dce2ce36134c262.jpg,Cables Roboflow v1,train,cable wire,cable_plug,1,0.0479578172,,REVIEW
f5c53f4cf963f09acb7b81f2b0e0f3ce_jpg.rf.b663d25e648b285c0efcc7cbb925a4f6.jpg,Cables Roboflow v1,train,Charging-cable,cable_plug,3,0.6022796630859375,,REVIEW
fa6257dfe44365e80ad18a0c4b3e8534_jpg.rf.9d2d7c191c77d7c9034912b6d4f6a5f8.jpg,Cables Roboflow v1,train,Charging-cable,cable_plug,1,0.712457275390625,,REVIEW
fa923ed90cb2fde24a6ae6228d9d1606_jpg.rf.871a1534eed3f72a7905b341cec7f3be.jpg,Cables Roboflow v1,train,Charging-cable,cable_plug,1,0.41652099609375,,REVIEW
fbca9515667546cd80d19f052f9ef7d8_jpg.rf.0aec3f8561dc03b29539ac1bca496433.jpg,Cables Roboflow v1,train,Charging-cable,cable_plug,2,0.38763671875000005,,REVIEW
fbdc32846ef0dfae2cac2dc643ac7046_jpeg.rf.16b74286662c6c9651ffed180e544e75.jpg,Cables Roboflow v1,train,Charging-cable,cable_plug,1,0.38912353515625003,,REVIEW
fd71c72375187908de544497ed7e42b6_jpg.rf.c48ecfb202858e967aebf11da455ceea.jpg,Cables Roboflow v1,train,Charging-cable,cable_plug,3,0.54150634765625,,REVIEW
ff258599feaef8e825aa6e213f3b0fd1_jpeg.rf.7d5ffa3dc1d3d809a3a75536b275d2bf.jpg,Cables Roboflow v1,train,Charging-cable,cable_plug,1,0.44495117187500005,,REVIEW
ff7b56b871f1f25c0a3e123484dfe028_jpg.rf.933debaf3d614b57fd12c76aba9415ba.jpg,Cables Roboflow v1,train,Charging-cable,cable_plug,1,0.6778051757812501,,REVIEW
ffd9fe7e51db97ca9cfa8a94cb8160c0_jpg.rf.5a632f558ecbbe511222b1045b6b31cc.jpg,Cables Roboflow v1,train,Charging-cable,cable_plug,1,0.4311767578125,,REVIEW
flat-usb-cable-icon-vector-260nw-1939231753_jpg.rf.834e272c1bd2fc56a50a3648186646ce.jpg,Cables Roboflow v1,train,cable wire,cable_plug,1,0.059975260800000006,,REVIEW
flat-usb-cable-icon-vector-260nw-505423348_jpg.rf.bf51001dc8ad1a5ac19a3d5f700d8a2d.jpg,Cables Roboflow v1,train,cable wire,cable_plug,1,0.09416858279999998,,REVIEW
flat-usb-cable-icon-web-260nw-221924485_jpg.rf.b5af9b4554e7b1638147facc7a9dc6d8.jpg,Cables Roboflow v1,train,cable wire,cable_plug,1,0.11514305000000001,,REVIEW
folded-usb-lightning-golden-cable-260nw-444569938_jpg.rf.e8ef7718390955c39e1b6b99855d3cb9.jpg,Cables Roboflow v1,train,cable wire,cable_plug,1,0.134205,,REVIEW
green-computer-cable-isolated-on-260nw-283253051_jpg.rf.9c64e70f901b1a16f3e97b87df975c26.jpg,Cables Roboflow v1,train,cable wire,cable_plug,1,0.11484079200000001,,REVIEW
hq720_jpg.rf.a023343448ca229d2d171780551c1da4.jpg,Cables Roboflow v1,train,Cords,cable_plug,1,0.7570312499999999,,REVIEW
images-1-_jpg.rf.d51633ff760bd3cd324da9542aea53c5.jpg,Cables Roboflow v1,train,Cords,cable_plug,1,0.5627685546875,,REVIEW
images-1-_png.rf.f3d2d5f7aef0e199309ef5d85bf8588e.jpg,Cables Roboflow v1,train,Cords,cable_plug,1,0.641510009765625,,REVIEW
images-11-_jpg.rf.7e7d65107dfbf74e0c89b0ec5100005a.jpg,Cables Roboflow v1,train,Cords,cable_plug,1,0.5791381835937499,,REVIEW
images-12-_jpg.rf.125e23566569ec586225f6e7da1e5fe8.jpg,Cables Roboflow v1,train,Cords,cable_plug,1,0.6642993164062501,,REVIEW
images-13-_jpg.rf.2003608269307383ca919f70c0c1ab91.jpg,Cables Roboflow v1,train,Cords,cable_plug,1,0.838829345703125,,REVIEW
images-2-_jpg.rf.f1b4f9e101d7932ca40f9ac80e553479.jpg,Cables Roboflow v1,train,Cords,cable_plug,1,0.9156903076171875,,REVIEW
images-3-_jpg.rf.a8009b468b3d64f2f14b6c40155dd04d.jpg,Cables Roboflow v1,train,Cords,cable_plug,1,0.7738110351562499,,REVIEW
images-4-_jpg.rf.77079d1b8c6fc49a243c0dbec27dd2d1.jpg,Cables Roboflow v1,train,Cords,cable_plug,1,0.6383044433593751,,REVIEW
images-5-_jpg.rf.59c03813c8eb344fb4c2d4542962f41a.jpg,Cables Roboflow v1,train,Cords,cable_plug,1,0.914732666015625,,REVIEW
images-6-_jpg.rf.da911202fef83d495e7d84e4ac76bf95.jpg,Cables Roboflow v1,train,Cords,cable_plug,1,0.89285888671875,,REVIEW
images_png.rf.4c20b2cc40265e0d11f2b9770d416ab1.jpg,Cables Roboflow v1,train,Cords,cable_plug,1,0.7182855224609376,,REVIEW
image_195_jpg.rf.535cc20ee082afbc302b0b87ad68301d.jpg,Cables Roboflow v1,train,Cords,cable_plug,1,0.8625,,REVIEW
image_247_jpg.rf.828536bac56dfae19fbf9128a9db2966.jpg,Cables Roboflow v1,train,Cords,cable_plug,2,0.8390625,,REVIEW
image_346_jpg.rf.2f1a907d8af6c14bab98cdae797f9cf5.jpg,Cables Roboflow v1,train,Cords,cable_plug,1,0.42630187988281243,,REVIEW
image_434_jpg.rf.c11853673172c30a21b5dc467f5deb28.jpg,Cables Roboflow v1,train,Cords,cable_plug,1,0.467490234375,,REVIEW
image_9_jpg.rf.ba5fd3efa5e36ed4d13b80badf8d9c5f.jpg,Cables Roboflow v1,train,Cords,cable_plug,1,0.790625,,REVIEW
img-7136-500x500_webp.rf.f417d47e0a590ef0a79381d779c631d0.jpg,Cables Roboflow v1,train,Cords,cable_plug,1,0.749158935546875,,REVIEW
IMG_20250405_100539_944_jpg.rf.63e8a9c64f389662b254dc7b93db20f8.jpg,Cables Roboflow v1,train,Cords,cable_plug,1,0.2731201171875,,REVIEW
IMG_20250405_100539_982_jpg.rf.6a02ba8441272de613b627beaa7e82b1.jpg,Cables Roboflow v1,train,Cords,cable_plug,1,0.6311523437500001,,REVIEW
IMG_20250405_100540_180_jpg.rf.1b4885d6816881f7a01cf4c5b8f250e8.jpg,Cables Roboflow v1,train,Cords,cable_plug,1,0.5665966796874999,,REVIEW
IMG_20250405_100540_219_jpg.rf.027821d928077253453c1872b2ef85a8.jpg,Cables Roboflow v1,train,Cords,cable_plug,1,0.3613671875,,REVIEW
IMG_20250405_100540_244_jpg.rf.b17fefcc45ddfa1e0ce63e96669dabab.jpg,Cables Roboflow v1,train,Cords,cable_plug,1,0.53708740234375,,REVIEW
IMG_20250405_100540_270_jpg.rf.78f89457d92fa7de596252ed8ca94820.jpg,Cables Roboflow v1,train,Cords,cable_plug,1,0.42031005859375,,REVIEW
IMG_20250405_100540_307_jpg.rf.2ab8ebe1cb2554b8b6ab4bc898b12d57.jpg,Cables Roboflow v1,train,Cords,cable_plug,1,0.6688751220703125,,REVIEW
IMG_20250405_100540_598_jpg.rf.9a436f4181811e4c245fa3ad546d3ccb.jpg,Cables Roboflow v1,train,Cords,cable_plug,1,0.7126837158203124,,REVIEW
IMG_20250405_100540_600_jpg.rf.7083a4b9afb57a1ac66c4a82297a53ed.jpg,Cables Roboflow v1,train,Cords,cable_plug,1,0.43023681640625,,REVIEW
IMG_20250405_100540_711_jpg.rf.9066553215b2a6aa4baa87b2bd73114c.jpg,Cables Roboflow v1,train,Cords,cable_plug,1,0.4720672607421875,,REVIEW
IMG_20250405_100545_981_jpg.rf.6d7e229b67649773d992083464bc11b9.jpg,Cables Roboflow v1,train,Cords,cable_plug,1,0.6422296142578126,,REVIEW
IMG_20250405_100545_995_jpg.rf.eb67b12974a523bb8691143473af9742.jpg,Cables Roboflow v1,train,Cords,cable_plug,1,0.610169677734375,,REVIEW
IMG_20250405_100546_418_jpg.rf.f1315c098d3a5a64bcdafe27b70b9f42.jpg,Cables Roboflow v1,train,Cords,cable_plug,1,0.70359375,,REVIEW
IMG_20250405_100546_438_jpg.rf.12c773cd1706e74a2bad055867f88501.jpg,Cables Roboflow v1,train,Cords,cable_plug,1,0.6158905029296875,,REVIEW
IMG_20250405_100546_440_jpg.rf.87c23d2a9268bfa2a98605882e1308b7.jpg,Cables Roboflow v1,train,Cords,cable_plug,1,0.716455078125,,REVIEW
IMG_20250405_100546_606_jpg.rf.c466e08d2b6fb18934d4db4b221d37a3.jpg,Cables Roboflow v1,train,Cords,cable_plug,1,0.8965228271484375,,REVIEW
IMG_20250405_100546_712_jpg.rf.3cb84191bafb37ba90e90f9fdeb06288.jpg,Cables Roboflow v1,train,Cords,cable_plug,1,0.6527838134765626,,REVIEW
IMG_20250405_100546_730_jpg.rf.3757919820126b16bd3584c32860b52f.jpg,Cables Roboflow v1,train,Cords,cable_plug,1,0.382470703125,,REVIEW
IMG_20250405_100546_808_jpg.rf.674817ab30177dc9908d2f3607604988.jpg,Cables Roboflow v1,train,Cords,cable_plug,1,0.6974902343749999,,REVIEW
IMG_20250405_100546_924_jpg.rf.ab83172ef9b8a402e8fcfe44e4feb494.jpg,Cables Roboflow v1,train,Cords,cable_plug,1,0.776630859375,,REVIEW
IMG_20250405_100552_683_jpg.rf.0fd70a445a0809621f5d90b1b0729a7e.jpg,Cables Roboflow v1,train,Cords,cable_plug,1,0.6728741455078124,,REVIEW
IMG_20250405_100552_695_jpg.rf.d612377991041d041ae77fed22fb6cbc.jpg,Cables Roboflow v1,train,Cords,cable_plug,1,0.70822265625,,REVIEW
IMG_20250405_100552_740_jpg.rf.7e2b0f1664b1a3e4bfdf5c45af74d42c.jpg,Cables Roboflow v1,train,Cords,cable_plug,1,0.6680963134765625,,REVIEW
IMG_20250405_100552_784_jpg.rf.35422eafe1284c9c0accb3885ce09c78.jpg,Cables Roboflow v1,train,Cords,cable_plug,1,0.5651733398437501,,REVIEW
IMG_20250405_100553_002_jpg.rf.96e094fa92e4b8d308179cf61492fa73.jpg,Cables Roboflow v1,train,Cords,cable_plug,1,0.53253662109375,,REVIEW
IMG_20250405_100553_003_jpg.rf.17bc4be88be42c63e9e447093223dacc.jpg,Cables Roboflow v1,train,Cords,cable_plug,1,0.6005664062499999,,REVIEW
IMG_20250405_100553_046_jpg.rf.75f469294f9021d9ccac50bb9ed4109f.jpg,Cables Roboflow v1,train,Cords,cable_plug,1,0.4279022216796875,,REVIEW
IMG_20250405_100553_366_jpg.rf.4af4b28007bc452514b02ce1cc8a0f21.jpg,Cables Roboflow v1,train,Cords,cable_plug,1,0.4546234130859375,,REVIEW
IMG_20250405_100553_658_jpg.rf.cec02901c3719539edf95eb888771c52.jpg,Cables Roboflow v1,train,Cords,cable_plug,1,0.4358978271484375,,REVIEW
IMG_20250405_100553_664_jpg.rf.e638a7b555e8d1efabcaef2cbcc0437f.jpg,Cables Roboflow v1,train,Cords,cable_plug,1,0.43344726562499997,,REVIEW
IMG_20250405_100556_795_jpg.rf.754f5ea22db31de9ddccd2b94e8de4d9.jpg,Cables Roboflow v1,train,Cords,cable_plug,1,0.8337310791015625,,REVIEW
IMG_4977-20230808-115611-_JPG.rf.0dfe56a3517011f8a1809a9d99e0888e.jpg,Cables Roboflow v1,train,wires,cable_plug,1,0.39965576171875,,REVIEW
IMG_4980-20230808-115645-_JPG.rf.724bfd3cfd43a11fabaa4341b9069e6c.jpg,Cables Roboflow v1,train,wires,cable_plug,1,0.7658642578125,DUP10,REVIEW
IMG_4980-20230808-115645-_JPG.rf.93cc35181acb9817e91c43fcb58fa55b.jpg,Cables Roboflow v1,train,wires,cable_plug,1,0.7630615234375,DUP10,REVIEW
IMG_4981-20230808-115648-_JPG.rf.39ce38c9538c5f7cb46b2cc7c6798b5e.jpg,Cables Roboflow v1,train,wires,cable_plug,1,0.5426409912109376,,REVIEW
IMG_4983-20230808-115717-_JPG.rf.0baa176490b3888ea1b3fd4eee143d0b.jpg,Cables Roboflow v1,train,wires,cable_plug,2,0.376875,DUP11,REVIEW
IMG_4983-20230808-115717-_JPG.rf.f5df931790cfb538c9ad6eb8d67ad23e.jpg,Cables Roboflow v1,train,wires,cable_plug,2,0.48970458984375,DUP11,REVIEW
IMG_4984-20230808-115721-_JPG.rf.1ba5c5ab51d5a36979f5c7170608ba50.jpg,Cables Roboflow v1,train,wires,cable_plug,1,0.6021606445312501,DUP12,REVIEW
IMG_4984-20230808-115721-_JPG.rf.2d0af48942580fe2bfe226fe9a2b2c86.jpg,Cables Roboflow v1,train,wires,cable_plug,1,0.554205322265625,DUP12,REVIEW
IMG_4986-20230808-115728-_JPG.rf.62160c7f473da924e7ebb64ddf690922.jpg,Cables Roboflow v1,train,wires,cable_plug,1,0.6138470458984375,,REVIEW
IMG_4990_JPG.rf.d5e208200f44ec4048161b6579ae7899.jpg,Cables Roboflow v1,train,wires,cable_plug,1,0.6486126708984375,,REVIEW
IMG_5092_JPG.rf.88b5fc60f78595040ec22a0f5622303d.jpg,Cables Roboflow v1,train,wires,cable_plug,1,0.26901611328125,,REVIEW
IMG_5105_JPG.rf.34a764320fdd603e7489b61a4bc5735b.jpg,Cables Roboflow v1,train,wires,cable_plug,1,0.6706823730468751,,REVIEW
IMG_5118_JPG.rf.dce5956a025a8ec1cb64cce4ce0c0cc8.jpg,Cables Roboflow v1,train,wires,cable_plug,1,0.5861962890625,,REVIEW
IMG_5134_JPG.rf.64a3852ed432fd4d3e20aa248b9e8331.jpg,Cables Roboflow v1,train,wires,cable_plug,1,0.501806640625,,REVIEW
IMG_5140_JPG.rf.5e5d168a9d082aafe15ab7903f7b8508.jpg,Cables Roboflow v1,train,wires,cable_plug,1,0.627353515625,,REVIEW
IMG_5142_JPG.rf.fdae214b2ad63b7da37d5b96f6e9d0af.jpg,Cables Roboflow v1,train,wires,cable_plug,1,0.2986376953125,,REVIEW
IMG_5145_JPG.rf.03dff94ddba5a4b055fa8158b96da4ae.jpg,Cables Roboflow v1,train,wires,cable_plug,1,0.61740234375,,REVIEW
IMG_5150_JPG.rf.5e3fc5eabb48a738dcfc46b350620614.jpg,Cables Roboflow v1,train,wires,cable_plug,1,0.36549560546875,,REVIEW
IMG_5151_JPG.rf.848d70d0b802dedb0ec86732e9ee8008.jpg,Cables Roboflow v1,train,wires,cable_plug,1,0.7107336425781249,,REVIEW
istockphoto-1203702378-612x612_jpg.rf.351f009adc53d5ad479cde0b7346002e.jpg,Cables Roboflow v1,train,Cords,cable_plug,1,0.6562243652343751,,REVIEW
istockphoto-1219243078-612x612_jpg.rf.1b3b3e2dbc7d0a0038cc5bd9a0e15932.jpg,Cables Roboflow v1,train,Cords,cable_plug,1,0.40312499999999996,,REVIEW
istockphoto-484719630-612x612_jpg.rf.788521d07f980e8d9e335ae1b166f62f.jpg,Cables Roboflow v1,train,Cords,cable_plug,1,0.43528320312499996,,REVIEW
istockphoto-497749772-612x612_jpg.rf.20b5df3acd5438022ef2e8f2f8591dce.jpg,Cables Roboflow v1,train,Cords,cable_plug,1,0.84390380859375,,REVIEW
Ldnio-Ls550-Usb-Cable-Mobile-Phone-Charging-Cable-2_1-A-Fast-ChargingIn-Sri-Lanka-Otc_lk__png.rf.6b0114f85fb208fd8f9a622adf27da8d.jpg,Cables Roboflow v1,train,Cords,cable_plug,1,0.3268212890625,,REVIEW
led-tv-power-supply-cord_jpeg.rf.a26057503803a40fc279fd372c815ed3.jpg,Cables Roboflow v1,train,Cords,cable_plug,1,0.6091406250000001,,REVIEW
lg-tv-genuine-brand-new-power-cord-cable-ead62348808_jpg.rf.6b873c41111148aabf5a79f9ffa91254.jpg,Cables Roboflow v1,train,Cords,cable_plug,1,0.4780126953125,,REVIEW
long-yellow-usb-cable-on-260nw-1263894637_jpg.rf.fe5f35f6ae0fe22421f07463dff87d0a.jpg,Cables Roboflow v1,train,cable wire,cable_plug,1,0.14102649800000003,,REVIEW
mico-usb-cable-260nw-518447116_jpg.rf.0de1b937f78f7e0174333de9d332ac9b.jpg,Cables Roboflow v1,train,cable wire,cable_plug,1,0.04419468,,REVIEW
micro-usb-cable-isolated-on-260nw-1654276372_jpg.rf.7de321e99f44e1c3d4c4f8f0684d7c33.jpg,Cables Roboflow v1,train,cable wire,cable_plug,1,0.1558536122,,REVIEW
mobile-phone-charger-top-view-260nw-723460495_webp.rf.2d53494f4d92f1988c6d7dc1f8de9d1f.jpg,Cables Roboflow v1,train,Cords,cable_plug,1,0.39934692382812503,,REVIEW
Permanent-Wiring_jpg.rf.fd2ad902548509a9ba19614688896e3e.jpg,Cables Roboflow v1,train,Cords,cable_plug,1,0.5054809570312501,,REVIEW
ph-11134207-7qul3-lkix3iyk3wamb0_jpg.rf.35d8cf455296700945d2c5ccc2faaa9c.jpg,Cables Roboflow v1,train,Cords,cable_plug,1,0.44958251953124995,,REVIEW
png-transparent-battery-charger-hdmi-electrical-cable-usb-black-charging-line-black-hair-cable-mobile-phone_png.rf.f6265d0f71a9efec0686c7ce5ebbc556.jpg,Cables Roboflow v1,train,Cords,cable_plug,1,0.66069580078125,,REVIEW
Premium-Patch-Cords_jpg.rf.860713ae2d9dfff4ac646bf43cd6b8cf.jpg,Cables Roboflow v1,train,Cords,cable_plug,1,0.500390625,,REVIEW
product-jpeg-250x250_webp.rf.fb3fe02858d225d75741476c9e2b265e.jpg,Cables Roboflow v1,train,Cords,cable_plug,1,0.5207006835937501,,REVIEW
product-jpeg_jpg.rf.b12f0fa977b56117d9db31be1a16412d.jpg,Cables Roboflow v1,train,Cords,cable_plug,1,0.578397216796875,,REVIEW
realistic-vector-illustration-lightning-usb-260nw-1180424011_jpg.rf.9dd6a3ebd048539f5b0d3fa79b07a756.jpg,Cables Roboflow v1,train,cable wire,cable_plug,1,0.14958366160000003,,REVIEW
red-usb-cable-plug-260nw-362169695_jpg.rf.c33fbab568dd9c60dfb5487e0d89c64a.jpg,Cables Roboflow v1,train,cable wire,cable_plug,1,0.04148855369999999,,REVIEW
s-l1200_jpg.rf.946ffe02af95e2410ba6b6685b2e49e8.jpg,Cables Roboflow v1,train,Cords,cable_plug,1,0.43322753906249994,,REVIEW
SCA-SCA_1_jpg.rf.55f457d9d203d5a6351980047d98e684.jpg,Cables Roboflow v1,train,Cords,cable_plug,1,0.61322021484375,,REVIEW
sdfghj_jpg.rf.e462b2f532e9ed644be5f2aa1e17ba1f.jpg,Cables Roboflow v1,train,cable wire,cable_plug,1,0.48843499279999997,,REVIEW
top-view-white-color-data-260nw-586409690_jpg.rf.1d126cfd2a71db8c5cd04d6ddf0649a3.jpg,Cables Roboflow v1,train,cable wire,cable_plug,1,0.12403244079999998,,REVIEW
top-view-white-color-data-260nw-591171032_jpg.rf.885cc6e923e0990df5a3b6781f47a68f.jpg,Cables Roboflow v1,train,cable wire,cable_plug,1,0.10220296680000002,,REVIEW
top-view-white-color-telephone-260nw-586408841_jpg.rf.968357c7a52b2733b6d7e50c0a2d1942.jpg,Cables Roboflow v1,train,cable wire,cable_plug,1,0.09805403520000001,,REVIEW
usb-cable-260nw-226815199_jpg.rf.a3510cf774a506b1a64f4a40ef4e2436.jpg,Cables Roboflow v1,train,cable wire,cable_plug,1,0.019009104000000002,,REVIEW
usb-cable-260nw-57282811_jpg.rf.5b7857d76664456f44b36269fa3d41c7.jpg,Cables Roboflow v1,train,cable wire,cable_plug,1,0.027110406400000005,,REVIEW
usb-cable-plugs-on-white-260nw-110752040_jpg.rf.8dca492468cd4d167cf282a4578f5d39.jpg,Cables Roboflow v1,train,cable wire,cable_plug,1,0.0282536386,,REVIEW
usb-cable-smartphone-on-white-260nw-303244265_jpg.rf.a258d38da45c31820015444d081229f0.jpg,Cables Roboflow v1,train,cable wire,cable_plug,1,0.0988857756,,REVIEW
usb-charging-cable-500x500_webp.rf.bbd7dad2059230c78f98f08d783ebf04.jpg,Cables Roboflow v1,train,Cords,cable_plug,1,0.770185546875,DUP08,REVIEW
usb-charging-cable-type-c-3a-super-fast-charger-cable-mobile-phone-data-cable-usb-cable-type-c-for-iphone-for-android0-0307618001713160134_500_jpg.rf.5ba4fba22f620f496d7a63ba2885e29d.jpg,Cables Roboflow v1,train,Cords,cable_plug,1,0.46797119140625,,REVIEW
U_S__power_cord_IEC_320_agr_jpg.rf.1a5a0937383961d8ad1ce3dd64a5fa09.jpg,Cables Roboflow v1,train,Cords,cable_plug,1,0.65906005859375,,REVIEW
