file_name,source_dataset,original_split,original_label,esafe_label,augmentation_type,source_family,object_count,largest_bbox_ratio,is_cross_split_family,is_primary_candidate,duplicate_group,missing_source_annotation,selection_status
100_flipped_jpg.rf.3d296e8ae7e0dae14f55b889c053faac.jpg,sacmaytinh Roboflow v1,train,computer_charger,charger_adapter,flipped,100,1,0.279898681640625,True,False,,False,REVIEW
100_rotate270_jpg.rf.9158bd38076810944b661ecbc802cb7a.jpg,sacmaytinh Roboflow v1,train,computer_charger,charger_adapter,rotate270,100,1,0.2787396240234375,True,False,,False,REVIEW
100_rotate90_jpg.rf.1ccdb5bd4ac3facc983bc90ac194b5f5.jpg,sacmaytinh Roboflow v1,train,computer_charger,charger_adapter,rotate90,100,1,0.3353796386718749,True,False,,False,REVIEW
10_flipped_jpg.rf.f4264c5a24aa2570c0cb06cfb5061af4.jpg,sacmaytinh Roboflow v1,train,computer_charger,charger_adapter,flipped,10,1,0.34281005859375,False,True,,False,REVIEW
10_rotate180_jpg.rf.71efee5518456d616ea07f6c4105795d.jpg,sacmaytinh Roboflow v1,train,computer_charger,charger_adapter,rotate180,10,1,0.32731201171875,False,False,,False,REVIEW
10_rotate270_jpg.rf.740a87fbdaec09f58e64fa788dc044c7.jpg,sacmaytinh Roboflow v1,train,computer_charger,charger_adapter,rotate270,10,1,0.39002563476562496,False,False,,False,REVIEW
10_rotate90_jpg.rf.672d89691161d0720a2f2a20dd5baa86.jpg,sacmaytinh Roboflow v1,train,computer_charger,charger_adapter,rotate90,10,1,0.348212890625,False,False,,False,REVIEW
11_jpg.rf.6fc0a6b42ae442f8cb625795ed56ca2e.jpg,sacmaytinh Roboflow v1,train,computer_charger,charger_adapter,original,11,1,0.22922973632812502,True,True,,False,REVIEW
11_rotate270_jpg.rf.a3c1a769ff7e4c1ba3ae19b2a08ae946.jpg,sacmaytinh Roboflow v1,train,computer_charger,charger_adapter,rotate270,11,1,0.23708496093749998,True,False,,False,REVIEW
12_flipped_jpg.rf.6c2b71b6349d4b47d2cb1d6463d4a77c.jpg,sacmaytinh Roboflow v1,train,computer_charger,charger_adapter,flipped,12,1,0.1879736328125,True,False,,False,REVIEW
12_rotate270_jpg.rf.6bcc80fea7f295a1080b451f554c0d14.jpg,sacmaytinh Roboflow v1,train,computer_charger,charger_adapter,rotate270,12,1,0.234031982421875,True,False,,False,REVIEW
13_flipped_jpg.rf.1688cd4710458df946f137388f0526f7.jpg,sacmaytinh Roboflow v1,train,computer_charger,charger_adapter,flipped,13,1,0.382342529296875,True,False,,False,REVIEW
13_jpg.rf.d2e3feda710fb5485f02e55ea57abcb4.jpg,sacmaytinh Roboflow v1,train,computer_charger,charger_adapter,original,13,1,0.4236663818359375,True,True,,False,REVIEW
13_rotate90_jpg.rf.c769b4ade87d65686fa12493286c432a.jpg,sacmaytinh Roboflow v1,train,computer_charger,charger_adapter,rotate90,13,1,0.36175781250000005,True,False,,False,REVIEW
14_flipped_jpg.rf.d41055c0cdfc75330ab38d8391fc78e9.jpg,sacmaytinh Roboflow v1,train,computer_charger,charger_adapter,flipped,14,1,0.515379638671875,False,True,,False,REVIEW
14_rotate180_jpg.rf.b4a1d38703381c0ae8ad99d3022a35e9.jpg,sacmaytinh Roboflow v1,train,computer_charger,charger_adapter,rotate180,14,1,0.6206396484375001,False,False,,False,REVIEW
14_rotate270_jpg.rf.99a2c6f98b5756f2649be29f6c0e705c.jpg,sacmaytinh Roboflow v1,train,computer_charger,charger_adapter,rotate270,14,1,0.4923553466796875,False,False,,False,REVIEW
14_rotate90_jpg.rf.a0c07c3b5920a2ef04460432ff5dd317.jpg,sacmaytinh Roboflow v1,train,computer_charger,charger_adapter,rotate90,14,1,0.67414794921875,False,False,,False,REVIEW
15_jpg.rf.f832b0b8823e124ca6d9e4574188cc42.jpg,sacmaytinh Roboflow v1,train,computer_charger,charger_adapter,original,15,1,0.51494384765625,True,True,,False,REVIEW
15_rotate180_jpg.rf.9e53cac19029cad598dfd028ecbda529.jpg,sacmaytinh Roboflow v1,train,computer_charger,charger_adapter,rotate180,15,1,0.33716552734375,True,False,,False,REVIEW
15_rotate270_jpg.rf.0b43fc4e31a621efcab4916ca1e1ceb0.jpg,sacmaytinh Roboflow v1,train,computer_charger,charger_adapter,rotate270,15,1,0.302850341796875,True,False,,False,REVIEW
15_rotate90_jpg.rf.111b318f917f11e7c1ac782ca727976e.jpg,sacmaytinh Roboflow v1,train,computer_charger,charger_adapter,rotate90,15,1,0.265546875,True,False,,False,REVIEW
16_jpg.rf.0039c5a88ee97f06c1a9ffc002ed8484.jpg,sacmaytinh Roboflow v1,train,computer_charger,charger_adapter,original,16,1,0.30580688476562495,True,True,,False,REVIEW
16_rotate90_jpg.rf.27339f72b6b8afc5d9105a4def449a0a.jpg,sacmaytinh Roboflow v1,train,computer_charger,charger_adapter,rotate90,16,1,0.381416015625,True,False,,False,REVIEW
17_jpg.rf.565b8262ca027e95be26b8ff1a7227ee.jpg,sacmaytinh Roboflow v1,train,computer_charger,charger_adapter,original,17,1,0.283709716796875,False,True,,False,REVIEW
17_rotate180_jpg.rf.ef59417260edd0446c249e4867cb9321.jpg,sacmaytinh Roboflow v1,train,computer_charger,charger_adapter,rotate180,17,1,0.31068603515625004,False,False,,False,REVIEW
17_rotate270_jpg.rf.7fd94b57ab95ec354e5921fba4da0f25.jpg,sacmaytinh Roboflow v1,train,computer_charger,charger_adapter,rotate270,17,1,0.261661376953125,False,False,,False,REVIEW
17_rotate90_jpg.rf.ecaa3dee3dc74a6eeb237ccd07ac86c2.jpg,sacmaytinh Roboflow v1,train,computer_charger,charger_adapter,rotate90,17,1,0.2410711669921875,False,False,,False,REVIEW
18_rotate180_jpg.rf.bee878f629a63ce72e413a5b8b70c5b2.jpg,sacmaytinh Roboflow v1,train,computer_charger,charger_adapter,rotate180,18,1,0.22041625976562498,True,True,,False,REVIEW
18_rotate270_jpg.rf.dbc3a3c95deabc098115d41070c831c0.jpg,sacmaytinh Roboflow v1,train,computer_charger,charger_adapter,rotate270,18,1,0.2296875,True,False,,False,REVIEW
18_rotate90_jpg.rf.b7e9bf285321237df5ef7e373c581f7b.jpg,sacmaytinh Roboflow v1,train,computer_charger,charger_adapter,rotate90,18,1,0.23169799804687496,True,False,,False,REVIEW
1_flipped_jpg.rf.05c729e4f55fde11d05bceda6442650b.jpg,sacmaytinh Roboflow v1,train,computer_charger,charger_adapter,flipped,1,1,0.18906494140625002,True,False,,False,REVIEW
1_jpg.rf.f9c43b8cef455de2c66a6d5a44a39a4d.jpg,sacmaytinh Roboflow v1,train,computer_charger,charger_adapter,original,1,1,0.192261962890625,True,True,,False,REVIEW
1_rotate180_jpg.rf.009aeb73b0ce4713ebb57c31a8f386e0.jpg,sacmaytinh Roboflow v1,train,computer_charger,charger_adapter,rotate180,1,1,0.2151123046875,True,False,,False,REVIEW
1_rotate90_jpg.rf.ffe510e5c091d0b0ab019e81fc40b78b.jpg,sacmaytinh Roboflow v1,train,computer_charger,charger_adapter,rotate90,1,1,0.1957763671875,True,False,,False,REVIEW
20_flipped_jpg.rf.7fd31d0cc585f49c40ccb7db165635c6.jpg,sacmaytinh Roboflow v1,train,computer_charger,charger_adapter,flipped,20,1,0.20564208984375001,True,False,,False,REVIEW
20_jpg.rf.be54a686d22980e31bd36a600535e5ef.jpg,sacmaytinh Roboflow v1,train,computer_charger,charger_adapter,original,20,1,0.22412841796875002,True,True,,False,REVIEW
20_rotate270_jpg.rf.095a9e6c2504fa957cea378e9e469ce2.jpg,sacmaytinh Roboflow v1,train,computer_charger,charger_adapter,rotate270,20,1,0.217413330078125,True,False,,False,REVIEW
20_rotate90_jpg.rf.96f94e79dd465ad2b1473dc6c85059a9.jpg,sacmaytinh Roboflow v1,train,computer_charger,charger_adapter,rotate90,20,1,0.19271728515625,True,False,,False,REVIEW
21_rotate180_jpg.rf.590fcd0665fe836c1703aaeaa4cf5684.jpg,sacmaytinh Roboflow v1,train,computer_charger,charger_adapter,rotate180,21,1,0.20050048828125,True,False,,False,REVIEW
21_rotate270_jpg.rf.9ff2720eba680d953a00bd1882eee992.jpg,sacmaytinh Roboflow v1,train,computer_charger,charger_adapter,rotate270,21,1,0.2105804443359375,True,False,,False,REVIEW
21_rotate90_jpg.rf.c0cc927d1dbb25bb2c6ad67a2135e95a.jpg,sacmaytinh Roboflow v1,train,computer_charger,charger_adapter,rotate90,21,1,0.1738165283203125,True,False,,False,REVIEW
22_flipped_jpg.rf.049eee502cb35fac7511a8c060152f69.jpg,sacmaytinh Roboflow v1,train,computer_charger,charger_adapter,flipped,22,1,0.17251098632812498,False,False,,False,REVIEW
22_jpg.rf.ee74bac22614cb4411c88a2db46e6984.jpg,sacmaytinh Roboflow v1,train,computer_charger,charger_adapter,original,22,1,0.1459259033203125,False,True,,False,REVIEW
22_rotate180_jpg.rf.35d19efb81eff10258a468caf4757e86.jpg,sacmaytinh Roboflow v1,train,computer_charger,charger_adapter,rotate180,22,1,0.19510620117187502,False,False,,False,REVIEW
22_rotate270_jpg.rf.1eae2079be287abc77e9e9a3d7ea518f.jpg,sacmaytinh Roboflow v1,train,computer_charger,charger_adapter,rotate270,22,1,0.214715576171875,False,False,,False,REVIEW
22_rotate90_jpg.rf.7e3890d5a4e3183f2eb188d4908394cc.jpg,sacmaytinh Roboflow v1,train,computer_charger,charger_adapter,rotate90,22,1,0.18675659179687498,False,False,,False,REVIEW
23_rotate90_jpg.rf.27461bc1bde54b799f002bf0c6d129ef.jpg,sacmaytinh Roboflow v1,train,computer_charger,charger_adapter,rotate90,23,1,0.12449951171875,True,False,,False,REVIEW
24_flipped_jpg.rf.a439b8d77b09b55ce15736866e1c4886.jpg,sacmaytinh Roboflow v1,train,computer_charger,charger_adapter,flipped,24,1,0.24681152343749999,False,False,,False,REVIEW
24_jpg.rf.999c5f676ce0de0bc8991e21b8453e51.jpg,sacmaytinh Roboflow v1,train,computer_charger,charger_adapter,original,24,1,0.20502136230468748,False,True,,False,REVIEW
24_rotate270_jpg.rf.ca1df6c782ea89763a429b33fb713c32.jpg,sacmaytinh Roboflow v1,train,computer_charger,charger_adapter,rotate270,24,1,0.20711547851562498,False,False,,False,REVIEW
24_rotate90_jpg.rf.c80f591c2e888484f8f37e6dec58edd8.jpg,sacmaytinh Roboflow v1,train,computer_charger,charger_adapter,rotate90,24,1,0.21368408203125,False,False,,False,REVIEW
25_flipped_jpg.rf.9f7f3d76fbf4fb42fec94afc4ae3c808.jpg,sacmaytinh Roboflow v1,train,computer_charger,charger_adapter,flipped,25,1,0.193115234375,False,False,,False,REVIEW
25_jpg.rf.11813a6f3a300ad89ae520aaa4d2093c.jpg,sacmaytinh Roboflow v1,train,computer_charger,charger_adapter,original,25,1,0.1932220458984375,False,True,,False,REVIEW
25_rotate180_jpg.rf.fc201d376906b81512b2ed12a8fbca9a.jpg,sacmaytinh Roboflow v1,train,computer_charger,charger_adapter,rotate180,25,1,0.2058929443359375,False,False,,False,REVIEW
26_flipped_jpg.rf.f2bc840b7e2ce366527d335fa140ef38.jpg,sacmaytinh Roboflow v1,train,computer_charger,charger_adapter,flipped,26,1,0.199322509765625,True,False,,False,REVIEW
26_rotate180_jpg.rf.c88f2a39d9d85dc81c1d38e3a1bf3d56.jpg,sacmaytinh Roboflow v1,train,computer_charger,charger_adapter,rotate180,26,1,0.22141601562500002,True,False,,False,REVIEW
27_flipped_jpg.rf.03ec1e61010a60932f27ad9ec8c3ba28.jpg,sacmaytinh Roboflow v1,train,computer_charger,charger_adapter,flipped,27,1,0.42468505859375,True,False,,False,REVIEW
27_rotate180_jpg.rf.e4ed4190f7ad4b6208e95881fbdffad8.jpg,sacmaytinh Roboflow v1,train,computer_charger,charger_adapter,rotate180,27,1,0.32935546875,True,False,,False,REVIEW
27_rotate270_jpg.rf.c13ead89705cf27361f22360a35a1608.jpg,sacmaytinh Roboflow v1,train,computer_charger,charger_adapter,rotate270,27,1,0.3186822509765625,True,False,,False,REVIEW
27_rotate90_jpg.rf.09efe8d042b8d3ca8cc26db739514906.jpg,sacmaytinh Roboflow v1,train,computer_charger,charger_adapter,rotate90,27,1,0.402294921875,True,False,,False,REVIEW
28_flipped_jpg.rf.64511d378697ba52d68d06f7b34e1838.jpg,sacmaytinh Roboflow v1,train,computer_charger,charger_adapter,flipped,28,1,0.38366455078125006,True,False,XDUP01,False,REVIEW
28_rotate180_jpg.rf.ae15f9644d1f1d4e376698665df96152.jpg,sacmaytinh Roboflow v1,train,computer_charger,charger_adapter,rotate180,28,1,0.375848388671875,True,False,XDUP01,False,REVIEW
29_jpg.rf.a586a60d4cef22f797ce2bd911b335dc.jpg,sacmaytinh Roboflow v1,train,computer_charger,charger_adapter,original,29,1,0.38284912109375,True,True,,False,REVIEW
29_rotate90_jpg.rf.ed060b969195188f392c9b53e000a071.jpg,sacmaytinh Roboflow v1,train,computer_charger,charger_adapter,rotate90,29,1,0.372567138671875,True,False,,False,REVIEW
2_flipped_jpg.rf.c76a879cde808c84de8672e554e7d14d.jpg,sacmaytinh Roboflow v1,train,computer_charger,charger_adapter,flipped,2,1,0.27242187500000004,True,False,,False,REVIEW
2_jpg.rf.cbd9964f7961b5c110cc965d736b1c88.jpg,sacmaytinh Roboflow v1,train,computer_charger,charger_adapter,original,2,1,0.38273315429687504,True,True,,False,REVIEW
2_rotate180_jpg.rf.f516a1e8f67e4cf0a202bbe360d08685.jpg,sacmaytinh Roboflow v1,train,computer_charger,charger_adapter,rotate180,2,1,0.34698486328125,True,False,,False,REVIEW
30_flipped_jpg.rf.2d61bd843e42004ad07a4b3e47f4d474.jpg,sacmaytinh Roboflow v1,train,computer_charger,charger_adapter,flipped,30,1,0.21916809082031252,True,False,,False,REVIEW
30_rotate180_jpg.rf.94d073c79411940ac58258945a22ba3a.jpg,sacmaytinh Roboflow v1,train,computer_charger,charger_adapter,rotate180,30,1,0.21760192871093753,True,False,,False,REVIEW
30_rotate270_jpg.rf.9782782252955253edac44e4c855d8a8.jpg,sacmaytinh Roboflow v1,train,computer_charger,charger_adapter,rotate270,30,1,0.1815283203125,True,False,,False,REVIEW
30_rotate90_jpg.rf.4ba94e234c8f796244f0a069904446de.jpg,sacmaytinh Roboflow v1,train,computer_charger,charger_adapter,rotate90,30,1,0.21537475585937502,True,False,,False,REVIEW
31_jpg.rf.a771135752c1e30d36b7d9df78e4d1a0.jpg,sacmaytinh Roboflow v1,train,computer_charger,charger_adapter,original,31,1,0.12802978515625,True,True,,False,REVIEW
31_rotate90_jpg.rf.8fd088b7d7993f13f2c29cce6664080b.jpg,sacmaytinh Roboflow v1,train,computer_charger,charger_adapter,rotate90,31,1,0.14190673828125,True,False,,False,REVIEW
32_rotate180_jpg.rf.cc326806e042143d4a528483048f9ab4.jpg,sacmaytinh Roboflow v1,train,computer_charger,charger_adapter,rotate180,32,1,0.0417333984375,True,False,,False,REVIEW
33_flipped_jpg.rf.266bd22d54569184039af4d6b4a32652.jpg,sacmaytinh Roboflow v1,train,computer_charger,charger_adapter,flipped,33,1,0.273482666015625,True,True,,False,REVIEW
33_rotate180_jpg.rf.823d3eba48a44c70d27d3dc6beb8ab77.jpg,sacmaytinh Roboflow v1,train,computer_charger,charger_adapter,rotate180,33,1,0.230103759765625,True,False,,False,REVIEW
33_rotate270_jpg.rf.ddf4ac77c0720bc32c61b2f6298c0a43.jpg,sacmaytinh Roboflow v1,train,computer_charger,charger_adapter,rotate270,33,1,0.2425689697265625,True,False,,False,REVIEW
34_flipped_jpg.rf.bdb6116baa0b6d51dc527ab3f6813aa3.jpg,sacmaytinh Roboflow v1,train,computer_charger,charger_adapter,flipped,34,1,0.3296881103515625,True,False,,False,REVIEW
34_rotate90_jpg.rf.3e9f24a39161f20fb0db386a2acb2edc.jpg,sacmaytinh Roboflow v1,train,computer_charger,charger_adapter,rotate90,34,1,0.27424804687500004,True,False,,False,REVIEW
35_flipped_jpg.rf.1622d5aea0fc2ea27cb47ed86b885ca9.jpg,sacmaytinh Roboflow v1,train,computer_charger,charger_adapter,flipped,35,1,0.38744384765624995,True,False,,False,REVIEW
35_jpg.rf.fdc2294517050c3e4a0de9314340a532.jpg,sacmaytinh Roboflow v1,train,computer_charger,charger_adapter,original,35,1,0.384541015625,True,True,,False,REVIEW
35_rotate180_jpg.rf.c6977ced3f60042ae3532a526bcc6487.jpg,sacmaytinh Roboflow v1,train,computer_charger,charger_adapter,rotate180,35,1,0.444622802734375,True,False,,False,REVIEW
36_flipped_jpg.rf.518b318a760c5ac1391849073e559e4f.jpg,sacmaytinh Roboflow v1,train,computer_charger,charger_adapter,flipped,36,1,0.4337615966796875,False,False,,False,REVIEW
36_jpg.rf.6ea8355bece9d36b01bd2ded09072267.jpg,sacmaytinh Roboflow v1,train,computer_charger,charger_adapter,original,36,1,0.42839599609374995,False,True,,False,REVIEW
36_rotate180_jpg.rf.fd8f0683052c7f4c3742be1f4e9190a7.jpg,sacmaytinh Roboflow v1,train,computer_charger,charger_adapter,rotate180,36,1,0.45743103027343746,False,False,,False,REVIEW
36_rotate270_jpg.rf.3b70531a3ed84deec0cf2b1f79b697d9.jpg,sacmaytinh Roboflow v1,train,computer_charger,charger_adapter,rotate270,36,1,0.42904907226562505,False,False,,False,REVIEW
36_rotate90_jpg.rf.36bda6f35b20ca5f47cd7e682bc78089.jpg,sacmaytinh Roboflow v1,train,computer_charger,charger_adapter,rotate90,36,1,0.43556396484375004,False,False,,False,REVIEW
37_rotate270_jpg.rf.3e98a96230835cad9a3df8f9eacd0522.jpg,sacmaytinh Roboflow v1,train,computer_charger,charger_adapter,rotate270,37,1,0.14639892578125,True,False,,False,REVIEW
38_flipped_jpg.rf.154a1b4fb49436c38d2e7e2623b9aec2.jpg,sacmaytinh Roboflow v1,train,computer_charger,charger_adapter,flipped,38,1,0.1493414306640625,True,False,,False,REVIEW
38_jpg.rf.84e8bff19265e1edf805567b3237bf6b.jpg,sacmaytinh Roboflow v1,train,computer_charger,charger_adapter,original,38,1,0.14247802734375,True,True,,False,REVIEW
38_rotate180_jpg.rf.cdbce860766edfdf14a59f2dcbf65129.jpg,sacmaytinh Roboflow v1,train,computer_charger,charger_adapter,rotate180,38,1,0.125533447265625,True,False,,False,REVIEW
39_rotate180_jpg.rf.146ac31fd4420564f4e8c74567e059b5.jpg,sacmaytinh Roboflow v1,train,computer_charger,charger_adapter,rotate180,39,1,0.26088134765625,True,True,,False,REVIEW
39_rotate270_jpg.rf.03378c2d6621bb53573984770ff3df50.jpg,sacmaytinh Roboflow v1,train,computer_charger,charger_adapter,rotate270,39,1,0.2524658203125,True,False,,False,REVIEW
3_flipped_jpg.rf.225e9f876f6fe8b8ef5f11670f49d640.jpg,sacmaytinh Roboflow v1,train,computer_charger,charger_adapter,flipped,3,1,0.35876220703125,True,True,,False,REVIEW
3_rotate270_jpg.rf.92eeafaee2eda710f822df4f4d14b7ce.jpg,sacmaytinh Roboflow v1,train,computer_charger,charger_adapter,rotate270,3,1,0.2930822753906249,True,False,,False,REVIEW
3_rotate90_jpg.rf.6ffc19115df56f895a562d203ff6250a.jpg,sacmaytinh Roboflow v1,train,computer_charger,charger_adapter,rotate90,3,1,0.29528259277343744,True,False,,False,REVIEW
40_flipped_jpg.rf.bce9ef17e55c8f600b80db27e587f61d.jpg,sacmaytinh Roboflow v1,train,computer_charger,charger_adapter,flipped,40,1,0.0315771484375,False,False,,False,REVIEW
40_jpg.rf.eeadf8bf5f6df76a9288b2c44905519f.jpg,sacmaytinh Roboflow v1,train,computer_charger,charger_adapter,original,40,1,0.0322723388671875,False,True,,False,REVIEW
40_rotate180_jpg.rf.31fd7bfe04d506adb28c376f69b22e6d.jpg,sacmaytinh Roboflow v1,train,computer_charger,charger_adapter,rotate180,40,1,0.0425213623046875,False,False,,False,REVIEW
40_rotate270_jpg.rf.12fb03dbd570536d2e635d65919d4c8e.jpg,sacmaytinh Roboflow v1,train,computer_charger,charger_adapter,rotate270,40,1,0.0328271484375,False,False,,False,REVIEW
40_rotate90_jpg.rf.b604af0e5b99e702fe6b45ccaac88ac7.jpg,sacmaytinh Roboflow v1,train,computer_charger,charger_adapter,rotate90,40,1,0.026212158203125,False,False,,False,REVIEW
41_flipped_jpg.rf.c7dcc4ef0d1d721c0f0f536642edd406.jpg,sacmaytinh Roboflow v1,train,computer_charger,charger_adapter,flipped,41,1,0.2793212890625,True,False,,False,REVIEW
41_jpg.rf.75932ac5c6990c84ae6683b6f5960c23.jpg,sacmaytinh Roboflow v1,train,computer_charger,charger_adapter,original,41,1,0.333209228515625,True,True,,False,REVIEW
41_rotate180_jpg.rf.daa7f9bc8f6c1570a937cd09412af65d.jpg,sacmaytinh Roboflow v1,train,computer_charger,charger_adapter,rotate180,41,1,0.26542236328124996,True,False,,False,REVIEW
41_rotate90_jpg.rf.8413ce197f45619bbef4b71685caa851.jpg,sacmaytinh Roboflow v1,train,computer_charger,charger_adapter,rotate90,41,1,0.26949462890625003,True,False,,False,REVIEW
42_flipped_jpg.rf.b953562d367aa7023214267855b5c7ce.jpg,sacmaytinh Roboflow v1,train,computer_charger,charger_adapter,flipped,42,1,0.406083984375,False,False,XDUP01,False,REVIEW
42_jpg.rf.7605d0a4c38b314cf5af1e7a6ed08668.jpg,sacmaytinh Roboflow v1,train,computer_charger,charger_adapter,original,42,1,0.3791748046875,False,True,XDUP01,False,REVIEW
42_rotate180_jpg.rf.eac6002f774585215952755be2853d01.jpg,sacmaytinh Roboflow v1,train,computer_charger,charger_adapter,rotate180,42,1,0.37491943359374996,False,False,XDUP01,False,REVIEW
42_rotate270_jpg.rf.395f913306861dfb19d5468793823de3.jpg,sacmaytinh Roboflow v1,train,computer_charger,charger_adapter,rotate270,42,1,0.34616455078124997,False,False,XDUP01,False,REVIEW
42_rotate90_jpg.rf.a7b25f16a7c0d74a392aa7d08e8c4ce2.jpg,sacmaytinh Roboflow v1,train,computer_charger,charger_adapter,rotate90,42,1,0.3685711669921875,False,False,XDUP01,False,REVIEW
43_flipped_jpg.rf.b396a2dbaf20ee501f8c83e99b9d9c81.jpg,sacmaytinh Roboflow v1,train,computer_charger,charger_adapter,flipped,43,1,0.09539794921875,False,False,,False,REVIEW
43_jpg.rf.0d64f5a53bd5f79bf668eb46d49e4079.jpg,sacmaytinh Roboflow v1,train,computer_charger,charger_adapter,original,43,1,0.1061444091796875,False,True,,False,REVIEW
43_rotate180_jpg.rf.572f9fdea918bb4aa6be7ed2d7b85d2a.jpg,sacmaytinh Roboflow v1,train,computer_charger,charger_adapter,rotate180,43,1,0.10843750000000002,False,False,,False,REVIEW
43_rotate270_jpg.rf.c53383d66986ba892e0a4cd172e13eba.jpg,sacmaytinh Roboflow v1,train,computer_charger,charger_adapter,rotate270,43,1,0.12139343261718749,False,False,,False,REVIEW
43_rotate90_jpg.rf.9b11d4743c4703a402e8e2dd1de13706.jpg,sacmaytinh Roboflow v1,train,computer_charger,charger_adapter,rotate90,43,1,0.1303253173828125,False,False,,False,REVIEW
44_flipped_jpg.rf.e58f87628474e30029a818cc426cca8a.jpg,sacmaytinh Roboflow v1,train,computer_charger,charger_adapter,flipped,44,1,0.19276611328124998,True,False,,False,REVIEW
44_jpg.rf.772ee1e07df2c25c87db0a22c1b0d784.jpg,sacmaytinh Roboflow v1,train,computer_charger,charger_adapter,original,44,1,0.19862548828125,True,True,,False,REVIEW
44_rotate90_jpg.rf.38570a87dcb9b0eb14c3a27b408dd1e3.jpg,sacmaytinh Roboflow v1,train,computer_charger,charger_adapter,rotate90,44,1,0.21588134765625,True,False,,False,REVIEW
45_flipped_jpg.rf.80c23faa8dfded0f229abf997b919960.jpg,sacmaytinh Roboflow v1,train,computer_charger,charger_adapter,flipped,45,1,0.6532745361328125,True,False,,False,REVIEW
45_jpg.rf.6c4a3391855fd3010cadad62bdd648b5.jpg,sacmaytinh Roboflow v1,train,computer_charger,charger_adapter,original,45,1,0.69113037109375,True,True,,False,REVIEW
45_rotate270_jpg.rf.47b5187e42005a0ea6ae0a8a3fed5d06.jpg,sacmaytinh Roboflow v1,train,computer_charger,charger_adapter,rotate270,45,1,0.6750122070312501,True,False,,False,REVIEW
45_rotate90_jpg.rf.c34369d25b1cd7da0110a42e29d672aa.jpg,sacmaytinh Roboflow v1,train,computer_charger,charger_adapter,rotate90,45,1,0.6648431396484374,True,False,,False,REVIEW
46_flipped_jpg.rf.50034966bf45cd8797a1b39ddec74733.jpg,sacmaytinh Roboflow v1,train,computer_charger,charger_adapter,flipped,46,1,0.31795654296875003,True,False,,False,REVIEW
46_jpg.rf.795abd229582f262847d582a17919d95.jpg,sacmaytinh Roboflow v1,train,computer_charger,charger_adapter,original,46,1,0.2712554931640625,True,True,,False,REVIEW
46_rotate180_jpg.rf.91036b8211cc3f0755e5dbfddfa6668e.jpg,sacmaytinh Roboflow v1,train,computer_charger,charger_adapter,rotate180,46,1,0.30062500000000003,True,False,,False,REVIEW
46_rotate270_jpg.rf.4b3d78a6eac6d79e4c1d87acec35b584.jpg,sacmaytinh Roboflow v1,train,computer_charger,charger_adapter,rotate270,46,1,0.29053222656249994,True,False,,False,REVIEW
47_rotate90_jpg.rf.c3a6e7f6a3b612496d65b8aef134eb53.jpg,sacmaytinh Roboflow v1,train,computer_charger,charger_adapter,rotate90,47,1,0.264183349609375,True,True,,False,REVIEW
48_flipped_jpg.rf.52b03c1dde21004a6c78cfc096e4d60a.jpg,sacmaytinh Roboflow v1,train,computer_charger,charger_adapter,flipped,48,1,0.14094177246093748,True,False,,False,REVIEW
48_jpg.rf.df3d17691c7a56cbfd37442ff21abf11.jpg,sacmaytinh Roboflow v1,train,computer_charger,charger_adapter,original,48,1,0.13699645996093748,True,True,,False,REVIEW
48_rotate180_jpg.rf.e07542abfd486965140797cab203ec39.jpg,sacmaytinh Roboflow v1,train,computer_charger,charger_adapter,rotate180,48,1,0.1611749267578125,True,False,,False,REVIEW
48_rotate90_jpg.rf.977bed5c56fce3a05310791413adbec9.jpg,sacmaytinh Roboflow v1,train,computer_charger,charger_adapter,rotate90,48,1,0.13083129882812503,True,False,,False,REVIEW
49_flipped_jpg.rf.7895b9771fed158b4c6d65f45a76427c.jpg,sacmaytinh Roboflow v1,train,computer_charger,charger_adapter,flipped,49,1,0.17210021972656253,True,False,,False,REVIEW
49_jpg.rf.38e83926bd112db6234b7bbaf46981dd.jpg,sacmaytinh Roboflow v1,train,computer_charger,charger_adapter,original,49,1,0.19675781249999996,True,True,,False,REVIEW
49_rotate180_jpg.rf.a43560afb1fc1f259eaefbf0bbf5532e.jpg,sacmaytinh Roboflow v1,train,computer_charger,charger_adapter,rotate180,49,1,0.15311584472656248,True,False,,False,REVIEW
4_flipped_jpg.rf.888a1173ad3cf32ac457ce7b9522ed96.jpg,sacmaytinh Roboflow v1,train,computer_charger,charger_adapter,flipped,4,1,0.48423095703124996,True,False,,False,REVIEW
4_rotate90_jpg.rf.18e335a11606a4f4ef2ad09859839c75.jpg,sacmaytinh Roboflow v1,train,computer_charger,charger_adapter,rotate90,4,1,0.35390625,True,False,,False,REVIEW
50_jpg.rf.844bdc975a0eda44f7069c13bcd24e0a.jpg,sacmaytinh Roboflow v1,train,computer_charger,charger_adapter,original,50,1,0.5724713134765624,True,True,,False,REVIEW
50_rotate180_jpg.rf.7cf4867c5769b6256638f611972403ee.jpg,sacmaytinh Roboflow v1,train,computer_charger,charger_adapter,rotate180,50,1,0.5709375,True,False,,False,REVIEW
50_rotate90_jpg.rf.a10b37f75f91d22b814d1fa2915ce6f1.jpg,sacmaytinh Roboflow v1,train,computer_charger,charger_adapter,rotate90,50,1,0.56822265625,True,False,,False,REVIEW
51_flipped_jpg.rf.85d481d4c0b189b954f489d78875c40c.jpg,sacmaytinh Roboflow v1,train,computer_charger,charger_adapter,flipped,51,1,0.11765380859375002,True,False,,False,REVIEW
51_jpg.rf.cca97b71f675e4e2db597cf986eadd87.jpg,sacmaytinh Roboflow v1,train,computer_charger,charger_adapter,original,51,1,0.190455322265625,True,True,,False,REVIEW
51_rotate180_jpg.rf.c2e177bdc44834189f62b4d4195d5ae2.jpg,sacmaytinh Roboflow v1,train,computer_charger,charger_adapter,rotate180,51,1,0.124874267578125,True,False,,False,REVIEW
51_rotate270_jpg.rf.b270eef7ce6ba70610fb617809ff297f.jpg,sacmaytinh Roboflow v1,train,computer_charger,charger_adapter,rotate270,51,1,0.11418762207031251,True,False,,False,REVIEW
52_flipped_jpg.rf.6dc7338eb8e30b79ea58ae354a6571d0.jpg,sacmaytinh Roboflow v1,train,computer_charger,charger_adapter,flipped,52,1,0.31264648437500003,False,False,,False,REVIEW
52_jpg.rf.9935d51cf23431927aef9450347f89ed.jpg,sacmaytinh Roboflow v1,train,computer_charger,charger_adapter,original,52,1,0.300098876953125,False,True,,False,REVIEW
52_rotate270_jpg.rf.0d2ab1d28760e08404e726517b0ad92f.jpg,sacmaytinh Roboflow v1,train,computer_charger,charger_adapter,rotate270,52,1,0.330093994140625,False,False,,False,REVIEW
53_jpg.rf.f02a392627496cf4bf3c99c0a88c2dd0.jpg,sacmaytinh Roboflow v1,train,computer_charger,charger_adapter,original,53,1,0.6779974365234375,True,True,,False,REVIEW
53_rotate90_jpg.rf.6a78df576423a4610c22fd0a1d6a3334.jpg,sacmaytinh Roboflow v1,train,computer_charger,charger_adapter,rotate90,53,1,0.6704815673828125,True,False,,False,REVIEW
54_flipped_jpg.rf.92eca8eabc4d6603f01266c83472038a.jpg,sacmaytinh Roboflow v1,train,computer_charger,charger_adapter,flipped,54,1,0.8369714355468749,True,False,,False,REVIEW
54_jpg.rf.ca85cc9df06069d5b8d6a30f022a0d14.jpg,sacmaytinh Roboflow v1,train,computer_charger,charger_adapter,original,54,1,0.7622265625,True,True,,False,REVIEW
54_rotate90_jpg.rf.c3ce2ab6ba7e2359baae3b590910dfac.jpg,sacmaytinh Roboflow v1,train,computer_charger,charger_adapter,rotate90,54,1,0.7126452636718751,True,False,,False,REVIEW
55_flipped_jpg.rf.f2e3e99a26a922889c36b09834703082.jpg,sacmaytinh Roboflow v1,train,computer_charger,charger_adapter,flipped,55,1,0.60025390625,True,False,,False,REVIEW
55_rotate180_jpg.rf.41effa1860111cf23a351e6aa4c4ff98.jpg,sacmaytinh Roboflow v1,train,computer_charger,charger_adapter,rotate180,55,1,0.55427490234375,True,False,,False,REVIEW
55_rotate90_jpg.rf.135d589f04d3dced1b715e382e9b7ce0.jpg,sacmaytinh Roboflow v1,train,computer_charger,charger_adapter,rotate90,55,1,0.5699267578124999,True,False,,False,REVIEW
56_flipped_jpg.rf.453e2e84f27ae182892cab9429a0a298.jpg,sacmaytinh Roboflow v1,train,computer_charger,charger_adapter,flipped,56,1,0.3215252685546875,True,False,,False,REVIEW
56_jpg.rf.52ba727e6c1e0d5b93225e593157a926.jpg,sacmaytinh Roboflow v1,train,computer_charger,charger_adapter,original,56,1,0.302003173828125,True,True,,False,REVIEW
56_rotate180_jpg.rf.d4d78a553f891cc736e9e143f6e36bc3.jpg,sacmaytinh Roboflow v1,train,computer_charger,charger_adapter,rotate180,56,1,0.2762255859375,True,False,,False,REVIEW
57_flipped_jpg.rf.c33d0cdb0a0184d791818c0532e857ad.jpg,sacmaytinh Roboflow v1,train,computer_charger,charger_adapter,flipped,57,1,0.5683740234375,True,False,,False,REVIEW
57_jpg.rf.1a2584aef0ac524241e9ebb930622c81.jpg,sacmaytinh Roboflow v1,train,computer_charger,charger_adapter,original,57,1,0.5701464843749999,True,True,,False,REVIEW
57_rotate180_jpg.rf.8cd7af8e41411bde3317a91af6dba663.jpg,sacmaytinh Roboflow v1,train,computer_charger,charger_adapter,rotate180,57,1,0.58283935546875,True,False,,False,REVIEW
57_rotate90_jpg.rf.12111f7413702b99d2d71036db5c0a0e.jpg,sacmaytinh Roboflow v1,train,computer_charger,charger_adapter,rotate90,57,1,0.58989990234375,True,False,,False,REVIEW
58_rotate180_jpg.rf.4e59072304b7b9379d99a23b9c615b35.jpg,sacmaytinh Roboflow v1,train,computer_charger,charger_adapter,rotate180,58,1,0.6261865234374999,True,False,,False,REVIEW
58_rotate270_jpg.rf.ee30ccc974187a0dad4ca9b0f749e981.jpg,sacmaytinh Roboflow v1,train,computer_charger,charger_adapter,rotate270,58,1,0.5776171875,True,False,,False,REVIEW
58_rotate90_jpg.rf.aca47f6edc921ed06e9db1c904350cdb.jpg,sacmaytinh Roboflow v1,train,computer_charger,charger_adapter,rotate90,58,1,0.6147546386718751,True,False,,False,REVIEW
59_rotate180_jpg.rf.47c0fc4c769b97516a7c7137a97cc054.jpg,sacmaytinh Roboflow v1,train,computer_charger,charger_adapter,rotate180,59,1,0.54884765625,True,True,,False,REVIEW
59_rotate270_jpg.rf.ec33bd28fb21091d1d11e94d5d7b6a92.jpg,sacmaytinh Roboflow v1,train,computer_charger,charger_adapter,rotate270,59,1,0.560302734375,True,False,,False,REVIEW
59_rotate90_jpg.rf.5a7f69c80d945c8b4f78ac6cef5817d1.jpg,sacmaytinh Roboflow v1,train,computer_charger,charger_adapter,rotate90,59,1,0.590830078125,True,False,,False,REVIEW
5_flipped_jpg.rf.e7ed37ce21448f69701dd624f33a92b4.jpg,sacmaytinh Roboflow v1,train,computer_charger,charger_adapter,flipped,5,1,0.298875732421875,True,False,,False,REVIEW
5_jpg.rf.45d80503a77725089699eb5e24cf4a0a.jpg,sacmaytinh Roboflow v1,train,computer_charger,charger_adapter,original,5,1,0.307540283203125,True,True,,False,REVIEW
5_rotate180_jpg.rf.b2bfa9b47544ec42c3aaf42a82beac1f.jpg,sacmaytinh Roboflow v1,train,computer_charger,charger_adapter,rotate180,5,1,0.307080078125,True,False,,False,REVIEW
5_rotate270_jpg.rf.db934bf7c18c134441acd26436e75e02.jpg,sacmaytinh Roboflow v1,train,computer_charger,charger_adapter,rotate270,5,1,0.34856140136718755,True,False,,False,REVIEW
60_flipped_jpg.rf.21e28568b019844de62d9c699d77df68.jpg,sacmaytinh Roboflow v1,train,computer_charger,charger_adapter,flipped,60,1,0.7169531250000001,True,False,,False,REVIEW
60_jpg.rf.e097096a3db5eb739da9f949d4fab844.jpg,sacmaytinh Roboflow v1,train,computer_charger,charger_adapter,original,60,1,0.7133544921875,True,True,,False,REVIEW
60_rotate180_jpg.rf.88bb906a2ee03beb88a489c4a7bdb4b2.jpg,sacmaytinh Roboflow v1,train,computer_charger,charger_adapter,rotate180,60,1,0.6908001708984375,True,False,,False,REVIEW
60_rotate270_jpg.rf.05b65f14b91cad8faccdfab783c20a0f.jpg,sacmaytinh Roboflow v1,train,computer_charger,charger_adapter,rotate270,60,1,0.7144335937499999,True,False,,False,REVIEW
61_flipped_jpg.rf.90f9baa5472a41d1c3b108cf15b173bf.jpg,sacmaytinh Roboflow v1,train,computer_charger,charger_adapter,flipped,61,1,0.564375,True,False,,False,REVIEW
61_jpg.rf.b24a58085dfe29f2d454173565479bd2.jpg,sacmaytinh Roboflow v1,train,computer_charger,charger_adapter,original,61,1,0.5328356933593751,True,True,,False,REVIEW
61_rotate270_jpg.rf.324950d2392b5c3c5620e566c1e0b362.jpg,sacmaytinh Roboflow v1,train,computer_charger,charger_adapter,rotate270,61,1,0.59219970703125,True,False,,False,REVIEW
62_flipped_jpg.rf.dc5645044022428d1ec123154ca36310.jpg,sacmaytinh Roboflow v1,train,computer_charger,charger_adapter,flipped,62,1,0.87109375,True,False,,False,REVIEW
62_jpg.rf.6c55b54d1085c4f446e75bab09fefbaa.jpg,sacmaytinh Roboflow v1,train,computer_charger,charger_adapter,original,62,1,0.9043945312499999,True,True,,False,REVIEW
62_rotate180_jpg.rf.00373ffe7c187f98c15c5182cf4afbce.jpg,sacmaytinh Roboflow v1,train,computer_charger,charger_adapter,rotate180,62,1,0.9254296875000001,True,False,,False,REVIEW
62_rotate90_jpg.rf.ee7f10d37edd7447ca854252fe12be11.jpg,sacmaytinh Roboflow v1,train,computer_charger,charger_adapter,rotate90,62,1,0.8092529296875001,True,False,,False,REVIEW
63_flipped_jpg.rf.35fec71f92661f9258841ed774780e56.jpg,sacmaytinh Roboflow v1,train,computer_charger,charger_adapter,flipped,63,1,0.5370135498046875,True,False,,False,REVIEW
63_rotate180_jpg.rf.64bdde683964ac42ba4c346541ed3b3e.jpg,sacmaytinh Roboflow v1,train,computer_charger,charger_adapter,rotate180,63,1,0.48835449218750004,True,False,,False,REVIEW
63_rotate90_jpg.rf.587f8b2102153ceb0e83a8c3d8deeea3.jpg,sacmaytinh Roboflow v1,train,computer_charger,charger_adapter,rotate90,63,1,0.538133544921875,True,False,,False,REVIEW
64_flipped_jpg.rf.f54479759c8e753b6d6a7db0f61f739a.jpg,sacmaytinh Roboflow v1,train,computer_charger,charger_adapter,flipped,64,1,0.622421875,True,False,,False,REVIEW
64_rotate270_jpg.rf.bca4d95d4fb38a2e046c7d25c694eccf.jpg,sacmaytinh Roboflow v1,train,computer_charger,charger_adapter,rotate270,64,1,0.6945831298828126,True,False,,False,REVIEW
65_rotate180_jpg.rf.4705f8ece1d1ea80cf791ace1ffbec6f.jpg,sacmaytinh Roboflow v1,train,computer_charger,charger_adapter,rotate180,65,1,0.4734228515625,True,False,,False,REVIEW
65_rotate90_jpg.rf.2cd97accb93ed98fb8c44b31ebbbc726.jpg,sacmaytinh Roboflow v1,train,computer_charger,charger_adapter,rotate90,65,1,0.45874145507812497,True,False,,False,REVIEW
66_flipped_jpg.rf.8ecd8f24a214af9e5ac8f5efe1811b76.jpg,sacmaytinh Roboflow v1,train,computer_charger,charger_adapter,flipped,66,1,0.41438415527343747,True,False,,False,REVIEW
66_rotate180_jpg.rf.12531ed078cc76151264d726f68eeb9a.jpg,sacmaytinh Roboflow v1,train,computer_charger,charger_adapter,rotate180,66,1,0.473189697265625,True,False,,False,REVIEW
66_rotate270_jpg.rf.5a4162724c74a83bdc905c5ba7861575.jpg,sacmaytinh Roboflow v1,train,computer_charger,charger_adapter,rotate270,66,1,0.384259033203125,True,False,,False,REVIEW
67_flipped_jpg.rf.514faa440935240205209bd8104a07cb.jpg,sacmaytinh Roboflow v1,train,computer_charger,charger_adapter,flipped,67,1,0.287979736328125,True,False,,False,REVIEW
67_jpg.rf.b41695285934a377f569cb42397feec8.jpg,sacmaytinh Roboflow v1,train,computer_charger,charger_adapter,original,67,1,0.30929687499999997,True,True,,False,REVIEW
67_rotate180_jpg.rf.abd273d1759c5ca0b5757da2a9083863.jpg,sacmaytinh Roboflow v1,train,computer_charger,charger_adapter,rotate180,67,1,0.32991943359375,True,False,,False,REVIEW
67_rotate90_jpg.rf.bf08c38f3f4cd95ef950c193ac536577.jpg,sacmaytinh Roboflow v1,train,computer_charger,charger_adapter,rotate90,67,1,0.30198242187499996,True,False,,False,REVIEW
68_jpg.rf.c99b515249a28621a9da61616c83204c.jpg,sacmaytinh Roboflow v1,train,computer_charger,charger_adapter,original,68,1,0.45177856445312503,True,True,,False,REVIEW
68_rotate180_jpg.rf.60fd9f9d07958597da8e0b3164a95fe8.jpg,sacmaytinh Roboflow v1,train,computer_charger,charger_adapter,rotate180,68,1,0.4727923583984375,True,False,,False,REVIEW
69_flipped_jpg.rf.b584193d8a485298734bdafe7b343631.jpg,sacmaytinh Roboflow v1,train,computer_charger,charger_adapter,flipped,69,1,0.62841796875,True,False,XDUP02,False,REVIEW
69_jpg.rf.a409ff7c2039a35966c7e5f436abd38c.jpg,sacmaytinh Roboflow v1,train,computer_charger,charger_adapter,original,69,1,0.633988037109375,True,True,XDUP02,False,REVIEW
69_rotate270_jpg.rf.b253bd1022e784d501bcc874cb34f234.jpg,sacmaytinh Roboflow v1,train,computer_charger,charger_adapter,rotate270,69,1,0.504542236328125,True,False,XDUP02,False,REVIEW
6_flipped_jpg.rf.4677c425b951b2228d2653dd9ff8da22.jpg,sacmaytinh Roboflow v1,train,computer_charger,charger_adapter,flipped,6,2,0.2167974853515625,False,False,,False,REVIEW
6_jpg.rf.88863ace04ff01eb59448d9f735ae29d.jpg,sacmaytinh Roboflow v1,train,computer_charger,charger_adapter,original,6,2,0.194425048828125,False,True,,False,REVIEW
6_rotate270_jpg.rf.998d099f3631f77d0cb0f419e31ae69d.jpg,sacmaytinh Roboflow v1,train,computer_charger,charger_adapter,rotate270,6,2,0.222607421875,False,False,,False,REVIEW
70_jpg.rf.49851735fea073f1fd0b510fafefc16c.jpg,sacmaytinh Roboflow v1,train,computer_charger,charger_adapter,original,70,1,0.698236083984375,True,True,,False,REVIEW
70_rotate90_jpg.rf.d3083c305f4d59eff82d84cbefc62229.jpg,sacmaytinh Roboflow v1,train,computer_charger,charger_adapter,rotate90,70,1,0.596875,True,False,,False,REVIEW
71_flipped_jpg.rf.6aa30c57a4e358682334ed4061d27c43.jpg,sacmaytinh Roboflow v1,train,computer_charger,charger_adapter,flipped,71,1,0.3205517578125,False,False,XDUP03,False,REVIEW
71_jpg.rf.ec542ec9911eda05a47a0d4b2637cebb.jpg,sacmaytinh Roboflow v1,train,computer_charger,charger_adapter,original,71,1,0.33328125,False,True,XDUP03,False,REVIEW
71_rotate180_jpg.rf.8b0de9faf170754cf8711c1d5d32b63c.jpg,sacmaytinh Roboflow v1,train,computer_charger,charger_adapter,rotate180,71,1,0.3212890625,False,False,XDUP03,False,REVIEW
71_rotate270_jpg.rf.e5f390f5f828c2f15190ec338834998f.jpg,sacmaytinh Roboflow v1,train,computer_charger,charger_adapter,rotate270,71,1,0.2990826416015625,False,False,XDUP03,False,REVIEW
71_rotate90_jpg.rf.a69af213485731eb899ac14f33affd9a.jpg,sacmaytinh Roboflow v1,train,computer_charger,charger_adapter,rotate90,71,1,0.289072265625,False,False,XDUP03,False,REVIEW
72_flipped_jpg.rf.ee25c30359855d47c253002875a5dc52.jpg,sacmaytinh Roboflow v1,train,computer_charger,charger_adapter,flipped,72,1,0.3302734375,True,False,,False,REVIEW
72_jpg.rf.44abc78aeb175821f7d29a2a2697d304.jpg,sacmaytinh Roboflow v1,train,computer_charger,charger_adapter,original,72,1,0.30873229980468747,True,True,,False,REVIEW
72_rotate270_jpg.rf.9ed69c3fccb1fe1ed42aa39e5174a5cd.jpg,sacmaytinh Roboflow v1,train,computer_charger,charger_adapter,rotate270,72,1,0.30032958984375,True,False,,False,REVIEW
72_rotate90_jpg.rf.89b8ab4661d12562e67a135761e4d290.jpg,sacmaytinh Roboflow v1,train,computer_charger,charger_adapter,rotate90,72,1,0.2953338623046875,True,False,,False,REVIEW
73_jpg.rf.17c7e8b059a7bfd6ad45f3e44483993b.jpg,sacmaytinh Roboflow v1,train,computer_charger,charger_adapter,original,73,1,0.31989501953125,True,True,XDUP03,False,REVIEW
73_rotate270_jpg.rf.ac39f095c39371c3710053d5b5d3eb0f.jpg,sacmaytinh Roboflow v1,train,computer_charger,charger_adapter,rotate270,73,1,0.37312011718750004,True,False,XDUP03,False,REVIEW
73_rotate90_jpg.rf.7c9e3d6aa4db08217584e32053dae50f.jpg,sacmaytinh Roboflow v1,train,computer_charger,charger_adapter,rotate90,73,1,0.28578125000000004,True,False,XDUP03,False,REVIEW
74_flipped_jpg.rf.3909592e0500c2e5c860df4f60819fe7.jpg,sacmaytinh Roboflow v1,train,computer_charger,charger_adapter,flipped,74,1,0.28180480957031245,False,False,,False,REVIEW
74_jpg.rf.c59d8675628cc0ece64f72a5ae456533.jpg,sacmaytinh Roboflow v1,train,computer_charger,charger_adapter,original,74,1,0.276611328125,False,True,,False,REVIEW
74_rotate180_jpg.rf.1ff5bcd3ecec41c913e1e21d23faa00e.jpg,sacmaytinh Roboflow v1,train,computer_charger,charger_adapter,rotate180,74,1,0.280052490234375,False,False,,False,REVIEW
74_rotate270_jpg.rf.7b4487396cc271b6a99c1f26e2c2e670.jpg,sacmaytinh Roboflow v1,train,computer_charger,charger_adapter,rotate270,74,1,0.28463378906250003,False,False,,False,REVIEW
74_rotate90_jpg.rf.0624bda640dcb3a2f968ba07c03dccae.jpg,sacmaytinh Roboflow v1,train,computer_charger,charger_adapter,rotate90,74,1,0.30895751953125006,False,False,,False,REVIEW
75_rotate270_jpg.rf.d5552a5a2ef0c48e880b8eee9a59edf9.jpg,sacmaytinh Roboflow v1,train,computer_charger,charger_adapter,rotate270,75,1,0.3909375,True,False,,False,REVIEW
75_rotate90_jpg.rf.60e76537042366a22143098906b50880.jpg,sacmaytinh Roboflow v1,train,computer_charger,charger_adapter,rotate90,75,1,0.4039013671875,True,False,,False,REVIEW
76_jpg.rf.a7aea3bad68d94ed8089c33f5096ee6b.jpg,sacmaytinh Roboflow v1,train,computer_charger,charger_adapter,original,76,1,0.3684375,True,True,,False,REVIEW
76_rotate270_jpg.rf.7357c57432e9fbd33bdca89956953afe.jpg,sacmaytinh Roboflow v1,train,computer_charger,charger_adapter,rotate270,76,1,0.37773925781249995,True,False,,False,REVIEW
77_flipped_jpg.rf.26e8b0a101f4916445635b3a185a9c07.jpg,sacmaytinh Roboflow v1,train,computer_charger,charger_adapter,flipped,77,1,0.13888916015625,False,False,,False,REVIEW
77_jpg.rf.7be0a1483caa994a93622ead4369504f.jpg,sacmaytinh Roboflow v1,train,computer_charger,charger_adapter,original,77,1,0.14139099121093748,False,True,,False,REVIEW
77_rotate180_jpg.rf.8ad5167beec103901668bec80cdec54f.jpg,sacmaytinh Roboflow v1,train,computer_charger,charger_adapter,rotate180,77,1,0.157940673828125,False,False,,False,REVIEW
77_rotate270_jpg.rf.cd9e6591f2c39ea65b23aa438a1e636e.jpg,sacmaytinh Roboflow v1,train,computer_charger,charger_adapter,rotate270,77,1,0.13078491210937498,False,False,,False,REVIEW
77_rotate90_jpg.rf.7655d95d7fbb4c48d24afad824032d7b.jpg,sacmaytinh Roboflow v1,train,computer_charger,charger_adapter,rotate90,77,1,0.1492822265625,False,False,,False,REVIEW
78_jpg.rf.2be48901ef759cd601074e88f2745be1.jpg,sacmaytinh Roboflow v1,train,computer_charger,charger_adapter,original,78,1,0.33474365234375003,True,True,,False,REVIEW
78_rotate180_jpg.rf.8dacbb62753bc2a7c637626717f1af94.jpg,sacmaytinh Roboflow v1,train,computer_charger,charger_adapter,rotate180,78,1,0.23072998046875004,True,False,,False,REVIEW
79_jpg.rf.fae02ca9e1fc5dbebe6e1a58ed4d4d40.jpg,sacmaytinh Roboflow v1,train,computer_charger,charger_adapter,original,79,1,0.3431146240234375,True,True,,False,REVIEW
79_rotate270_jpg.rf.399b09ec3782be479dbc1beafbb5ab1e.jpg,sacmaytinh Roboflow v1,train,computer_charger,charger_adapter,rotate270,79,1,0.57526123046875,True,False,,False,REVIEW
79_rotate90_jpg.rf.cc009b967de2a338aa4872ee5dff78e3.jpg,sacmaytinh Roboflow v1,train,computer_charger,charger_adapter,rotate90,79,1,0.35361572265625,True,False,,False,REVIEW
7_jpg.rf.4323b9c1e7b1a8c8a3fddae77f394214.jpg,sacmaytinh Roboflow v1,train,computer_charger,charger_adapter,original,7,2,0.034861450195312504,True,True,,False,REVIEW
7_rotate180_jpg.rf.c632043680518788867e83173d359722.jpg,sacmaytinh Roboflow v1,train,computer_charger,charger_adapter,rotate180,7,2,0.04060546875,True,False,,False,REVIEW
7_rotate270_jpg.rf.94522fa8500e3bab3ea905f6ae19e762.jpg,sacmaytinh Roboflow v1,train,computer_charger,charger_adapter,rotate270,7,2,0.030192871093750004,True,False,,False,REVIEW
80_flipped_jpg.rf.4bd1d36b8ac0ce2f1d290732be863410.jpg,sacmaytinh Roboflow v1,train,computer_charger,charger_adapter,flipped,80,1,0.258197021484375,True,False,,False,REVIEW
80_rotate180_jpg.rf.e245882750c3223912ac2a252d5f55fb.jpg,sacmaytinh Roboflow v1,train,computer_charger,charger_adapter,rotate180,80,1,0.272869873046875,True,False,,False,REVIEW
80_rotate270_jpg.rf.9f163d53f2ebcc300c6387f6ce51ead1.jpg,sacmaytinh Roboflow v1,train,computer_charger,charger_adapter,rotate270,80,1,0.23415649414062498,True,False,,False,REVIEW
80_rotate90_jpg.rf.e8271ee9ec57a37e4f4ef551cb4afbcc.jpg,sacmaytinh Roboflow v1,train,computer_charger,charger_adapter,rotate90,80,1,0.300626220703125,True,False,,False,REVIEW
81_flipped_jpg.rf.160494adee6c2af57a49c3773036bcd9.jpg,sacmaytinh Roboflow v1,train,computer_charger,charger_adapter,flipped,81,1,0.3802490234375,True,False,,False,REVIEW
81_jpg.rf.667b408b54294cf3a5770daa5129c47e.jpg,sacmaytinh Roboflow v1,train,computer_charger,charger_adapter,original,81,1,0.345557861328125,True,True,,False,REVIEW
81_rotate270_jpg.rf.11bd0ef8d47ba8cbd9413b7b1203d3e2.jpg,sacmaytinh Roboflow v1,train,computer_charger,charger_adapter,rotate270,81,1,0.33208312988281247,True,False,,False,REVIEW
82_flipped_jpg.rf.b125c802d1706507be3911f7c1a1ee79.jpg,sacmaytinh Roboflow v1,train,computer_charger,charger_adapter,flipped,82,1,0.854334716796875,True,True,,False,REVIEW
82_rotate180_jpg.rf.ccd46499a7fa45e98432ad6362c6231e.jpg,sacmaytinh Roboflow v1,train,computer_charger,charger_adapter,rotate180,82,1,0.779552001953125,True,False,,False,REVIEW
82_rotate90_jpg.rf.b35d4ea2e9f416937a2d6b52a57bb9ac.jpg,sacmaytinh Roboflow v1,train,computer_charger,charger_adapter,rotate90,82,1,0.7828125,True,False,,False,REVIEW
83_flipped_jpg.rf.8f9297e56b8fd6cfc33d6a105905516e.jpg,sacmaytinh Roboflow v1,train,computer_charger,charger_adapter,flipped,83,1,0.42757080078125004,True,False,,False,REVIEW
83_jpg.rf.7216e0400d294a49997a3e60f3a9e4d2.jpg,sacmaytinh Roboflow v1,train,computer_charger,charger_adapter,original,83,1,0.39673828125,True,True,,False,REVIEW
83_rotate90_jpg.rf.f1f5ab4c2534ee69b9739b2991be6f95.jpg,sacmaytinh Roboflow v1,train,computer_charger,charger_adapter,rotate90,83,1,0.45236328125,True,False,,False,REVIEW
84_flipped_jpg.rf.5f4fd3dc2fa7e707ce6f23120dcd325d.jpg,sacmaytinh Roboflow v1,train,computer_charger,charger_adapter,flipped,84,1,0.35430908203125,True,False,,False,REVIEW
84_rotate180_jpg.rf.68e522df4499eb47d084bde021283cf1.jpg,sacmaytinh Roboflow v1,train,computer_charger,charger_adapter,rotate180,84,1,0.34382080078125,True,False,,False,REVIEW
84_rotate90_jpg.rf.aed62287b459e6c52e83156de9e4ffe8.jpg,sacmaytinh Roboflow v1,train,computer_charger,charger_adapter,rotate90,84,1,0.3733319091796875,True,False,,False,REVIEW
85_flipped_jpg.rf.ec9c4a84cfb3ef13c019b4815cc53911.jpg,sacmaytinh Roboflow v1,train,computer_charger,charger_adapter,flipped,85,1,0.3260589599609375,True,False,,False,REVIEW
85_rotate180_jpg.rf.d68ed8e92df90f7a034de3ae09f6ad02.jpg,sacmaytinh Roboflow v1,train,computer_charger,charger_adapter,rotate180,85,1,0.29779052734375,True,False,,False,REVIEW
85_rotate270_jpg.rf.793f76e60eb90ab45c1b08419f814336.jpg,sacmaytinh Roboflow v1,train,computer_charger,charger_adapter,rotate270,85,1,0.294013671875,True,False,,False,REVIEW
85_rotate90_jpg.rf.84c7785d50b93c069be1740da23e53f7.jpg,sacmaytinh Roboflow v1,train,computer_charger,charger_adapter,rotate90,85,1,0.27782226562499995,True,False,,False,REVIEW
86_jpg.rf.d51eb6e5033643d75f988544ef528bfd.jpg,sacmaytinh Roboflow v1,train,computer_charger,charger_adapter,original,86,1,0.294312744140625,True,True,,False,REVIEW
86_rotate180_jpg.rf.f9fe91fc08bae9deb1a770278a861ee0.jpg,sacmaytinh Roboflow v1,train,computer_charger,charger_adapter,rotate180,86,1,0.28515014648437503,True,False,,False,REVIEW
86_rotate270_jpg.rf.6cee320a1f7ae77691958f8eb2c3da30.jpg,sacmaytinh Roboflow v1,train,computer_charger,charger_adapter,rotate270,86,1,0.23631591796875,True,False,,False,REVIEW
86_rotate90_jpg.rf.cf93bb9e05a64ce220b8ef8b3e97363e.jpg,sacmaytinh Roboflow v1,train,computer_charger,charger_adapter,rotate90,86,1,0.29492675781249994,True,False,,False,REVIEW
88_flipped_jpg.rf.2dceec5d635caafa62eb348b211d85fd.jpg,sacmaytinh Roboflow v1,train,computer_charger,charger_adapter,flipped,88,1,0.5195526123046875,False,False,,False,REVIEW
88_jpg.rf.9f8facad54774e582b46b10ca3025c62.jpg,sacmaytinh Roboflow v1,train,computer_charger,charger_adapter,original,88,1,0.47035400390625004,False,True,,False,REVIEW
88_rotate180_jpg.rf.945812d74f8095277eb725262d7d9a0a.jpg,sacmaytinh Roboflow v1,train,computer_charger,charger_adapter,rotate180,88,1,0.48284912109375006,False,False,,False,REVIEW
88_rotate90_jpg.rf.8081e45e750cb3d933349e832af836d3.jpg,sacmaytinh Roboflow v1,train,computer_charger,charger_adapter,rotate90,88,1,0.49772216796874996,False,False,,False,REVIEW
89_flipped_jpg.rf.ee6d8ebdbe5e62d0ca8e0f5fd2cb23be.jpg,sacmaytinh Roboflow v1,train,computer_charger,charger_adapter,flipped,89,1,0.40130310058593754,False,False,,False,REVIEW
89_jpg.rf.973198fe202af4ae5c941d4581d1c784.jpg,sacmaytinh Roboflow v1,train,computer_charger,charger_adapter,original,89,0,,False,True,,True,REVIEW
89_rotate180_jpg.rf.4d9e7673be878724b60f39fc679605fe.jpg,sacmaytinh Roboflow v1,train,computer_charger,charger_adapter,rotate180,89,1,0.52609375,False,False,,False,REVIEW
89_rotate270_jpg.rf.199cbfd1f0790e6ef857a8e2f5028cf9.jpg,sacmaytinh Roboflow v1,train,computer_charger,charger_adapter,rotate270,89,1,0.37026123046875,False,False,,False,REVIEW
89_rotate90_jpg.rf.cea74f6c0a70b5009595906966c09a25.jpg,sacmaytinh Roboflow v1,train,computer_charger,charger_adapter,rotate90,89,1,0.397078857421875,False,False,,False,REVIEW
8_jpg.rf.6b545bff2e230e34ca8170613d280a4e.jpg,sacmaytinh Roboflow v1,train,computer_charger,charger_adapter,original,8,1,0.24368408203125,False,True,,False,REVIEW
8_rotate270_jpg.rf.f8d194c5b2fcff18d365f85ae82d1a29.jpg,sacmaytinh Roboflow v1,train,computer_charger,charger_adapter,rotate270,8,1,0.22105712890624998,False,False,,False,REVIEW
8_rotate90_jpg.rf.ab539edc8fd8808726ab4cd8029159ae.jpg,sacmaytinh Roboflow v1,train,computer_charger,charger_adapter,rotate90,8,2,0.232061767578125,False,False,,False,REVIEW
90_jpg.rf.2557e733e89b7a888d6e54f28962ee36.jpg,sacmaytinh Roboflow v1,train,computer_charger,charger_adapter,original,90,1,0.37159423828125,True,True,,False,REVIEW
90_rotate180_jpg.rf.5a6ef8a8c70f69e62ebe5fabdd89e795.jpg,sacmaytinh Roboflow v1,train,computer_charger,charger_adapter,rotate180,90,1,0.3969189453125,True,False,,False,REVIEW
90_rotate270_jpg.rf.26ea8379d5d2c96335771705d946a180.jpg,sacmaytinh Roboflow v1,train,computer_charger,charger_adapter,rotate270,90,1,0.28916015624999997,True,False,,False,REVIEW
91_flipped_jpg.rf.4857b813ac8733efe26c1ce723745f98.jpg,sacmaytinh Roboflow v1,train,computer_charger,charger_adapter,flipped,91,1,0.634755859375,True,False,XDUP02,False,REVIEW
91_jpg.rf.71b4d847e12407b6f2086443a2ff8ea8.jpg,sacmaytinh Roboflow v1,train,computer_charger,charger_adapter,original,91,1,0.61322021484375,True,True,XDUP02,False,REVIEW
91_rotate180_jpg.rf.5f19a6e8a700eb6a7a6e0a7dcffd3d9c.jpg,sacmaytinh Roboflow v1,train,computer_charger,charger_adapter,rotate180,91,1,0.6398437499999999,True,False,XDUP02,False,REVIEW
92_flipped_jpg.rf.7b497f24fe6e67adbf21d03843d52cc3.jpg,sacmaytinh Roboflow v1,train,computer_charger,charger_adapter,flipped,92,1,0.5302423095703125,False,False,,False,REVIEW
92_jpg.rf.481420859c5eaee37d772f68a51175f2.jpg,sacmaytinh Roboflow v1,train,computer_charger,charger_adapter,original,92,1,0.5254394531250001,False,True,,False,REVIEW
92_rotate180_jpg.rf.ed2da38c0cd0e8f9dbb0f04790d97eb3.jpg,sacmaytinh Roboflow v1,train,computer_charger,charger_adapter,rotate180,92,1,0.49635498046875004,False,False,,False,REVIEW
92_rotate270_jpg.rf.099d748b0e3ea44527937e12fcf5deff.jpg,sacmaytinh Roboflow v1,train,computer_charger,charger_adapter,rotate270,92,1,0.5368359375,False,False,,False,REVIEW
92_rotate90_jpg.rf.d92e4ac27be958a429e9bb3c4ea42a12.jpg,sacmaytinh Roboflow v1,train,computer_charger,charger_adapter,rotate90,92,1,0.50396484375,False,False,,False,REVIEW
93_flipped_jpg.rf.7750239e172f282619b2498d2ee3d1bb.jpg,sacmaytinh Roboflow v1,train,computer_charger,charger_adapter,flipped,93,1,0.2936376953125,True,False,,False,REVIEW
93_rotate180_jpg.rf.657f2bc1149ebb0efafb20ab483821a8.jpg,sacmaytinh Roboflow v1,train,computer_charger,charger_adapter,rotate180,93,1,0.4018853759765625,True,False,,False,REVIEW
93_rotate90_jpg.rf.d3be37de2fcbb63bd62c8e47cb8d45b6.jpg,sacmaytinh Roboflow v1,train,computer_charger,charger_adapter,rotate90,93,1,0.40749877929687495,True,False,,False,REVIEW
94_flipped_jpg.rf.5fe5cfdf830119d541094b476abc99c4.jpg,sacmaytinh Roboflow v1,train,computer_charger,charger_adapter,flipped,94,1,0.48712158203125006,True,False,,False,REVIEW
94_jpg.rf.8d6b1b215488f1bf5f7d3ac330015ace.jpg,sacmaytinh Roboflow v1,train,computer_charger,charger_adapter,original,94,1,0.7008837890625,True,True,,False,REVIEW
94_rotate180_jpg.rf.4ed9f02a2be50a4a81cce1cabe8fefbc.jpg,sacmaytinh Roboflow v1,train,computer_charger,charger_adapter,rotate180,94,1,0.5562890625,True,False,,False,REVIEW
94_rotate270_jpg.rf.9c10d2d0917aff3a54b59ae915102525.jpg,sacmaytinh Roboflow v1,train,computer_charger,charger_adapter,rotate270,94,1,0.554390869140625,True,False,,False,REVIEW
95_jpg.rf.7120af6f3cd7dda0aa99f3307d29f50d.jpg,sacmaytinh Roboflow v1,train,computer_charger,charger_adapter,original,95,1,0.68681396484375,True,True,,False,REVIEW
95_rotate180_jpg.rf.56b19f1bdfc612a8c8df7051fa11afa7.jpg,sacmaytinh Roboflow v1,train,computer_charger,charger_adapter,rotate180,95,1,0.6927630615234375,True,False,,False,REVIEW
95_rotate270_jpg.rf.7ed79150691c18f60310ffedc0ce9323.jpg,sacmaytinh Roboflow v1,train,computer_charger,charger_adapter,rotate270,95,1,0.66904296875,True,False,,False,REVIEW
95_rotate90_jpg.rf.3d38169392bbc1bfb81294af50ecf3bf.jpg,sacmaytinh Roboflow v1,train,computer_charger,charger_adapter,rotate90,95,1,0.6187499999999999,True,False,,False,REVIEW
96_flipped_jpg.rf.8c390c32274ad9ab8e9d95edc88adb92.jpg,sacmaytinh Roboflow v1,train,computer_charger,charger_adapter,flipped,96,1,0.58377685546875,False,False,,False,REVIEW
96_jpg.rf.53da4cdb6c65dd0a4f67ca7feb7a8449.jpg,sacmaytinh Roboflow v1,train,computer_charger,charger_adapter,original,96,1,0.5982391357421875,False,True,,False,REVIEW
96_rotate180_jpg.rf.23837017a65c064b43129e8aae0870e2.jpg,sacmaytinh Roboflow v1,train,computer_charger,charger_adapter,rotate180,96,1,0.595546875,False,False,,False,REVIEW
96_rotate270_jpg.rf.35eb1442e701646c02acc98e59b9f09b.jpg,sacmaytinh Roboflow v1,train,computer_charger,charger_adapter,rotate270,96,1,0.6111865234374999,False,False,,False,REVIEW
96_rotate90_jpg.rf.2eece7f63a5ffd0f73a09668fe687d76.jpg,sacmaytinh Roboflow v1,train,computer_charger,charger_adapter,rotate90,96,1,0.633526611328125,False,False,,False,REVIEW
98_flipped_jpg.rf.5fb3f31dc6c6dfbc1221ac24e657a8a4.jpg,sacmaytinh Roboflow v1,train,computer_charger,charger_adapter,flipped,98,1,0.0691973876953125,True,False,,False,REVIEW
98_jpg.rf.48a79042cfa96c5274741d2c9509c7cc.jpg,sacmaytinh Roboflow v1,train,computer_charger,charger_adapter,original,98,1,0.07038940429687501,True,True,,False,REVIEW
98_rotate270_jpg.rf.34f3da42fbeeabbd59b8cfd3ee1df64a.jpg,sacmaytinh Roboflow v1,train,computer_charger,charger_adapter,rotate270,98,1,0.07880554199218749,True,False,,False,REVIEW
98_rotate90_jpg.rf.1cf94cef42f5b2b380c956ea17e150fc.jpg,sacmaytinh Roboflow v1,train,computer_charger,charger_adapter,rotate90,98,1,0.0749249267578125,True,False,,False,REVIEW
99_flipped_jpg.rf.4197d9e190767734016143133ea70c5b.jpg,sacmaytinh Roboflow v1,train,computer_charger,charger_adapter,flipped,99,1,0.6130297851562501,True,False,,False,REVIEW
99_jpg.rf.d38fa5626ea937f6013ad190ea54f04d.jpg,sacmaytinh Roboflow v1,train,computer_charger,charger_adapter,original,99,1,0.651519775390625,True,True,,False,REVIEW
99_rotate270_jpg.rf.ee7d63ae135a69cf5cfa17ed2fc5233d.jpg,sacmaytinh Roboflow v1,train,computer_charger,charger_adapter,rotate270,99,1,0.6123974609375,True,False,,False,REVIEW
9_jpg.rf.d44e85455d72abd0f23ee338c1aaa792.jpg,sacmaytinh Roboflow v1,train,computer_charger,charger_adapter,original,9,1,0.44831909179687507,True,True,,False,REVIEW
9_rotate180_jpg.rf.0d658295c52b81705b948233e7772110.jpg,sacmaytinh Roboflow v1,train,computer_charger,charger_adapter,rotate180,9,1,0.363504638671875,True,False,,False,REVIEW
9_rotate270_jpg.rf.80d8173634400bccb5e60fc2090d49b2.jpg,sacmaytinh Roboflow v1,train,computer_charger,charger_adapter,rotate270,9,1,0.3188568115234375,True,False,,False,REVIEW
9_rotate90_jpg.rf.57609ab8c92fca5a7af2bd791dffaeff.jpg,sacmaytinh Roboflow v1,train,computer_charger,charger_adapter,rotate90,9,1,0.375087890625,True,False,,False,REVIEW
100_jpg.rf.0e727194fc4248ea64387d19b03d4097.jpg,sacmaytinh Roboflow v1,valid,computer_charger,charger_adapter,original,100,1,0.32289001464843753,True,True,,False,REVIEW
12_jpg.rf.46468934519c6e7e8f2a03ca86d0fab3.jpg,sacmaytinh Roboflow v1,valid,computer_charger,charger_adapter,original,12,1,0.19242065429687502,True,True,,False,REVIEW
12_rotate180_jpg.rf.bb0c1d9e59794bf3a3e8a3d8ecf94036.jpg,sacmaytinh Roboflow v1,valid,computer_charger,charger_adapter,rotate180,12,1,0.18244628906250002,True,False,,False,REVIEW
12_rotate90_jpg.rf.43422156d4e30fbd56640872914de621.jpg,sacmaytinh Roboflow v1,valid,computer_charger,charger_adapter,rotate90,12,1,0.1959857177734375,True,False,,False,REVIEW
13_rotate270_jpg.rf.f6a5e2f175e973d805c9f828f2945a86.jpg,sacmaytinh Roboflow v1,valid,computer_charger,charger_adapter,rotate270,13,1,0.3802734375,True,False,,False,REVIEW
15_flipped_jpg.rf.90293188439258d4a5a4273dd20d9d50.jpg,sacmaytinh Roboflow v1,valid,computer_charger,charger_adapter,flipped,15,1,0.30164062500000005,True,False,,False,REVIEW
16_flipped_jpg.rf.eefd4fae6d91f2e6aa217a3d89db8174.jpg,sacmaytinh Roboflow v1,valid,computer_charger,charger_adapter,flipped,16,1,0.2930712890625,True,False,,False,REVIEW
16_rotate270_jpg.rf.4a0ad408a2f487ea4a12cde96a0a803e.jpg,sacmaytinh Roboflow v1,valid,computer_charger,charger_adapter,rotate270,16,1,0.301083984375,True,False,,False,REVIEW
18_flipped_jpg.rf.940eb84099284fe3037c4ae8d755585f.jpg,sacmaytinh Roboflow v1,valid,computer_charger,charger_adapter,flipped,18,1,0.1879119873046875,True,False,,False,REVIEW
19_flipped_jpg.rf.b0254884e2995736b92f0cdeacc4cbfa.jpg,sacmaytinh Roboflow v1,valid,computer_charger,charger_adapter,flipped,19,1,0.3265484619140625,False,False,,False,REVIEW
19_jpg.rf.dd270a08b6b47411c9dd0b3249c40b06.jpg,sacmaytinh Roboflow v1,valid,computer_charger,charger_adapter,original,19,1,0.3416082763671875,False,True,,False,REVIEW
19_rotate180_jpg.rf.cd28e59cd6718b7c7ee08b91e12a6502.jpg,sacmaytinh Roboflow v1,valid,computer_charger,charger_adapter,rotate180,19,1,0.3023876953125,False,False,,False,REVIEW
19_rotate270_jpg.rf.efc1e7488b932cb5864e0f6cb30a370d.jpg,sacmaytinh Roboflow v1,valid,computer_charger,charger_adapter,rotate270,19,1,0.34514770507812503,False,False,,False,REVIEW
19_rotate90_jpg.rf.87ed61eea8004ad682ec28fc90bbc557.jpg,sacmaytinh Roboflow v1,valid,computer_charger,charger_adapter,rotate90,19,1,0.3468408203125,False,False,,False,REVIEW
1_rotate270_jpg.rf.d235977dfe7767bff81cb3fd60b81c16.jpg,sacmaytinh Roboflow v1,valid,computer_charger,charger_adapter,rotate270,1,1,0.1889263916015625,True,False,,False,REVIEW
20_rotate180_jpg.rf.f231ed9d8ea010e7deb44bdd7c6e71b9.jpg,sacmaytinh Roboflow v1,valid,computer_charger,charger_adapter,rotate180,20,1,0.19281005859375,True,False,,False,REVIEW
21_flipped_jpg.rf.8dcdc9de8a8fad539df1b5fb37236d5b.jpg,sacmaytinh Roboflow v1,valid,computer_charger,charger_adapter,flipped,21,1,0.1694903564453125,True,False,,False,REVIEW
21_jpg.rf.4fc35c2e671538b83f5fb5359bca7531.jpg,sacmaytinh Roboflow v1,valid,computer_charger,charger_adapter,original,21,1,0.1580841064453125,True,True,,False,REVIEW
23_flipped_jpg.rf.88e9b92a8816ac60cf53c779439b979b.jpg,sacmaytinh Roboflow v1,valid,computer_charger,charger_adapter,flipped,23,1,0.178857421875,True,False,,False,REVIEW
23_jpg.rf.81bf30f3cbc0ed8650d55e9e3a0076e9.jpg,sacmaytinh Roboflow v1,valid,computer_charger,charger_adapter,original,23,1,0.15123229980468747,True,True,,False,REVIEW
26_rotate270_jpg.rf.ec6ed7c11e89afb461fe126763fc0275.jpg,sacmaytinh Roboflow v1,valid,computer_charger,charger_adapter,rotate270,26,1,0.15485107421875,True,False,,False,REVIEW
27_jpg.rf.c2fd422fe226d00ed6d1db9d8053c9f6.jpg,sacmaytinh Roboflow v1,valid,computer_charger,charger_adapter,original,27,1,0.37698486328125,True,True,,False,REVIEW
28_jpg.rf.ca8bca3adc72f73ef65f1da172b0d790.jpg,sacmaytinh Roboflow v1,valid,computer_charger,charger_adapter,original,28,1,0.38213500976562503,True,True,XDUP01,False,REVIEW
29_rotate270_jpg.rf.a7542ffa7d6685223e66797f5c1cea0a.jpg,sacmaytinh Roboflow v1,valid,computer_charger,charger_adapter,rotate270,29,1,0.4178759765625,True,False,,False,REVIEW
2_rotate270_jpg.rf.676d1c5d2c20bfa6550846b27d951546.jpg,sacmaytinh Roboflow v1,valid,computer_charger,charger_adapter,rotate270,2,1,0.33467651367187495,True,False,,False,REVIEW
31_flipped_jpg.rf.c9c8aa51eb50369bc9a8b0ef3ca8eaca.jpg,sacmaytinh Roboflow v1,valid,computer_charger,charger_adapter,flipped,31,1,0.14739990234375,True,False,,False,REVIEW
31_rotate180_jpg.rf.7cd5194f61134e2a392cd292200bcf04.jpg,sacmaytinh Roboflow v1,valid,computer_charger,charger_adapter,rotate180,31,1,0.1404486083984375,True,False,,False,REVIEW
31_rotate270_jpg.rf.76c3e9ada8f068cce020e07178896ebe.jpg,sacmaytinh Roboflow v1,valid,computer_charger,charger_adapter,rotate270,31,1,0.1290765380859375,True,False,,False,REVIEW
32_flipped_jpg.rf.b77f08e29bf2a15ab428a55b6339c8e9.jpg,sacmaytinh Roboflow v1,valid,computer_charger,charger_adapter,flipped,32,1,0.033958740234375,True,False,,False,REVIEW
32_jpg.rf.dde4dc6b02dd981596d907036db3eae7.jpg,sacmaytinh Roboflow v1,valid,computer_charger,charger_adapter,original,32,1,0.028666992187500004,True,True,,False,REVIEW
32_rotate90_jpg.rf.5b4bbbaebdcb5ab0d7c33b2f9e71646e.jpg,sacmaytinh Roboflow v1,valid,computer_charger,charger_adapter,rotate90,32,1,0.03735595703125,True,False,,False,REVIEW
33_rotate90_jpg.rf.e77a657f0273898bbcd7f4b30f57dc71.jpg,sacmaytinh Roboflow v1,valid,computer_charger,charger_adapter,rotate90,33,1,0.26122314453124995,True,False,,False,REVIEW
35_rotate270_jpg.rf.1d60a09929dd683aaaa4afe26bedc94a.jpg,sacmaytinh Roboflow v1,valid,computer_charger,charger_adapter,rotate270,35,1,0.38878662109375006,True,False,,False,REVIEW
35_rotate90_jpg.rf.8a74db5c5348abf38eed1539a626d333.jpg,sacmaytinh Roboflow v1,valid,computer_charger,charger_adapter,rotate90,35,1,0.40328125,True,False,,False,REVIEW
37_flipped_jpg.rf.abf77acc4cf022a9d27b8dec00f60a98.jpg,sacmaytinh Roboflow v1,valid,computer_charger,charger_adapter,flipped,37,1,0.16652160644531253,True,False,,False,REVIEW
37_jpg.rf.f752364a58653848c41f34efb059e0d6.jpg,sacmaytinh Roboflow v1,valid,computer_charger,charger_adapter,original,37,1,0.17169921875000002,True,True,,False,REVIEW
37_rotate180_jpg.rf.16f9106e9199bdfd588023ba96d5e4fd.jpg,sacmaytinh Roboflow v1,valid,computer_charger,charger_adapter,rotate180,37,1,0.14732421875,True,False,,False,REVIEW
37_rotate90_jpg.rf.70207d0a9cdd8a0a803c28870af2a46e.jpg,sacmaytinh Roboflow v1,valid,computer_charger,charger_adapter,rotate90,37,1,0.1361846923828125,True,False,,False,REVIEW
38_rotate90_jpg.rf.33eadd497c94f42626e95b8d09ab45db.jpg,sacmaytinh Roboflow v1,valid,computer_charger,charger_adapter,rotate90,38,1,0.15565185546875002,True,False,,False,REVIEW
41_rotate270_jpg.rf.1b5d356bc295c90245f5f9f051ecb3cc.jpg,sacmaytinh Roboflow v1,valid,computer_charger,charger_adapter,rotate270,41,1,0.278470458984375,True,False,,False,REVIEW
44_rotate270_jpg.rf.6cd9bcd4d38725ae8661e18f7803377a.jpg,sacmaytinh Roboflow v1,valid,computer_charger,charger_adapter,rotate270,44,1,0.20782104492187503,True,False,,False,REVIEW
45_rotate180_jpg.rf.d19fe2fb9d9f4148f4c5964b5883e3fe.jpg,sacmaytinh Roboflow v1,valid,computer_charger,charger_adapter,rotate180,45,1,0.738671875,True,False,,False,REVIEW
46_rotate90_jpg.rf.f90ae2f7c6f6bf484054cbb9b331f602.jpg,sacmaytinh Roboflow v1,valid,computer_charger,charger_adapter,rotate90,46,1,0.2735400390625,True,False,,False,REVIEW
47_flipped_jpg.rf.1ef703f3d79a231388c7b416c81f03ae.jpg,sacmaytinh Roboflow v1,valid,computer_charger,charger_adapter,flipped,47,1,0.3258056640625,True,False,,False,REVIEW
47_rotate180_jpg.rf.cec2b3f2a144ca69802565e2c7481b73.jpg,sacmaytinh Roboflow v1,valid,computer_charger,charger_adapter,rotate180,47,1,0.2859796142578125,True,False,,False,REVIEW
48_rotate270_jpg.rf.0acc75ec8cc6d6654aef1c4dce6803f3.jpg,sacmaytinh Roboflow v1,valid,computer_charger,charger_adapter,rotate270,48,1,0.131920166015625,True,False,,False,REVIEW
49_rotate90_jpg.rf.6fc21150804fe51de5a1020af1aaa57e.jpg,sacmaytinh Roboflow v1,valid,computer_charger,charger_adapter,rotate90,49,1,0.152525634765625,True,False,,False,REVIEW
4_rotate180_jpg.rf.a2da164a26013929fd308fb399482662.jpg,sacmaytinh Roboflow v1,valid,computer_charger,charger_adapter,rotate180,4,1,0.42794677734375003,True,False,,False,REVIEW
51_rotate90_jpg.rf.5356f70cd1c05695060b2764b2d45f74.jpg,sacmaytinh Roboflow v1,valid,computer_charger,charger_adapter,rotate90,51,1,0.089398193359375,True,False,,False,REVIEW
53_flipped_jpg.rf.a63b95e69e2d1ac9f86f5b79171020ad.jpg,sacmaytinh Roboflow v1,valid,computer_charger,charger_adapter,flipped,53,1,0.6922332763671875,True,False,,False,REVIEW
53_rotate180_jpg.rf.eb474847b945447ea237c82e888fe007.jpg,sacmaytinh Roboflow v1,valid,computer_charger,charger_adapter,rotate180,53,1,0.6914465332031251,True,False,,False,REVIEW
54_rotate180_jpg.rf.61310100fd2feaa3c788ea3e162831c8.jpg,sacmaytinh Roboflow v1,valid,computer_charger,charger_adapter,rotate180,54,1,0.77013671875,True,False,,False,REVIEW
54_rotate270_jpg.rf.d1281642f9379873b1a1c06a1cb2122f.jpg,sacmaytinh Roboflow v1,valid,computer_charger,charger_adapter,rotate270,54,1,0.6876416015625,True,False,,False,REVIEW
55_jpg.rf.c3d3651a678db9c0c27cc0752a6df900.jpg,sacmaytinh Roboflow v1,valid,computer_charger,charger_adapter,original,55,1,0.539764404296875,True,True,,False,REVIEW
56_rotate270_jpg.rf.5adf0d16b612235a2d948fb55270068e.jpg,sacmaytinh Roboflow v1,valid,computer_charger,charger_adapter,rotate270,56,1,0.297088623046875,True,False,,False,REVIEW
59_flipped_jpg.rf.ceb4f7a61b16bece3c53e567d9672a24.jpg,sacmaytinh Roboflow v1,valid,computer_charger,charger_adapter,flipped,59,1,0.598359375,True,False,,False,REVIEW
60_rotate90_jpg.rf.128402b13488d02cdee79452960a16d5.jpg,sacmaytinh Roboflow v1,valid,computer_charger,charger_adapter,rotate90,60,1,0.6746429443359375,True,False,,False,REVIEW
61_rotate180_jpg.rf.ec8a2618162b1cf9719e5d70612cd6b9.jpg,sacmaytinh Roboflow v1,valid,computer_charger,charger_adapter,rotate180,61,1,0.5916772460937499,True,False,,False,REVIEW
61_rotate90_jpg.rf.c5b579c7bbe3965f2c6a9380a2fd6498.jpg,sacmaytinh Roboflow v1,valid,computer_charger,charger_adapter,rotate90,61,1,0.5735504150390626,True,False,,False,REVIEW
64_jpg.rf.2dc2e99c0dcee2c73003f1c71265436c.jpg,sacmaytinh Roboflow v1,valid,computer_charger,charger_adapter,original,64,1,0.5650927734375001,True,True,,False,REVIEW
64_rotate90_jpg.rf.71cedbddaae8e44e8b5a6c222fc5c3cd.jpg,sacmaytinh Roboflow v1,valid,computer_charger,charger_adapter,rotate90,64,1,0.58875732421875,True,False,,False,REVIEW
65_jpg.rf.d30bb312f1dbf6b08e4e9c0d18c88e13.jpg,sacmaytinh Roboflow v1,valid,computer_charger,charger_adapter,original,65,1,0.4425,True,True,,False,REVIEW
66_rotate90_jpg.rf.1c5d642e1ffe7ece14cecb90ee95d73f.jpg,sacmaytinh Roboflow v1,valid,computer_charger,charger_adapter,rotate90,66,1,0.40928466796874996,True,False,,False,REVIEW
68_flipped_jpg.rf.e65c5a58e531dfb7baac7955caeb154c.jpg,sacmaytinh Roboflow v1,valid,computer_charger,charger_adapter,flipped,68,1,0.45296630859375,True,False,,False,REVIEW
69_rotate180_jpg.rf.39e100888dfb9ecbbe821872b8daecd4.jpg,sacmaytinh Roboflow v1,valid,computer_charger,charger_adapter,rotate180,69,1,0.5999627685546876,True,False,XDUP02,False,REVIEW
69_rotate90_jpg.rf.66b6f121ca3843618eda067e2dba7f42.jpg,sacmaytinh Roboflow v1,valid,computer_charger,charger_adapter,rotate90,69,1,0.5744049072265625,True,False,XDUP02,False,REVIEW
72_rotate180_jpg.rf.f6bcf76e57e041f347dc93ac185afbf8.jpg,sacmaytinh Roboflow v1,valid,computer_charger,charger_adapter,rotate180,72,1,0.35525390625000003,True,False,,False,REVIEW
73_rotate180_jpg.rf.2814d47bab6c89401ebb2b5674e1fc23.jpg,sacmaytinh Roboflow v1,valid,computer_charger,charger_adapter,rotate180,73,1,0.323695068359375,True,False,XDUP03,False,REVIEW
75_flipped_jpg.rf.8262aa63d7bd6ad44f893d955249e4df.jpg,sacmaytinh Roboflow v1,valid,computer_charger,charger_adapter,flipped,75,1,0.43164550781249994,True,False,,False,REVIEW
75_jpg.rf.2a6961b6103ed0ebf883ae34890c5455.jpg,sacmaytinh Roboflow v1,valid,computer_charger,charger_adapter,original,75,1,0.41441162109375,True,True,,False,REVIEW
76_rotate180_jpg.rf.92b593751895c3e8faf6735a2c544281.jpg,sacmaytinh Roboflow v1,valid,computer_charger,charger_adapter,rotate180,76,1,0.3540283203125,True,False,,False,REVIEW
76_rotate90_jpg.rf.4b877b2f40202a0002fd2185bf4b328f.jpg,sacmaytinh Roboflow v1,valid,computer_charger,charger_adapter,rotate90,76,1,0.3838226318359375,True,False,,False,REVIEW
78_rotate270_jpg.rf.a83f1ab35c860ea007fe62f9f105e66c.jpg,sacmaytinh Roboflow v1,valid,computer_charger,charger_adapter,rotate270,78,1,0.241171875,True,False,,False,REVIEW
79_flipped_jpg.rf.dccac5f4ab8161c43cb3d440231288b3.jpg,sacmaytinh Roboflow v1,valid,computer_charger,charger_adapter,flipped,79,1,0.31922790527343753,True,False,,False,REVIEW
79_rotate180_jpg.rf.4d473ad6997a50b9000df9180c176bf5.jpg,sacmaytinh Roboflow v1,valid,computer_charger,charger_adapter,rotate180,79,1,0.3233184814453125,True,False,,False,REVIEW
7_rotate90_jpg.rf.c1a97e7d431791011e2df0957bb60d18.jpg,sacmaytinh Roboflow v1,valid,computer_charger,charger_adapter,rotate90,7,2,0.035888671875,True,False,,False,REVIEW
80_jpg.rf.966057cb19901ff717a1da5edc01c747.jpg,sacmaytinh Roboflow v1,valid,computer_charger,charger_adapter,original,80,1,0.19658935546874998,True,True,,False,REVIEW
81_rotate90_jpg.rf.273bbb12e6c8f34ac8f798da3eec4811.jpg,sacmaytinh Roboflow v1,valid,computer_charger,charger_adapter,rotate90,81,1,0.3825830078125,True,False,,False,REVIEW
82_rotate270_jpg.rf.50933dd2e7aba6c4819153b3176bc486.jpg,sacmaytinh Roboflow v1,valid,computer_charger,charger_adapter,rotate270,82,1,0.7089495849609375,True,False,,False,REVIEW
83_rotate180_jpg.rf.be8aef3b2b6d107acc77e09c5fbecb07.jpg,sacmaytinh Roboflow v1,valid,computer_charger,charger_adapter,rotate180,83,1,0.415155029296875,True,False,,False,REVIEW
83_rotate270_jpg.rf.f38bd4db50b2cf83b185cb6725648fbe.jpg,sacmaytinh Roboflow v1,valid,computer_charger,charger_adapter,rotate270,83,1,0.47854858398437494,True,False,,False,REVIEW
84_jpg.rf.540f2c68c136c11cf16570706311f941.jpg,sacmaytinh Roboflow v1,valid,computer_charger,charger_adapter,original,84,1,0.29564208984375,True,True,,False,REVIEW
84_rotate270_jpg.rf.4d9471a51928a28d640706b2e5d8aee1.jpg,sacmaytinh Roboflow v1,valid,computer_charger,charger_adapter,rotate270,84,1,0.29396484375,True,False,,False,REVIEW
85_jpg.rf.f0b2813a2c42e6b861bb8bf37c3cbd58.jpg,sacmaytinh Roboflow v1,valid,computer_charger,charger_adapter,original,85,1,0.37357177734375,True,True,,False,REVIEW
86_flipped_jpg.rf.9d861a8b707a59a710e95da1a66ebaea.jpg,sacmaytinh Roboflow v1,valid,computer_charger,charger_adapter,flipped,86,1,0.251507568359375,True,False,,False,REVIEW
93_jpg.rf.ab66b4b224fe3102c1a891c920b955d1.jpg,sacmaytinh Roboflow v1,valid,computer_charger,charger_adapter,original,93,1,0.39777099609375005,True,True,,False,REVIEW
94_rotate90_jpg.rf.f50e95a96b1ce165924fee078d780003.jpg,sacmaytinh Roboflow v1,valid,computer_charger,charger_adapter,rotate90,94,1,0.6053271484374999,True,False,,False,REVIEW
95_flipped_jpg.rf.deac0317629d3abb2a95e2072cbaa97e.jpg,sacmaytinh Roboflow v1,valid,computer_charger,charger_adapter,flipped,95,1,0.6637951660156249,True,False,,False,REVIEW
99_rotate180_jpg.rf.f3405be59123b1f4a0e5661d5d0a825b.jpg,sacmaytinh Roboflow v1,valid,computer_charger,charger_adapter,rotate180,99,1,0.739599609375,True,False,,False,REVIEW
9_flipped_jpg.rf.c4634b64abdb42447548cb1b7b1a7f29.jpg,sacmaytinh Roboflow v1,valid,computer_charger,charger_adapter,flipped,9,1,0.38205932617187505,True,False,,False,REVIEW
100_rotate180_jpg.rf.4f741d70300916685eef9cce73a4b828.jpg,sacmaytinh Roboflow v1,test,computer_charger,charger_adapter,rotate180,100,1,0.303145751953125,True,False,,False,REVIEW
11_flipped_jpg.rf.8dea34444d40ecc6af407f99dea25fdf.jpg,sacmaytinh Roboflow v1,test,computer_charger,charger_adapter,flipped,11,1,0.2528399658203125,True,False,,False,REVIEW
16_rotate180_jpg.rf.09a1ccfa2de39548e6c41c8049f0c7c4.jpg,sacmaytinh Roboflow v1,test,computer_charger,charger_adapter,rotate180,16,1,0.2951605224609375,True,False,,False,REVIEW
23_rotate270_jpg.rf.c1febf1e7e3ca67842df59c672072a67.jpg,sacmaytinh Roboflow v1,test,computer_charger,charger_adapter,rotate270,23,1,0.20037841796875,True,False,,False,REVIEW
26_jpg.rf.b78e0a6a049af06125931feafe0b433d.jpg,sacmaytinh Roboflow v1,test,computer_charger,charger_adapter,original,26,1,0.3017095947265625,True,True,,False,REVIEW
30_jpg.rf.a86ef4543b47e3d13d78f020d85b9b8c.jpg,sacmaytinh Roboflow v1,test,computer_charger,charger_adapter,original,30,1,0.25259521484375,True,True,,False,REVIEW
32_rotate270_jpg.rf.6fcbdcb1ed768501bd1b1122a8650a17.jpg,sacmaytinh Roboflow v1,test,computer_charger,charger_adapter,rotate270,32,1,0.0383563232421875,True,False,,False,REVIEW
34_jpg.rf.3bf72ab91f5c9ac3abc9cfe102ae2b4b.jpg,sacmaytinh Roboflow v1,test,computer_charger,charger_adapter,original,34,1,0.31146240234375,True,True,,False,REVIEW
34_rotate180_jpg.rf.a1635e7ab3cc56beefc88f0e7a67f400.jpg,sacmaytinh Roboflow v1,test,computer_charger,charger_adapter,rotate180,34,1,0.3119775390625,True,False,,False,REVIEW
38_rotate270_jpg.rf.fa4d5d01f4bbdf526ca6088245dba2a3.jpg,sacmaytinh Roboflow v1,test,computer_charger,charger_adapter,rotate270,38,1,0.12345520019531249,True,False,,False,REVIEW
39_flipped_jpg.rf.5af23aa71d638d46b76a6404eb4e2c24.jpg,sacmaytinh Roboflow v1,test,computer_charger,charger_adapter,flipped,39,1,0.26080444335937497,True,False,,False,REVIEW
39_rotate90_jpg.rf.6ea3fcf35dac7ee1588158217cb76320.jpg,sacmaytinh Roboflow v1,test,computer_charger,charger_adapter,rotate90,39,1,0.2630126953125,True,False,,False,REVIEW
3_rotate180_jpg.rf.0c0cd7b483a04e54bd3e9050ff509070.jpg,sacmaytinh Roboflow v1,test,computer_charger,charger_adapter,rotate180,3,1,0.3581982421875,True,False,,False,REVIEW
44_rotate180_jpg.rf.eec876ce41d48c54c8eb41a9a6732ab2.jpg,sacmaytinh Roboflow v1,test,computer_charger,charger_adapter,rotate180,44,1,0.2228546142578125,True,False,,False,REVIEW
47_rotate270_jpg.rf.921106da1402afd2ba4932d4ef5b310c.jpg,sacmaytinh Roboflow v1,test,computer_charger,charger_adapter,rotate270,47,1,0.28744079589843746,True,False,,False,REVIEW
49_rotate270_jpg.rf.d5e974552efc26e3f6aa042aa7d34734.jpg,sacmaytinh Roboflow v1,test,computer_charger,charger_adapter,rotate270,49,1,0.15150146484375,True,False,,False,REVIEW
4_jpg.rf.6609a8da920be62844300b46845ae719.jpg,sacmaytinh Roboflow v1,test,computer_charger,charger_adapter,original,4,1,0.39953002929687503,True,True,,False,REVIEW
50_flipped_jpg.rf.f7ac310ae8222411d7524f91d4e5e207.jpg,sacmaytinh Roboflow v1,test,computer_charger,charger_adapter,flipped,50,1,0.6196075439453125,True,False,,False,REVIEW
53_rotate270_jpg.rf.e0259f674fcde0d5aba49742bb9f82d9.jpg,sacmaytinh Roboflow v1,test,computer_charger,charger_adapter,rotate270,53,1,0.6730419921874999,True,False,,False,REVIEW
55_rotate270_jpg.rf.d1c6c40691fc0393a98cfa8d539a3bb0.jpg,sacmaytinh Roboflow v1,test,computer_charger,charger_adapter,rotate270,55,1,0.5819970703125,True,False,,False,REVIEW
57_rotate270_jpg.rf.ff66fda933234105987ca955dd0ac2de.jpg,sacmaytinh Roboflow v1,test,computer_charger,charger_adapter,rotate270,57,1,0.537900390625,True,False,,False,REVIEW
58_jpg.rf.21d8ef3c291ddbf7b101924fbbefa8d2.jpg,sacmaytinh Roboflow v1,test,computer_charger,charger_adapter,original,58,1,0.593939208984375,True,True,,False,REVIEW
5_rotate90_jpg.rf.ed6f733fbfb60c0a35f09b03f91c14b2.jpg,sacmaytinh Roboflow v1,test,computer_charger,charger_adapter,rotate90,5,1,0.32561279296875,True,False,,False,REVIEW
62_rotate270_jpg.rf.18418da86aa0958d74f38ae47e40575f.jpg,sacmaytinh Roboflow v1,test,computer_charger,charger_adapter,rotate270,62,1,0.791890869140625,True,False,,False,REVIEW
63_jpg.rf.01c436e2bc786ee9d96d44548821a9f2.jpg,sacmaytinh Roboflow v1,test,computer_charger,charger_adapter,original,63,1,0.5381445312500001,True,True,,False,REVIEW
64_rotate180_jpg.rf.b0ab67c2e3b1c0fda74b8708de18bc22.jpg,sacmaytinh Roboflow v1,test,computer_charger,charger_adapter,rotate180,64,1,0.6552246093749999,True,False,,False,REVIEW
65_flipped_jpg.rf.190e6516b413efa29f526dc8b4c74b61.jpg,sacmaytinh Roboflow v1,test,computer_charger,charger_adapter,flipped,65,1,0.39521484375,True,False,,False,REVIEW
65_rotate270_jpg.rf.b1f531f122f47a7c8836ce6289d132bb.jpg,sacmaytinh Roboflow v1,test,computer_charger,charger_adapter,rotate270,65,1,0.46651184082031255,True,False,,False,REVIEW
66_jpg.rf.94da2912ea201c712ab53c81904572ab.jpg,sacmaytinh Roboflow v1,test,computer_charger,charger_adapter,original,66,1,0.36625244140625,True,True,,False,REVIEW
67_rotate270_jpg.rf.7a258c1a9c0cd7ead24733a174a61363.jpg,sacmaytinh Roboflow v1,test,computer_charger,charger_adapter,rotate270,67,1,0.305535888671875,True,False,,False,REVIEW
68_rotate270_jpg.rf.04235b5e68ca698913030bdbdaf022a9.jpg,sacmaytinh Roboflow v1,test,computer_charger,charger_adapter,rotate270,68,1,0.48375,True,False,,False,REVIEW
70_rotate180_jpg.rf.e6586a68db4973ae916f28afe8441482.jpg,sacmaytinh Roboflow v1,test,computer_charger,charger_adapter,rotate180,70,1,0.72418212890625,True,False,,False,REVIEW
70_rotate270_jpg.rf.aa4996dc2e62ed72764a08f030c94cb3.jpg,sacmaytinh Roboflow v1,test,computer_charger,charger_adapter,rotate270,70,1,0.57734375,True,False,,False,REVIEW
75_rotate180_jpg.rf.a6a405e047a287d9f81f9e6b935d632e.jpg,sacmaytinh Roboflow v1,test,computer_charger,charger_adapter,rotate180,75,1,0.42536865234375004,True,False,,False,REVIEW
76_flipped_jpg.rf.6781b370460a8d67c68e56893ffb0217.jpg,sacmaytinh Roboflow v1,test,computer_charger,charger_adapter,flipped,76,1,0.3745849609375,True,False,,False,REVIEW
78_flipped_jpg.rf.48ed088d5d4750f5493291d933390c84.jpg,sacmaytinh Roboflow v1,test,computer_charger,charger_adapter,flipped,78,1,0.259833984375,True,False,,False,REVIEW
78_rotate90_jpg.rf.133f4e80ec848c6dfdf0b2735f16005b.jpg,sacmaytinh Roboflow v1,test,computer_charger,charger_adapter,rotate90,78,1,0.2592333984375,True,False,,False,REVIEW
81_rotate180_jpg.rf.45611b63d5579c190ef9857610279c5b.jpg,sacmaytinh Roboflow v1,test,computer_charger,charger_adapter,rotate180,81,1,0.3350048828125,True,False,,False,REVIEW
90_flipped_jpg.rf.be3e6609d828fce3fe4fc64a2f82c189.jpg,sacmaytinh Roboflow v1,test,computer_charger,charger_adapter,flipped,90,1,0.3603076171875,True,False,,False,REVIEW
90_rotate90_jpg.rf.52dbd726bafc7ee220fbb17934880a70.jpg,sacmaytinh Roboflow v1,test,computer_charger,charger_adapter,rotate90,90,1,0.275980224609375,True,False,,False,REVIEW
91_rotate270_jpg.rf.1ea5004c7a6109755a3391d81f6ce165.jpg,sacmaytinh Roboflow v1,test,computer_charger,charger_adapter,rotate270,91,1,0.51767578125,True,False,XDUP02,False,REVIEW
91_rotate90_jpg.rf.ee27d31d55f14673dcce2d2d71fd7ef5.jpg,sacmaytinh Roboflow v1,test,computer_charger,charger_adapter,rotate90,91,1,0.652791748046875,True,False,XDUP02,False,REVIEW
93_rotate270_jpg.rf.e24dbc87c38134990a88716350a1e8b4.jpg,sacmaytinh Roboflow v1,test,computer_charger,charger_adapter,rotate270,93,1,0.38733398437499994,True,False,,False,REVIEW
98_rotate180_jpg.rf.d953e48d4e8bc05fbd70ecce1ed22a4c.jpg,sacmaytinh Roboflow v1,test,computer_charger,charger_adapter,rotate180,98,1,0.087677001953125,True,False,,False,REVIEW
99_rotate90_jpg.rf.267b6db4c183a761406e01056d1d326b.jpg,sacmaytinh Roboflow v1,test,computer_charger,charger_adapter,rotate90,99,1,0.6428643798828125,True,False,,False,REVIEW
