file_name,source_dataset,original_split,original_label,esafe_label,cable_boxes,other_object_boxes,largest_cable_bbox_ratio,duplicate_group,selection_status
20250616_194109_jpg.rf.a3cef4ff0c0e9ed8de55bb648878b0a7.jpg,TrashNet++ jCDBig,train,Cable,cable_plug,1,0,0.2764556884765625,DUP01,REVIEW
20250616_194112_jpg.rf.71a59e90de8a63ee8c4ab11e614150ae.jpg,TrashNet++ jCDBig,train,Cable,cable_plug,1,0,0.41671874999999997,,REVIEW
20250616_194130_jpg.rf.eba1ce2caaed95bc0133c2459e4d08fb.jpg,TrashNet++ jCDBig,train,Cable,cable_plug,1,6,0.042619628906250005,,REVIEW
20250616_194210_jpg.rf.fcbc163582c0653f2a9fd16b7a1b8819.jpg,TrashNet++ jCDBig,train,Cable,cable_plug,1,7,0.0338946533203125,,REVIEW
20250616_194214_jpg.rf.338922febe7af3058e1d083c02f4de47.jpg,TrashNet++ jCDBig,train,Cable,cable_plug,1,7,0.053913574218749996,,REVIEW
20250616_194249_jpg.rf.212eac6fe0166d4dcf75a02a52aa21f3.jpg,TrashNet++ jCDBig,train,Cable,cable_plug,1,6,0.0336968994140625,,REVIEW
20250616_194250_jpg.rf.e275a018a5c300fcb90e8848a49a0f52.jpg,TrashNet++ jCDBig,train,Cable,cable_plug,1,8,0.045211181640625,,REVIEW
20250616_194252_jpg.rf.4fd361e88c37a3798af56c0da10148dc.jpg,TrashNet++ jCDBig,train,Cable,cable_plug,1,8,0.033331298828125,,REVIEW
20250616_194253_jpg.rf.9142841ff128d9a4d06b4b51ba37e8c1.jpg,TrashNet++ jCDBig,train,Cable,cable_plug,1,6,0.043568725585937496,,REVIEW
20250616_194509_jpg.rf.6146705c20db8f58285da20830bab3fc.jpg,TrashNet++ jCDBig,train,Cable,cable_plug,1,1,0.029765625000000004,DUP02,REVIEW
20250616_194540_jpg.rf.88d40c4b62bda5c2441bed6684d37aea.jpg,TrashNet++ jCDBig,train,Cable,cable_plug,2,11,0.07932128906250001,,REVIEW
20250616_194543_jpg.rf.c4a14a230684a1be1e3507a83019e71b.jpg,TrashNet++ jCDBig,train,Cable,cable_plug,1,9,0.0642791748046875,,REVIEW
20250616_194550_jpg.rf.0f2f598aedf2178182ed95144aa62b98.jpg,TrashNet++ jCDBig,train,Cable,cable_plug,1,4,0.207257080078125,,REVIEW
20250616_195413-1-_jpg.rf.f8d9d97e330cae58cd556ab0fa7dbd1e.jpg,TrashNet++ jCDBig,train,Cable,cable_plug,1,2,0.017141113281250002,,REVIEW
20250616_195516_jpg.rf.8f7245bf91b0442f3a4af7d620d26a55.jpg,TrashNet++ jCDBig,train,Cable,cable_plug,1,6,0.02195068359375,,REVIEW
20250616_195805_jpg.rf.f6e801a87b5f9271b9c24abcb060631d.jpg,TrashNet++ jCDBig,train,Cable,cable_plug,1,1,0.04647216796875,,REVIEW
20250616_195814_jpg.rf.4ecdbd3fd32ffc11c6a6f03b784342fd.jpg,TrashNet++ jCDBig,train,Cable,cable_plug,1,3,0.0807763671875,,REVIEW
20250616_200540-0-_jpg.rf.510c24337b3db91282e51c0dbda0addf.jpg,TrashNet++ jCDBig,train,Cable,cable_plug,1,0,0.7828125,,REVIEW
20250616_200540_jpg.rf.e2876f4dd9aabd0c7c85c04f49cd19d6.jpg,TrashNet++ jCDBig,train,Cable,cable_plug,1,0,0.69601318359375,,REVIEW
20250616_200549_jpg.rf.f0a4731ffdd7aae5d7a424c201e21cd3.jpg,TrashNet++ jCDBig,train,Cable,cable_plug,1,0,0.6377252197265625,,REVIEW
20250616_200550_jpg.rf.a0187f41f0d84162b3ee6a5887613e9f.jpg,TrashNet++ jCDBig,train,Cable,cable_plug,1,0,0.67893310546875,,REVIEW
20250616_200557_jpg.rf.0f7595be977f001d66b85a622f4a8908.jpg,TrashNet++ jCDBig,train,Cable,cable_plug,1,1,0.47338806152343754,,REVIEW
20250616_200618_jpg.rf.58869f3bbc3ffb73871491338b237700.jpg,TrashNet++ jCDBig,train,Cable,cable_plug,1,2,0.432479248046875,,REVIEW
20250616_202054_jpg.rf.cf850b058c8065781eeff690e926adbc.jpg,TrashNet++ jCDBig,train,Cable,cable_plug,1,2,0.2784375,,REVIEW
20250616_202056_jpg.rf.b81794c81ce18f778f717920bc3edba6.jpg,TrashNet++ jCDBig,train,Cable,cable_plug,1,3,0.31438476562499995,,REVIEW
20250616_202058_jpg.rf.b22e492e96e70894594ce2ae03fa7595.jpg,TrashNet++ jCDBig,train,Cable,cable_plug,1,3,0.5810205078125,,REVIEW
20250616_202110_jpg.rf.8eaa3c93a7346b87539951104ca69b87.jpg,TrashNet++ jCDBig,train,Cable,cable_plug,1,4,0.24827758789062496,,REVIEW
20250616_202114_jpg.rf.0f6c41072b31ab925c613022e2411f9e.jpg,TrashNet++ jCDBig,train,Cable,cable_plug,1,2,0.5393554687500001,,REVIEW
20250616_202116_jpg.rf.676ca301fde48c0e2f3c0860a1da775e.jpg,TrashNet++ jCDBig,train,Cable,cable_plug,1,3,0.34791015625,,REVIEW
20250616_202118_jpg.rf.ffd2db16bb2ea2d02820108cada7bd8a.jpg,TrashNet++ jCDBig,train,Cable,cable_plug,1,3,0.2466357421875,,REVIEW
20250616_202122_jpg.rf.e98abe40d00ced39dd89bd01f5d74616.jpg,TrashNet++ jCDBig,train,Cable,cable_plug,1,3,0.1490313720703125,,REVIEW
20250616_202128_jpg.rf.4704d72b4bb86d5dfea6553d98eaee69.jpg,TrashNet++ jCDBig,train,Cable,cable_plug,1,2,0.305682373046875,,REVIEW
20250616_202129_jpg.rf.17eb694175696c7b96da0be795861277.jpg,TrashNet++ jCDBig,train,Cable,cable_plug,1,3,0.29618408203125,,REVIEW
20250616_202131_jpg.rf.4a1e60871855d083ae29ea66d96931d9.jpg,TrashNet++ jCDBig,train,Cable,cable_plug,1,2,0.240142822265625,,REVIEW
20250616_202134_jpg.rf.ec537c538f333b3d13b02cb51120556a.jpg,TrashNet++ jCDBig,train,Cable,cable_plug,1,2,0.401737060546875,,REVIEW
20250616_202136_jpg.rf.a35ebe7fc7ef582e14b9d686acfeea1c.jpg,TrashNet++ jCDBig,train,Cable,cable_plug,1,2,0.28467285156250005,,REVIEW
20250616_202405_jpg.rf.f708d06e95e4451543ba006d750db5e4.jpg,TrashNet++ jCDBig,train,Cable,cable_plug,1,2,0.24260742187499998,,REVIEW
20250616_202410_jpg.rf.9eb224ab027aa41bafddd99f4c9a5306.jpg,TrashNet++ jCDBig,train,Cable,cable_plug,1,1,0.4390411376953125,,REVIEW
20250616_202412_jpg.rf.01fa53cdd4b4c19b4e601a05d5fc8e20.jpg,TrashNet++ jCDBig,train,Cable,cable_plug,1,1,0.48096923828125,,REVIEW
20250616_202453_jpg.rf.2179834ede121b0e6807b73eb6f08378.jpg,TrashNet++ jCDBig,train,Cable,cable_plug,1,4,0.2784576416015625,,REVIEW
20250616_202458_jpg.rf.32e050d4f2c4d7562ecb57d843ec46e1.jpg,TrashNet++ jCDBig,train,Cable,cable_plug,1,1,0.45485839843750003,,REVIEW
20250616_202501_jpg.rf.e84dcbca78a44a67b21263af7d860d0e.jpg,TrashNet++ jCDBig,train,Cable,cable_plug,1,1,0.46123779296875,,REVIEW
20250616_202503_jpg.rf.cb0517b16d85ff9c8590bbd534e15be8.jpg,TrashNet++ jCDBig,train,Cable,cable_plug,1,1,0.228790283203125,,REVIEW
20250616_202507_jpg.rf.17e443212540a567ac787392a33abfd8.jpg,TrashNet++ jCDBig,train,Cable,cable_plug,1,1,0.06982421875,,REVIEW
20250616_202509_jpg.rf.61ea2af023f4a54ecd7bce1a06559c4e.jpg,TrashNet++ jCDBig,train,Cable,cable_plug,2,1,0.36526855468749997,,REVIEW
20250616_202513_jpg.rf.1bee796d37d101721a48582486682f97.jpg,TrashNet++ jCDBig,train,Cable,cable_plug,1,3,0.396802978515625,,REVIEW
20250616_202515_jpg.rf.29ae2fc2c0f22786d4e94cec7085d87d.jpg,TrashNet++ jCDBig,train,Cable,cable_plug,1,3,0.38375244140625,,REVIEW
20250616_202521_jpg.rf.53fa30e2fc1056769bcc8f7cb5c3c364.jpg,TrashNet++ jCDBig,train,Cable,cable_plug,2,3,0.33427734375,,REVIEW
20250616_202541_jpg.rf.19d6f01fe46b161dde215aa047f11dd3.jpg,TrashNet++ jCDBig,train,Cable,cable_plug,1,3,0.14562744140625,,REVIEW
20250616_202543_jpg.rf.711c0806f7ba78c21e92b5cc9ec320cb.jpg,TrashNet++ jCDBig,train,Cable,cable_plug,1,4,0.087508544921875,,REVIEW
20250616_202553_jpg.rf.5e957e0761756d3dfbbb60fea24bb864.jpg,TrashNet++ jCDBig,train,Cable,cable_plug,1,4,0.1995556640625,,REVIEW
20250616_202600_jpg.rf.700630760ab4614701f31c1a8f0d4229.jpg,TrashNet++ jCDBig,train,Cable,cable_plug,1,4,0.241385498046875,,REVIEW
20250616_202602_jpg.rf.5ffa34b2c545dca14abd2cb05551fdb1.jpg,TrashNet++ jCDBig,train,Cable,cable_plug,1,3,0.20171142578124998,,REVIEW
20250616_202609_jpg.rf.c6e66e7746841f3aec2b229292e324cb.jpg,TrashNet++ jCDBig,train,Cable,cable_plug,2,4,0.16587890625,,REVIEW
20250616_202615_jpg.rf.cf3a572a9c90f257a2ffe034343a28ba.jpg,TrashNet++ jCDBig,train,Cable,cable_plug,2,3,0.18535156249999998,,REVIEW
20250616_202620_jpg.rf.187761bbdd7add85f938df5fd67715d3.jpg,TrashNet++ jCDBig,train,Cable,cable_plug,2,4,0.21192932128906247,,REVIEW
20250616_202623_jpg.rf.5ae933b06ddf9a878e164e62c86f5440.jpg,TrashNet++ jCDBig,train,Cable,cable_plug,1,3,0.3116986083984375,,REVIEW
20250616_202625_jpg.rf.ab4bc3ce7355b52c89ce0ff045382f46.jpg,TrashNet++ jCDBig,train,Cable,cable_plug,2,2,0.2210015869140625,,REVIEW
20250616_202635_jpg.rf.f59019f9bf2d9c10dbc8201dc32b0b3d.jpg,TrashNet++ jCDBig,train,Cable,cable_plug,1,2,0.198896484375,,REVIEW
20250616_202638_jpg.rf.4ef5ff9f38f1d5c49f2e08de0e050b3d.jpg,TrashNet++ jCDBig,train,Cable,cable_plug,1,3,0.17472656250000002,,REVIEW
20250616_202640_jpg.rf.5951b2cd3f6b236db97d3115c2847891.jpg,TrashNet++ jCDBig,train,Cable,cable_plug,1,3,0.1727911376953125,,REVIEW
20250616_202642_jpg.rf.8b95f805df6dbbec9253eec901e08245.jpg,TrashNet++ jCDBig,train,Cable,cable_plug,1,3,0.1102423095703125,,REVIEW
20250616_202644_jpg.rf.7d578610f1ffb750f6ab8353c01ccab9.jpg,TrashNet++ jCDBig,train,Cable,cable_plug,1,3,0.08775634765625,,REVIEW
20250616_202646_jpg.rf.8716ece1c7201629e45dcd06e673592c.jpg,TrashNet++ jCDBig,train,Cable,cable_plug,1,1,0.1166796875,,REVIEW
20250616_202708_jpg.rf.4c3bb65e06bd5e894e5d48b96a97ebad.jpg,TrashNet++ jCDBig,train,Cable,cable_plug,1,1,0.0895977783203125,,REVIEW
20250616_202714_jpg.rf.e2888657fcc093bc2919b3dfc43ddb48.jpg,TrashNet++ jCDBig,train,Cable,cable_plug,1,2,0.068392333984375,,REVIEW
20250616_202721_jpg.rf.83955aed9f505fa99d271dfddeb08e43.jpg,TrashNet++ jCDBig,train,Cable,cable_plug,1,3,0.11517333984375,,REVIEW
20250616_202723_jpg.rf.600902775abe8c86d1e48a5bb8bf53d6.jpg,TrashNet++ jCDBig,train,Cable,cable_plug,1,2,0.122320556640625,,REVIEW
20250616_202728_jpg.rf.2eafc307d6c4973a836beb4b8fc748b1.jpg,TrashNet++ jCDBig,train,Cable,cable_plug,1,4,0.136380615234375,,REVIEW
20250616_202730_jpg.rf.92c56d0267c2d07cfafee7d32a850246.jpg,TrashNet++ jCDBig,train,Cable,cable_plug,1,3,0.102099609375,,REVIEW
20250616_202731_jpg.rf.ff7c05a2e32b12c412982f24142243d2.jpg,TrashNet++ jCDBig,train,Cable,cable_plug,1,2,0.10398681640625002,DUP03,REVIEW
20250616_202733_jpg.rf.ab573c86f61fe72f088724ab4789c339.jpg,TrashNet++ jCDBig,train,Cable,cable_plug,1,4,0.09638427734375,DUP03,REVIEW
20250616_202734_jpg.rf.db023abfe3536707b170751f2bafd5fa.jpg,TrashNet++ jCDBig,train,Cable,cable_plug,1,2,0.098975830078125,,REVIEW
20250616_203613_jpg.rf.cb8cd92a899b035a69e12520803a4277.jpg,TrashNet++ jCDBig,train,Cable,cable_plug,2,9,0.10435546874999999,DUP04,REVIEW
20250616_203616_jpg.rf.1a4eb8ccd98124e87cceaea5802f8dd9.jpg,TrashNet++ jCDBig,train,Cable,cable_plug,2,6,0.1094677734375,,REVIEW
20250616_203822_jpg.rf.5a64365ff93849947afe2659aa2d940b.jpg,TrashNet++ jCDBig,train,Cable,cable_plug,2,10,0.1142236328125,,REVIEW
20250616_203943_jpg.rf.6cd2e2ea5e310677ad7ca45142c229e0.jpg,TrashNet++ jCDBig,train,Cable,cable_plug,1,6,0.09242797851562498,,REVIEW
20250616_203945_jpg.rf.fd5a14232387d3ad7b22378589e51976.jpg,TrashNet++ jCDBig,train,Cable,cable_plug,1,8,0.037614746093750005,,REVIEW
20250616_203947_jpg.rf.8cf20f34a3e87e00ae1b0ed69716eed7.jpg,TrashNet++ jCDBig,train,Cable,cable_plug,1,4,0.07970703125,,REVIEW
20250616_203949_jpg.rf.33d6dbb7237ebd3acd8584b98f34bda9.jpg,TrashNet++ jCDBig,train,Cable,cable_plug,1,6,0.078037109375,,REVIEW
20250616_203954_jpg.rf.f776e9298cd96b3c00a3f561068d1ac9.jpg,TrashNet++ jCDBig,train,Cable,cable_plug,2,7,0.098876953125,,REVIEW
20250616_204001_jpg.rf.223241692899034df3fdbb9da61b3367.jpg,TrashNet++ jCDBig,train,Cable,cable_plug,2,4,0.04637451171875,,REVIEW
20250616_204003_jpg.rf.1eaf4bae40b3d7620496223b0c61c88b.jpg,TrashNet++ jCDBig,train,Cable,cable_plug,2,3,0.1456640625,,REVIEW
20250616_204008_jpg.rf.920ed4d2348e08e3fb1b09ca46cc02c2.jpg,TrashNet++ jCDBig,train,Cable,cable_plug,1,4,0.21905761718750003,,REVIEW
20250616_204022_jpg.rf.17a6a8c114ae44696e5fd00e750c202c.jpg,TrashNet++ jCDBig,train,Cable,cable_plug,1,3,0.12414062499999999,,REVIEW
20250616_204024_jpg.rf.66756e5f6cf6d13959d1c217253d6336.jpg,TrashNet++ jCDBig,train,Cable,cable_plug,1,4,0.11921630859375001,,REVIEW
20250616_204027_jpg.rf.21cb6edfd51801fe181deb863a7dd026.jpg,TrashNet++ jCDBig,train,Cable,cable_plug,1,2,0.238916015625,,REVIEW
20250616_204041_jpg.rf.c20d8a4bb7b56ea3c07ba93dfd3b3b6e.jpg,TrashNet++ jCDBig,train,Cable,cable_plug,1,1,0.10125,,REVIEW
20250616_204108_jpg.rf.53af813759a6eb2f430159dbd6def9af.jpg,TrashNet++ jCDBig,train,Cable,cable_plug,1,2,0.6472265625,,REVIEW
20250616_204110_jpg.rf.4938898caa13daf7c1ad5a719964c313.jpg,TrashNet++ jCDBig,train,Cable,cable_plug,2,2,0.10162109375,,REVIEW
20250616_204112_jpg.rf.b6180689a38134a69ea58b045d11d630.jpg,TrashNet++ jCDBig,train,Cable,cable_plug,2,3,0.07813476562499999,,REVIEW
20250616_204114_jpg.rf.2bd05a86bd9b7aff23497f06c4faf135.jpg,TrashNet++ jCDBig,train,Cable,cable_plug,1,1,0.99453125,,REVIEW
20250616_204123_jpg.rf.4422bf6428b032c421ecbe122b3d63c0.jpg,TrashNet++ jCDBig,train,Cable,cable_plug,2,1,0.33437133789062495,,REVIEW
20250616_204135_jpg.rf.3f80be7717e419f649b4d5940f979929.jpg,TrashNet++ jCDBig,train,Cable,cable_plug,1,7,0.131767578125,,REVIEW
20250616_204147_jpg.rf.ec62297613cac55ac0b42fe1587538a6.jpg,TrashNet++ jCDBig,train,Cable,cable_plug,1,1,0.225706787109375,,REVIEW
20250616_204200_jpg.rf.96a7737b598566d951537fceae30de8b.jpg,TrashNet++ jCDBig,train,Cable,cable_plug,1,2,0.1409912109375,,REVIEW
20250616_204233_jpg.rf.581ffaa290a06d2c20c48458d984f7ed.jpg,TrashNet++ jCDBig,train,Cable,cable_plug,1,6,0.146484375,,REVIEW
20250616_204245_jpg.rf.e4c7f2cf354961200d362dc1b1397ec8.jpg,TrashNet++ jCDBig,train,Cable,cable_plug,1,3,0.1494140625,,REVIEW
20250616_204247_jpg.rf.32d9b0ac5ca6245c17a9f8b5824ca1af.jpg,TrashNet++ jCDBig,train,Cable,cable_plug,1,5,0.059619140625,,REVIEW
20250616_204249_jpg.rf.f90ecc749d8cbca98fd77dc681635ba7.jpg,TrashNet++ jCDBig,train,Cable,cable_plug,1,4,0.28515625,,REVIEW
20250616_204305_jpg.rf.083437d7894e93c69939bdeffd010cdf.jpg,TrashNet++ jCDBig,train,Cable,cable_plug,2,9,0.12850341796875,,REVIEW
20250616_204316_jpg.rf.bc39758291881a4667f49baaea4436ed.jpg,TrashNet++ jCDBig,train,Cable,cable_plug,1,4,0.07984313964843749,,REVIEW
20250616_204321_jpg.rf.b4c2e5a280f210c964ac7909e5adc355.jpg,TrashNet++ jCDBig,train,Cable,cable_plug,2,4,0.1947021484375,,REVIEW
20250616_204325_jpg.rf.67d4571de5ef6650d6b825ce89673fe6.jpg,TrashNet++ jCDBig,train,Cable,cable_plug,1,4,0.2217315673828125,,REVIEW
20250616_204329_jpg.rf.9fd75d067ece2f3aa4ba9c58c157f17a.jpg,TrashNet++ jCDBig,train,Cable,cable_plug,1,3,0.302071533203125,,REVIEW
20250616_204336_jpg.rf.0bdc69fd4d72edd4cff1d1df28b75e89.jpg,TrashNet++ jCDBig,train,Cable,cable_plug,1,5,0.0604638671875,,REVIEW
20250616_204344_jpg.rf.c83bf0c0fcebc8e0aa746365bb87614a.jpg,TrashNet++ jCDBig,train,Cable,cable_plug,1,3,0.624462890625,,REVIEW
20250616_204356_jpg.rf.cb5e35aa258a8862ea07ca74b536e2b8.jpg,TrashNet++ jCDBig,train,Cable,cable_plug,1,2,0.59609375,,REVIEW
20250616_204358_jpg.rf.db1a03c429d6cd32d5d7ed9aa762c66c.jpg,TrashNet++ jCDBig,train,Cable,cable_plug,2,1,0.25775024414062503,,REVIEW
20250616_204401_jpg.rf.b2846d134d2dc45dcfb76641827ab458.jpg,TrashNet++ jCDBig,train,Cable,cable_plug,1,3,0.41693115234375,,REVIEW
20250616_204403_jpg.rf.bdd342749e7f2016b7bd436081820e84.jpg,TrashNet++ jCDBig,train,Cable,cable_plug,1,3,0.39414794921875,,REVIEW
20250616_204405_jpg.rf.b6801b68e66371f9186c11525bc21fd8.jpg,TrashNet++ jCDBig,train,Cable,cable_plug,1,2,0.537569580078125,,REVIEW
20250616_204406_jpg.rf.00db95824da94d8b3b2b397387f48703.jpg,TrashNet++ jCDBig,train,Cable,cable_plug,1,2,0.5076416015624999,,REVIEW
20250616_204411_jpg.rf.9fb6de02803552ea76de869817083a7f.jpg,TrashNet++ jCDBig,train,Cable,cable_plug,1,2,0.36986389160156247,,REVIEW
20250616_204418_jpg.rf.9bf45c37b8af02149eb5fe8de98c3a17.jpg,TrashNet++ jCDBig,train,Cable,cable_plug,1,4,0.059799804687500006,,REVIEW
20250616_204420_jpg.rf.53ddfba1d7c93b434bf1573546bf47f4.jpg,TrashNet++ jCDBig,train,Cable,cable_plug,1,4,0.0195751953125,,REVIEW
20250616_204422_jpg.rf.8d42553dd2a66c03aadbbec0b8d55a46.jpg,TrashNet++ jCDBig,train,Cable,cable_plug,1,5,0.12260253906250002,,REVIEW
20250616_204442_jpg.rf.893295316db6738f43ff04057bdbfe8d.jpg,TrashNet++ jCDBig,train,Cable,cable_plug,1,3,0.13853515624999999,,REVIEW
20250616_204449_jpg.rf.e39abc3f12be14773b6bac10324de9ce.jpg,TrashNet++ jCDBig,train,Cable,cable_plug,1,2,0.201318359375,,REVIEW
20250616_204451_jpg.rf.38d6d5878bcd0b0fe21d17d043321a19.jpg,TrashNet++ jCDBig,train,Cable,cable_plug,1,2,0.30429687499999997,,REVIEW
20250616_204455_jpg.rf.24d648be52ecb0507c61cb34bcb963be.jpg,TrashNet++ jCDBig,train,Cable,cable_plug,1,1,0.665625,,REVIEW
20250616_204459_jpg.rf.61d3476faa66f89a9cc1af24db0ffa92.jpg,TrashNet++ jCDBig,train,Cable,cable_plug,1,2,0.05333007812499999,,REVIEW
20250616_204533_jpg.rf.db8c9a175dccc6e31a30176f7da719f1.jpg,TrashNet++ jCDBig,train,Cable,cable_plug,1,3,0.2749169921875,,REVIEW
20250616_205027_jpg.rf.ece65e6da76686b67b953ed70765b8e5.jpg,TrashNet++ jCDBig,train,Cable,cable_plug,1,4,0.073421630859375,,REVIEW
20250616_205053_jpg.rf.93d377c5a3394880e3a741c4a7c01b8c.jpg,TrashNet++ jCDBig,train,Cable,cable_plug,2,6,0.07281555175781251,,REVIEW
20250616_205058_jpg.rf.ad584fb508328d1c5106fb77d7b336e9.jpg,TrashNet++ jCDBig,train,Cable,cable_plug,1,5,0.03996093750000001,,REVIEW
20250616_205247_jpg.rf.56c33a5a6e145e7850e1a4060afe627d.jpg,TrashNet++ jCDBig,train,Cable,cable_plug,1,2,0.217818603515625,,REVIEW
20250616_205257_jpg.rf.2751a872bbc1234431ba9e7be2783c81.jpg,TrashNet++ jCDBig,train,Cable,cable_plug,1,3,0.29829345703125004,,REVIEW
20250616_205312_jpg.rf.0ace34c253f8afd1c9ab24de965b384a.jpg,TrashNet++ jCDBig,train,Cable,cable_plug,1,2,0.269674072265625,,REVIEW
20250616_205352_jpg.rf.f4d4aacfd25da0396adb7a852080ab4e.jpg,TrashNet++ jCDBig,train,Cable,cable_plug,1,2,0.2393292236328125,,REVIEW
20250616_205356_jpg.rf.42db80086dbc0c814c9fce546dfc4c9d.jpg,TrashNet++ jCDBig,train,Cable,cable_plug,1,3,0.226571044921875,,REVIEW
20250616_205433_jpg.rf.bfc73873929fd121d456dbdc39188cbd.jpg,TrashNet++ jCDBig,train,Cable,cable_plug,1,3,0.2672705078125,,REVIEW
20250616_205434_jpg.rf.8f45695b7b8c7a3d5e64fc0ac122bff8.jpg,TrashNet++ jCDBig,train,Cable,cable_plug,1,2,0.22077148437500002,,REVIEW
20250616_205437_jpg.rf.2bbe49968f123f54e59244a0bd78dc33.jpg,TrashNet++ jCDBig,train,Cable,cable_plug,1,2,0.387587890625,,REVIEW
20250616_205440_jpg.rf.0a65057906fff3e63ac6cc7e8cce93f8.jpg,TrashNet++ jCDBig,train,Cable,cable_plug,1,1,0.3421197509765625,,REVIEW
20250616_205444_jpg.rf.d442c66072f9cb0bad2cadd4eb2f8854.jpg,TrashNet++ jCDBig,train,Cable,cable_plug,1,1,0.07322143554687499,,REVIEW
20250616_205447_jpg.rf.0b8a317e0518a67c8a1a869b1318447f.jpg,TrashNet++ jCDBig,train,Cable,cable_plug,1,2,0.09144042968749999,,REVIEW
20250616_205527_jpg.rf.0809af5c603d8109a414b5bb259ad171.jpg,TrashNet++ jCDBig,train,Cable,cable_plug,1,1,0.9456475830078125,,REVIEW
20250616_205532_jpg.rf.fc999abee46364742ead04591c291cf6.jpg,TrashNet++ jCDBig,train,Cable,cable_plug,1,3,0.442340087890625,,REVIEW
20250616_205540_jpg.rf.25367cb1a8b0653685287b6ed901fda1.jpg,TrashNet++ jCDBig,train,Cable,cable_plug,1,1,0.496865234375,,REVIEW
20250616_205544_jpg.rf.ee52c881a8d6999d6ed92a28e6bf5c95.jpg,TrashNet++ jCDBig,train,Cable,cable_plug,1,4,0.33949401855468747,,REVIEW
20250616_205558_jpg.rf.c7f796bb6c19da64435f9a889c269b9e.jpg,TrashNet++ jCDBig,train,Cable,cable_plug,1,2,0.44703613281250004,,REVIEW
20250616_205603_jpg.rf.bd82ea55b5a9b94792631a3362e60ce2.jpg,TrashNet++ jCDBig,train,Cable,cable_plug,1,4,0.29908935546875004,,REVIEW
20250616_205606_jpg.rf.0125e1e64f9313fc5bd2ab2a557269a2.jpg,TrashNet++ jCDBig,train,Cable,cable_plug,2,3,0.18723632812500002,,REVIEW
20250616_205609_jpg.rf.484da1410ba149c4ad53f3997db71818.jpg,TrashNet++ jCDBig,train,Cable,cable_plug,1,5,0.1329052734375,,REVIEW
20250616_205611_jpg.rf.60108db98767e6b100db2c6975c5201f.jpg,TrashNet++ jCDBig,train,Cable,cable_plug,1,4,0.10890625000000001,,REVIEW
20250616_205621_jpg.rf.6c8ff9e15103c86b258b49420e2754a2.jpg,TrashNet++ jCDBig,train,Cable,cable_plug,1,5,0.12157226562500001,,REVIEW
9012563_P1_jpg.rf.cae71ba95244859eb6033a3eb146ce1b.jpg,TrashNet++ jCDBig,train,Cable,cable_plug,1,0,0.8688476562499999,,REVIEW
disordered-telephone-wire-used-landline-260nw-1195450339_jpg.rf.140eb2a4e99cbf40f16d61b63b417741.jpg,TrashNet++ jCDBig,train,Cable,cable_plug,1,0,0.9159985351562501,,REVIEW
download_jpeg.rf.5dcc4df8099785732fc9b03c79872b10.jpg,TrashNet++ jCDBig,train,Cable,cable_plug,4,0,0.13617553710937502,,REVIEW
istockphoto-1401012175-612x612_jpg.rf.d1ffab58e0f9d85ab86d69de37922b6a.jpg,TrashNet++ jCDBig,train,Cable,cable_plug,1,0,0.838046875,,REVIEW
multicolored-wires-tangled-wiring-on-600nw-2486595511_jpg.rf.71a2ff5ce89a6614a6a7002f5fcd9d14.jpg,TrashNet++ jCDBig,train,Cable,cable_plug,1,0,0.7048913574218749,,REVIEW
photo_10_2025-06-05_22-14-21_jpg.rf.fdd8271affc5d20927c845901b5cadf8.jpg,TrashNet++ jCDBig,train,Cable,cable_plug,2,1,0.4453125,,REVIEW
photo_10_2025-06-09_00-32-40_jpg.rf.0f756c03cac7ff6e9c955dca0cd06581.jpg,TrashNet++ jCDBig,train,Cable,cable_plug,1,4,0.10477661132812499,,REVIEW
photo_10_2025-06-09_00-41-43_jpg.rf.719d0b442e874ebf506a442e8684e9ae.jpg,TrashNet++ jCDBig,train,Cable,cable_plug,1,4,0.0533013916015625,,REVIEW
photo_11_2025-03-31_01-14-55_jpg.rf.1b2be2b4daca936bfd873a9a8f9705d7.jpg,TrashNet++ jCDBig,train,Cable,cable_plug,1,4,0.06986328125,,REVIEW
photo_11_2025-06-09_00-40-51_jpg.rf.8bd048ef7cdc7ae607e4db7dcf4ded8d.jpg,TrashNet++ jCDBig,train,Cable,cable_plug,1,5,0.05857910156249999,,REVIEW
photo_11_2025-06-09_00-41-43_jpg.rf.4edba7b2442056c8fc52825193bf3ba6.jpg,TrashNet++ jCDBig,train,Cable,cable_plug,1,3,0.0283203125,,REVIEW
photo_12_2025-03-31_01-14-55_jpg.rf.201c1482b5fe0879033cc40b3490e4c7.jpg,TrashNet++ jCDBig,train,Cable,cable_plug,1,5,0.06189697265625,,REVIEW
photo_12_2025-06-09_00-32-40_jpg.rf.2681f20dbca748dc2533dea91cb27da7.jpg,TrashNet++ jCDBig,train,Cable,cable_plug,1,1,0.51092529296875,,REVIEW
photo_12_2025-06-09_00-40-51_jpg.rf.e2d7cd66e0f7180e5c7a794d0b123c9a.jpg,TrashNet++ jCDBig,train,Cable,cable_plug,1,5,0.12109130859374999,,REVIEW
photo_12_2025-06-09_00-41-43_jpg.rf.5ab147a0825112d9e4d5aadd5bba8fdb.jpg,TrashNet++ jCDBig,train,Cable,cable_plug,1,5,0.08106689453124999,,REVIEW
photo_13_2025-06-09_00-32-40_jpg.rf.4b0ecf0c6e144186c8a7c11476e4cad6.jpg,TrashNet++ jCDBig,train,Cable,cable_plug,1,1,0.5323944091796875,,REVIEW
photo_13_2025-06-09_00-41-43_jpg.rf.19d955aca9d24a7722bf2bf0d1ffcd24.jpg,TrashNet++ jCDBig,train,Cable,cable_plug,1,6,0.0743560791015625,,REVIEW
photo_14_2025-06-09_00-32-40_jpg.rf.04ab49be5c0f638191bfdae9b243fd28.jpg,TrashNet++ jCDBig,train,Cable,cable_plug,1,1,0.4973602294921875,,REVIEW
photo_15_2025-03-31_01-14-55_jpg.rf.76ffbd4f302d070b70263bb9d87f6b0a.jpg,TrashNet++ jCDBig,train,Cable,cable_plug,1,8,0.09826171875,,REVIEW
photo_15_2025-06-09_00-32-40_jpg.rf.92d400fb98e97880c95cfcdacfb3d60c.jpg,TrashNet++ jCDBig,train,Cable,cable_plug,1,1,0.512054443359375,,REVIEW
photo_15_2025-06-09_00-41-43_jpg.rf.30df0919a1985a6ffc581ab95b7d9664.jpg,TrashNet++ jCDBig,train,Cable,cable_plug,1,5,0.040289916992187494,,REVIEW
photo_16_2025-06-09_00-41-43_jpg.rf.1260f0c61049ab68127b958b2d8a657c.jpg,TrashNet++ jCDBig,train,Cable,cable_plug,1,4,0.12542724609375,,REVIEW
photo_17_2025-03-31_01-14-55_jpg.rf.05f66217cc8078d3d7888e1305627895.jpg,TrashNet++ jCDBig,train,Cable,cable_plug,1,5,0.060534667968750004,,REVIEW
photo_17_2025-06-09_00-32-40_jpg.rf.81d1a4f912ff52362fb729091683cba0.jpg,TrashNet++ jCDBig,train,Cable,cable_plug,1,1,0.46546875000000004,,REVIEW
photo_17_2025-06-09_00-40-51_jpg.rf.9275b7b766431a838e319008722b942a.jpg,TrashNet++ jCDBig,train,Cable,cable_plug,1,3,0.20020751953125,,REVIEW
photo_17_2025-06-09_00-41-43_jpg.rf.9d5e4af9de3336eb61caf20e577a1aab.jpg,TrashNet++ jCDBig,train,Cable,cable_plug,1,6,0.051922607421875,,REVIEW
photo_18_2025-06-09_00-41-43_jpg.rf.1d71d9e97a6dade8edf3733e3008bb07.jpg,TrashNet++ jCDBig,train,Cable,cable_plug,1,4,0.050800781249999996,,REVIEW
photo_19_2025-03-31_01-14-55_jpg.rf.7516c566302f4fcc9e978bf8b4cceaf7.jpg,TrashNet++ jCDBig,train,Cable,cable_plug,1,7,0.15745117187499996,,REVIEW
photo_19_2025-06-09_00-32-40_jpg.rf.d63d7dddf0981bd8698eddeb64c25ef4.jpg,TrashNet++ jCDBig,train,Cable,cable_plug,1,4,0.055054931640625,,REVIEW
photo_19_2025-06-09_00-41-43_jpg.rf.96ea2e3c2c83d0fb9eed57efbcad12af.jpg,TrashNet++ jCDBig,train,Cable,cable_plug,1,4,0.07710205078125,,REVIEW
photo_1_2025-03-31_01-14-55_jpg.rf.0961f8dda4389d6b05816a47ceb0f446.jpg,TrashNet++ jCDBig,train,Cable,cable_plug,1,7,0.0675018310546875,,REVIEW
photo_1_2025-06-09_00-32-40_jpg.rf.cf9b4c871b0a64c12cb400741cc20d06.jpg,TrashNet++ jCDBig,train,Cable,cable_plug,1,3,0.103287353515625,,REVIEW
photo_1_2025-06-09_00-39-57_jpg.rf.7da9f16eef8281e3fccc2c4f58aa1b74.jpg,TrashNet++ jCDBig,train,Cable,cable_plug,1,1,0.066961669921875,,REVIEW
photo_20_2025-03-31_01-14-55_jpg.rf.0259480758fd17ef837f6574c876862a.jpg,TrashNet++ jCDBig,train,Cable,cable_plug,1,6,0.14188842773437502,,REVIEW
photo_20_2025-06-09_00-40-51_jpg.rf.36830c4254a39d0afc7dab93035c3d33.jpg,TrashNet++ jCDBig,train,Cable,cable_plug,1,5,0.0635772705078125,,REVIEW
photo_20_2025-06-09_00-41-43_jpg.rf.ecf1c72c5879cf7f45bce265c890b9cc.jpg,TrashNet++ jCDBig,train,Cable,cable_plug,1,4,0.10845703125,,REVIEW
photo_21_2025-03-31_01-14-55_jpg.rf.f8549071bb320f50c5ec6453625ef209.jpg,TrashNet++ jCDBig,train,Cable,cable_plug,1,4,0.243292236328125,,REVIEW
photo_21_2025-06-09_00-32-40_jpg.rf.c12b685630be786fc7a842411f2cdcdb.jpg,TrashNet++ jCDBig,train,Cable,cable_plug,1,2,0.052239990234375,,REVIEW
photo_21_2025-06-09_00-40-51_jpg.rf.a5bbfff3690b5d2c37481902161fe51d.jpg,TrashNet++ jCDBig,train,Cable,cable_plug,1,4,0.0314923095703125,,REVIEW
photo_22_2025-06-09_00-32-40_jpg.rf.217aa47831468e8d0a7d6430c4561247.jpg,TrashNet++ jCDBig,train,Cable,cable_plug,1,2,0.39938781738281254,,REVIEW
photo_22_2025-06-09_00-41-43_jpg.rf.187e9dbc3beeea50a4da1e16b1767dc6.jpg,TrashNet++ jCDBig,train,Cable,cable_plug,1,6,0.072548828125,,REVIEW
photo_23_2025-06-09_00-32-40_jpg.rf.aced89223607b2f95cb991b77f3f1d91.jpg,TrashNet++ jCDBig,train,Cable,cable_plug,1,1,0.60048583984375,,REVIEW
photo_23_2025-06-09_00-41-43_jpg.rf.d5b71ecb5dc61441e23f9571f41b72ae.jpg,TrashNet++ jCDBig,train,Cable,cable_plug,1,6,0.064434814453125,,REVIEW
photo_24_2025-06-09_00-32-40_jpg.rf.7135cf0f886dcd4797a2771a63bb82d4.jpg,TrashNet++ jCDBig,train,Cable,cable_plug,1,1,0.4696875,,REVIEW
photo_24_2025-06-09_00-40-51_jpg.rf.c92d28bd21f66b9280040964e557c66e.jpg,TrashNet++ jCDBig,train,Cable,cable_plug,1,3,0.08828125,,REVIEW
photo_24_2025-06-09_00-41-43_jpg.rf.b93f39a3bc7263b0e799736e26314fd2.jpg,TrashNet++ jCDBig,train,Cable,cable_plug,1,5,0.0992138671875,,REVIEW
photo_26_2025-06-09_00-41-43_jpg.rf.288ccb436d3dcd831bf4057828a33475.jpg,TrashNet++ jCDBig,train,Cable,cable_plug,1,6,0.105068359375,,REVIEW
photo_27_2025-06-09_00-32-40_jpg.rf.922b2b4b63e89e623d47824972b0e218.jpg,TrashNet++ jCDBig,train,Cable,cable_plug,1,5,0.09450439453125001,,REVIEW
photo_27_2025-06-09_00-41-43_jpg.rf.f14c8861b501eedfca6bd8a00d51e845.jpg,TrashNet++ jCDBig,train,Cable,cable_plug,1,6,0.07416503906250001,,REVIEW
photo_28_2025-06-09_00-40-51_jpg.rf.6683570051c232f4232e56491ae8435d.jpg,TrashNet++ jCDBig,train,Cable,cable_plug,1,4,0.08980468750000001,,REVIEW
photo_29_2025-06-09_00-32-40_jpg.rf.983882e736f95e0037546000b74a506f.jpg,TrashNet++ jCDBig,train,Cable,cable_plug,1,5,0.0431640625,,REVIEW
photo_29_2025-06-09_00-41-43_jpg.rf.c2e87c866dcab22eeafdf37f60f06ca0.jpg,TrashNet++ jCDBig,train,Cable,cable_plug,1,3,0.12447998046874999,,REVIEW
photo_2_2025-03-31_01-14-55_jpg.rf.40e0981f5ef88be1e8d94732fb25ae41.jpg,TrashNet++ jCDBig,train,Cable,cable_plug,1,7,0.031816406250000005,,REVIEW
photo_2_2025-06-09_00-40-51_jpg.rf.2da314f03da25a7577f2371f1f350fd1.jpg,TrashNet++ jCDBig,train,Cable,cable_plug,1,7,0.011441040039062501,,REVIEW
photo_2_2025-06-09_00-41-43_jpg.rf.397cec9095d82191b141b6d70f8d37fb.jpg,TrashNet++ jCDBig,train,Cable,cable_plug,1,4,0.018668212890624997,,REVIEW
photo_2_2025-06-23_20-40-46_jpg.rf.7cefafec4966fbaf7cc23912ac38c14a.jpg,TrashNet++ jCDBig,train,Cable,cable_plug,1,0,0.2982257080078125,DUP01,REVIEW
photo_30_2025-06-09_00-32-40_jpg.rf.1c505f11b0d28e00c563ed2ed261cacc.jpg,TrashNet++ jCDBig,train,Cable,cable_plug,1,1,0.51790771484375,,REVIEW
photo_30_2025-06-09_00-40-51_jpg.rf.63bd7329fb4ef010f4bbd706a9e94cb1.jpg,TrashNet++ jCDBig,train,Cable,cable_plug,1,6,0.049487915039062504,,REVIEW
photo_31_2025-06-09_00-32-40_jpg.rf.5cef43bdf983a5e34a75ec593de5a63c.jpg,TrashNet++ jCDBig,train,Cable,cable_plug,1,4,0.161954345703125,,REVIEW
photo_31_2025-06-09_00-40-51_jpg.rf.c3924584583c1c8c0169796876bbe477.jpg,TrashNet++ jCDBig,train,Cable,cable_plug,1,4,0.2365631103515625,,REVIEW
photo_34_2025-06-09_00-32-40_jpg.rf.3d4cf8d7f89bc4e05c8e3b122cf3c88d.jpg,TrashNet++ jCDBig,train,Cable,cable_plug,1,3,0.0861328125,,REVIEW
photo_35_2025-06-09_00-32-40_jpg.rf.b2be2dbf426f8727e150635b5f639224.jpg,TrashNet++ jCDBig,train,Cable,cable_plug,1,4,0.061944580078125,,REVIEW
photo_36_2025-06-09_00-32-40_jpg.rf.f2edce4ede4891da31925052c515481c.jpg,TrashNet++ jCDBig,train,Cable,cable_plug,1,2,0.4834912109375,,REVIEW
photo_36_2025-06-09_00-40-51_jpg.rf.d3a1e3aef9e84f38816803f4e57eddc7.jpg,TrashNet++ jCDBig,train,Cable,cable_plug,1,4,0.22857421875,,REVIEW
photo_37_2025-06-09_00-32-40_jpg.rf.99477369e13cd4a5a295474c201076e9.jpg,TrashNet++ jCDBig,train,Cable,cable_plug,1,5,0.322041015625,,REVIEW
photo_37_2025-06-09_00-40-51_jpg.rf.f344a3be71955691b76d60bf07ddd696.jpg,TrashNet++ jCDBig,train,Cable,cable_plug,1,5,0.22240234375,,REVIEW
photo_38_2025-06-09_00-32-40_jpg.rf.a0c1cf79c8d7e88e718186b2837e2f52.jpg,TrashNet++ jCDBig,train,Cable,cable_plug,1,4,0.0481640625,,REVIEW
photo_39_2025-06-09_00-32-40_jpg.rf.a1d724261f57e8c34046ea08dbb05b63.jpg,TrashNet++ jCDBig,train,Cable,cable_plug,1,2,0.38169799804687504,,REVIEW
photo_3_2025-03-31_01-14-55_jpg.rf.bb626863f55365d836e8b4a973911a1c.jpg,TrashNet++ jCDBig,train,Cable,cable_plug,1,3,0.050152587890625,,REVIEW
photo_3_2025-06-09_00-32-40_jpg.rf.7c803f4dda5a07ec3e26a23942510472.jpg,TrashNet++ jCDBig,train,Cable,cable_plug,1,4,0.0988134765625,,REVIEW
photo_3_2025-06-09_00-39-57_jpg.rf.8ead3d281b9f24df59e68407955d03a1.jpg,TrashNet++ jCDBig,train,Cable,cable_plug,1,4,0.070992431640625,,REVIEW
photo_3_2025-06-09_00-40-51_jpg.rf.138e1a4bb47a42fa0973ad1e23fca094.jpg,TrashNet++ jCDBig,train,Cable,cable_plug,1,6,0.030743408203125,,REVIEW
photo_3_2025-06-09_00-41-43_jpg.rf.4f2cb6877121a2cdad825297a290edc3.jpg,TrashNet++ jCDBig,train,Cable,cable_plug,1,7,0.06626953125,,REVIEW
photo_40_2025-06-09_00-32-40_jpg.rf.d60c73ccb8e7cfdf494032679ee82340.jpg,TrashNet++ jCDBig,train,Cable,cable_plug,1,1,0.5313385009765625,,REVIEW
photo_40_2025-06-09_00-39-57_jpg.rf.f490c73782239e778895261382c3e1ce.jpg,TrashNet++ jCDBig,train,Cable,cable_plug,1,2,0.0577392578125,,REVIEW
photo_40_2025-06-09_00-40-51_jpg.rf.3083ee3a90efa5f6393077c847f848d6.jpg,TrashNet++ jCDBig,train,Cable,cable_plug,1,5,0.032178955078124995,,REVIEW
photo_42_2025-06-09_00-32-40_jpg.rf.7cadd8060f2c1f519ee95a5fdb757911.jpg,TrashNet++ jCDBig,train,Cable,cable_plug,1,4,0.23310546875000002,,REVIEW
photo_43_2025-06-09_00-32-40_jpg.rf.c8d4f56dd0a3619da00e2bc58fc60109.jpg,TrashNet++ jCDBig,train,Cable,cable_plug,1,1,0.522099609375,,REVIEW
photo_45_2025-06-09_00-32-40_jpg.rf.f5504db203969cb7d740be052f2df2aa.jpg,TrashNet++ jCDBig,train,Cable,cable_plug,1,1,0.333046875,,REVIEW
photo_45_2025-06-09_00-39-57_jpg.rf.a04d23b8830be5f4a6cbc4b7248f9329.jpg,TrashNet++ jCDBig,train,Cable,cable_plug,1,2,0.04423828125,,REVIEW
photo_46_2025-06-09_00-32-40_jpg.rf.ae37a5cd3cc8f546c4694902f94e71e1.jpg,TrashNet++ jCDBig,train,Cable,cable_plug,1,2,0.04628173828125,,REVIEW
photo_47_2025-06-09_00-32-40_jpg.rf.10aa9e8ec8879a629a305939a6b5b2ae.jpg,TrashNet++ jCDBig,train,Cable,cable_plug,1,2,0.4585723876953125,,REVIEW
photo_48_2025-06-09_00-32-40_jpg.rf.26a74e9dcd5309456cdf2ac5ada03e0a.jpg,TrashNet++ jCDBig,train,Cable,cable_plug,1,5,0.12326293945312501,,REVIEW
photo_49_2025-06-09_00-32-40_jpg.rf.0dbccba5a010382a4e2976cedcc71557.jpg,TrashNet++ jCDBig,train,Cable,cable_plug,1,2,0.0355224609375,,REVIEW
photo_4_2025-03-31_01-14-55_jpg.rf.f23b53271b419704b557735d92529996.jpg,TrashNet++ jCDBig,train,Cable,cable_plug,1,8,0.035434570312500004,,REVIEW
photo_4_2025-06-09_00-32-40_jpg.rf.d712566bbf23ee0c68245ded7ad07560.jpg,TrashNet++ jCDBig,train,Cable,cable_plug,1,4,0.097294921875,,REVIEW
photo_4_2025-06-09_00-39-57_jpg.rf.b1ae551b647fc69e5d5e5524127dedfd.jpg,TrashNet++ jCDBig,train,Cable,cable_plug,1,5,0.054775390624999996,,REVIEW
photo_50_2025-06-09_00-40-51_jpg.rf.48db60fd17aafe9646969d0c632cfa3d.jpg,TrashNet++ jCDBig,train,Cable,cable_plug,1,3,0.3568701171875,,REVIEW
photo_51_2025-06-09_00-32-40_jpg.rf.66164be7cdfd094f9361a0d2b0fcac99.jpg,TrashNet++ jCDBig,train,Cable,cable_plug,1,1,0.51063232421875,,REVIEW
photo_51_2025-06-09_00-39-57_jpg.rf.1dc8e10fa2a74ebb9fd378fdabe37303.jpg,TrashNet++ jCDBig,train,Cable,cable_plug,1,1,0.207598876953125,,REVIEW
photo_52_2025-06-09_00-40-51_jpg.rf.e2b974afc5bc1fb1dd49041789df5379.jpg,TrashNet++ jCDBig,train,Cable,cable_plug,2,4,0.15814697265625,,REVIEW
photo_53_2025-06-09_00-32-40_jpg.rf.8a4cf315488d2361d43accc25cfa61bc.jpg,TrashNet++ jCDBig,train,Cable,cable_plug,1,2,0.45380371093750005,,REVIEW
photo_53_2025-06-09_00-40-51_jpg.rf.b1b5199f65ca60e8e3f0ef199cf53ba0.jpg,TrashNet++ jCDBig,train,Cable,cable_plug,1,5,0.19344726562499998,,REVIEW
photo_54_2025-06-09_00-32-40_jpg.rf.832a47269ebfc19a8a4acdc88621c16e.jpg,TrashNet++ jCDBig,train,Cable,cable_plug,1,0,0.6331634521484375,,REVIEW
photo_54_2025-06-09_00-40-51_jpg.rf.6eb68bb695f1af22a470472c0cda830e.jpg,TrashNet++ jCDBig,train,Cable,cable_plug,2,5,0.09259521484375,,REVIEW
photo_55_2025-06-09_00-32-40_jpg.rf.f4bc4ee5fa69c0cc41485e699bf8c180.jpg,TrashNet++ jCDBig,train,Cable,cable_plug,1,3,0.16593750000000002,,REVIEW
photo_55_2025-06-09_00-39-57_jpg.rf.1f8c0687477664cc4db68fa9501d6281.jpg,TrashNet++ jCDBig,train,Cable,cable_plug,1,3,0.20058349609375,,REVIEW
photo_55_2025-06-09_00-40-51_jpg.rf.a3b168f0f4646e028825787e05139298.jpg,TrashNet++ jCDBig,train,Cable,cable_plug,1,4,0.051221923828125,,REVIEW
photo_56_2025-06-09_00-32-40_jpg.rf.d0a55e01558836c8d1d3ceed0c944fba.jpg,TrashNet++ jCDBig,train,Cable,cable_plug,1,3,0.25272949218749996,,REVIEW
photo_56_2025-06-09_00-40-51_jpg.rf.a09ef77cdbe923178b31362d0882647d.jpg,TrashNet++ jCDBig,train,Cable,cable_plug,1,5,0.079598388671875,,REVIEW
photo_57_2025-06-09_00-32-40_jpg.rf.d0c7f7e4c321f40500c2675830ccb429.jpg,TrashNet++ jCDBig,train,Cable,cable_plug,1,4,0.30255615234375,,REVIEW
photo_57_2025-06-09_00-40-51_jpg.rf.8a7bc13dc80e8021b464b4a63a8f6cd3.jpg,TrashNet++ jCDBig,train,Cable,cable_plug,1,3,0.018980712890624998,,REVIEW
photo_58_2025-06-09_00-32-40_jpg.rf.e594993f83a50c4f5028bd9143ba0d93.jpg,TrashNet++ jCDBig,train,Cable,cable_plug,1,2,0.07770507812500001,,REVIEW
photo_58_2025-06-09_00-39-57_jpg.rf.bea39bd6be191d51053f732fbbbfb412.jpg,TrashNet++ jCDBig,train,Cable,cable_plug,1,2,0.22041015625000002,,REVIEW
photo_58_2025-06-09_00-40-51_jpg.rf.82122c0060a6e06d3f2e4817d4740ab1.jpg,TrashNet++ jCDBig,train,Cable,cable_plug,1,3,0.16114746093750001,,REVIEW
photo_59_2025-06-09_00-32-40_jpg.rf.1bc3a31648726c34cb45f700e5d85e90.jpg,TrashNet++ jCDBig,train,Cable,cable_plug,1,4,0.04878173828125,,REVIEW
photo_5_2025-06-09_00-32-40_jpg.rf.8b900a6bc6217e6e13c0f3350b6f59ee.jpg,TrashNet++ jCDBig,train,Cable,cable_plug,1,2,0.087493896484375,,REVIEW
photo_5_2025-06-09_00-39-57_jpg.rf.e62add40ef73ff0c1b7768cd1438df49.jpg,TrashNet++ jCDBig,train,Cable,cable_plug,1,4,0.08820922851562499,,REVIEW
photo_5_2025-06-09_00-41-43_jpg.rf.f40231c69180c0fcb46f7ff3608ced0d.jpg,TrashNet++ jCDBig,train,Cable,cable_plug,1,4,0.12269287109375,,REVIEW
photo_60_2025-06-09_00-32-40_jpg.rf.e98807bece531c3f82ca5c85cb69ddaf.jpg,TrashNet++ jCDBig,train,Cable,cable_plug,1,2,0.04257080078125,,REVIEW
photo_61_2025-06-09_00-32-40_jpg.rf.59e92286c983c2eefc796be76ae3e440.jpg,TrashNet++ jCDBig,train,Cable,cable_plug,1,1,0.17875000000000002,,REVIEW
photo_61_2025-06-09_00-39-58_jpg.rf.056804b3b6aec0db581bb71bf974d483.jpg,TrashNet++ jCDBig,train,Cable,cable_plug,1,3,0.1746484375,,REVIEW
photo_62_2025-06-09_00-32-40_jpg.rf.67b732e3b95dc89e8ee79a58d1906429.jpg,TrashNet++ jCDBig,train,Cable,cable_plug,1,1,0.12011718749999999,,REVIEW
photo_62_2025-06-09_00-39-58_jpg.rf.6d1573af95b1219120c2088228cdc004.jpg,TrashNet++ jCDBig,train,Cable,cable_plug,1,3,0.170888671875,,REVIEW
photo_62_2025-06-09_00-40-51_jpg.rf.eaafe0a7191d2e8d3fa918619adba811.jpg,TrashNet++ jCDBig,train,Cable,cable_plug,3,3,0.1705767822265625,,REVIEW
photo_63_2025-06-09_00-32-40_jpg.rf.51554558927ddf61b3a2042df00bcf9f.jpg,TrashNet++ jCDBig,train,Cable,cable_plug,1,1,0.13143310546875,,REVIEW
photo_63_2025-06-09_00-40-51_jpg.rf.e19e2418a162a11e6b02dc329e9b2b21.jpg,TrashNet++ jCDBig,train,Cable,cable_plug,1,5,0.0946051025390625,,REVIEW
photo_64_2025-06-09_00-32-40_jpg.rf.d0918b5bdbc1d37df2f2c5b1134f5290.jpg,TrashNet++ jCDBig,train,Cable,cable_plug,1,1,0.14163818359375,,REVIEW
photo_65_2025-06-09_00-39-58_jpg.rf.4c67fca043486cf0bf958ff22614cda3.jpg,TrashNet++ jCDBig,train,Cable,cable_plug,1,3,0.189227294921875,,REVIEW
photo_65_2025-06-09_00-40-51_jpg.rf.b423c54e669df0ed85d7748585d53d52.jpg,TrashNet++ jCDBig,train,Cable,cable_plug,1,3,0.044814453125,,REVIEW
photo_66_2025-06-09_00-32-40_jpg.rf.e9464a1dc6dbddf707bf41ba03d4af7c.jpg,TrashNet++ jCDBig,train,Cable,cable_plug,1,1,0.16161621093749998,,REVIEW
photo_66_2025-06-09_00-40-51_jpg.rf.c514ba033e7b7965183eca1c9b481654.jpg,TrashNet++ jCDBig,train,Cable,cable_plug,1,4,0.06098144531250001,,REVIEW
photo_67_2025-06-09_00-32-40_jpg.rf.2fbf04590fbead20606591326d9b8c56.jpg,TrashNet++ jCDBig,train,Cable,cable_plug,1,2,0.166134033203125,,REVIEW
photo_67_2025-06-09_00-39-58_jpg.rf.5a26fc3dc1d651fe3f1567af55da3f58.jpg,TrashNet++ jCDBig,train,Cable,cable_plug,1,2,0.0481787109375,,REVIEW
photo_68_2025-06-09_00-32-40_jpg.rf.f9fc0604c79ac1ad8f16f62d471091b1.jpg,TrashNet++ jCDBig,train,Cable,cable_plug,1,1,0.1790185546875,,REVIEW
photo_68_2025-06-09_00-39-58_jpg.rf.6c07af22aa1e31eb6e73537fd975d1e0.jpg,TrashNet++ jCDBig,train,Cable,cable_plug,1,2,0.055407714843750004,,REVIEW
photo_68_2025-06-09_00-40-51_jpg.rf.945ad13b19efd20d58611928c5347318.jpg,TrashNet++ jCDBig,train,Cable,cable_plug,1,3,0.12197143554687499,,REVIEW
photo_69_2025-06-09_00-32-40_jpg.rf.1b9bff6862ea3364b87b2bcfb708b303.jpg,TrashNet++ jCDBig,train,Cable,cable_plug,1,2,0.15123046874999999,,REVIEW
photo_69_2025-06-09_00-39-58_jpg.rf.d1331892f728b40984c3c74b12b4e269.jpg,TrashNet++ jCDBig,train,Cable,cable_plug,1,4,0.07720458984374999,,REVIEW
photo_69_2025-06-09_00-40-51_jpg.rf.caab6816cb9c9e66b7db2331bafa8f34.jpg,TrashNet++ jCDBig,train,Cable,cable_plug,1,4,0.3472137451171875,,REVIEW
photo_6_2025-06-05_22-14-21_jpg.rf.d326fed0077a8b86f111b2522809fb32.jpg,TrashNet++ jCDBig,train,Cable,cable_plug,1,0,0.886611328125,,REVIEW
photo_6_2025-06-09_00-41-43_jpg.rf.590ee9d24e64a23d842fc4ad92ad4155.jpg,TrashNet++ jCDBig,train,Cable,cable_plug,1,7,0.06463623046875,,REVIEW
photo_70_2025-06-09_00-32-40_jpg.rf.089419ca5d61a277871cb61469e02559.jpg,TrashNet++ jCDBig,train,Cable,cable_plug,1,1,0.3091552734375,,REVIEW
photo_70_2025-06-09_00-39-58_jpg.rf.e0e1bdb40f276b707601c731f197637a.jpg,TrashNet++ jCDBig,train,Cable,cable_plug,1,7,0.051520385742187494,,REVIEW
photo_70_2025-06-09_00-40-51_jpg.rf.022ef843971d3852fe71f3ebf5e851a3.jpg,TrashNet++ jCDBig,train,Cable,cable_plug,1,5,0.11132751464843751,,REVIEW
photo_71_2025-06-09_00-40-51_jpg.rf.8211a1232b3f5dc34d0b51d0c425248c.jpg,TrashNet++ jCDBig,train,Cable,cable_plug,1,5,0.0665826416015625,,REVIEW
photo_72_2025-06-09_00-39-58_jpg.rf.38bbf8e6ba86561eeb151cc3db0b7427.jpg,TrashNet++ jCDBig,train,Cable,cable_plug,1,1,0.06897216796875,,REVIEW
photo_72_2025-06-09_00-40-51_jpg.rf.3355bf4996efcaf946a440fecca24bab.jpg,TrashNet++ jCDBig,train,Cable,cable_plug,1,3,0.12586425781250002,,REVIEW
photo_73_2025-06-09_00-39-58_jpg.rf.fc11270f402d842c5e13837f8acae9f7.jpg,TrashNet++ jCDBig,train,Cable,cable_plug,1,1,0.0927490234375,,REVIEW
photo_74_2025-06-09_00-32-40_jpg.rf.91409b6906f2c65f9e0b02e9bebef563.jpg,TrashNet++ jCDBig,train,Cable,cable_plug,1,1,0.1065576171875,,REVIEW
photo_74_2025-06-09_00-40-51_jpg.rf.c5a2ce6829bb9f42b3397198548df5c3.jpg,TrashNet++ jCDBig,train,Cable,cable_plug,1,4,0.046875,,REVIEW
photo_75_2025-06-09_00-32-40_jpg.rf.4d4ec53f94631457c1e1bc9e5fbdecd0.jpg,TrashNet++ jCDBig,train,Cable,cable_plug,1,2,0.19205932617187502,,REVIEW
photo_75_2025-06-09_00-40-51_jpg.rf.0350885a9464060baba0982057cab090.jpg,TrashNet++ jCDBig,train,Cable,cable_plug,1,4,0.48461914062500006,,REVIEW
photo_76_2025-06-09_00-39-58_jpg.rf.e0870aae52548ff9ebf0bec710a6972e.jpg,TrashNet++ jCDBig,train,Cable,cable_plug,1,3,0.087589111328125,,REVIEW
photo_77_2025-06-09_00-40-51_jpg.rf.6a51cbb73becc0b7e6a94a0ac4a69b29.jpg,TrashNet++ jCDBig,train,Cable,cable_plug,1,5,0.072626953125,,REVIEW
photo_78_2025-06-09_00-40-51_jpg.rf.e89c8ba864259f0e6cef8954208c9fa6.jpg,TrashNet++ jCDBig,train,Cable,cable_plug,1,5,0.046170654296875,,REVIEW
photo_79_2025-06-09_00-32-40_jpg.rf.92cd0309beaf8b3640de501ecbde865d.jpg,TrashNet++ jCDBig,train,Cable,cable_plug,1,2,0.189697265625,,REVIEW
photo_79_2025-06-09_00-40-51_jpg.rf.346cf8317d49233a123e8fa37dedbe44.jpg,TrashNet++ jCDBig,train,Cable,cable_plug,1,4,0.067034912109375,,REVIEW
photo_7_2025-03-31_01-14-55_jpg.rf.7a5bfc6083434a8bb72b5b1c278b9dde.jpg,TrashNet++ jCDBig,train,Cable,cable_plug,1,6,0.04779052734375,,REVIEW
photo_7_2025-06-09_00-39-57_jpg.rf.f4ffb4a0aadf9019f82c072496d51b6c.jpg,TrashNet++ jCDBig,train,Cable,cable_plug,2,2,0.11134460449218751,,REVIEW
photo_7_2025-06-09_00-41-43_jpg.rf.8fcb79c1fe2b96ce83703335b463978d.jpg,TrashNet++ jCDBig,train,Cable,cable_plug,1,5,0.041411132812499994,,REVIEW
photo_80_2025-06-09_00-32-40_jpg.rf.7fa82d63bd5c00e72267107204413637.jpg,TrashNet++ jCDBig,train,Cable,cable_plug,1,3,0.1410040283203125,,REVIEW
photo_80_2025-06-09_00-40-51_jpg.rf.26e6b07cd30b7e60f2bcdd69a31c6e0d.jpg,TrashNet++ jCDBig,train,Cable,cable_plug,1,5,0.0891693115234375,,REVIEW
photo_81_2025-06-09_00-32-40_jpg.rf.65ccea6ad644bb810b6e50f614c8be5a.jpg,TrashNet++ jCDBig,train,Cable,cable_plug,1,3,0.12091918945312499,,REVIEW
photo_81_2025-06-09_00-40-51_jpg.rf.30f704695c862ac9198ad434d194c1ac.jpg,TrashNet++ jCDBig,train,Cable,cable_plug,1,3,0.017265625000000003,,REVIEW
photo_82_2025-06-09_00-32-40_jpg.rf.7be1168e4dc005755d76b2bf023f89e1.jpg,TrashNet++ jCDBig,train,Cable,cable_plug,1,1,0.238787841796875,,REVIEW
photo_82_2025-06-09_00-39-58_jpg.rf.bbc5d47183e1134a9a0b5bedd81f0a7a.jpg,TrashNet++ jCDBig,train,Cable,cable_plug,1,1,0.0446319580078125,,REVIEW
photo_82_2025-06-09_00-40-51_jpg.rf.43e38d06530b42f18127027f170af696.jpg,TrashNet++ jCDBig,train,Cable,cable_plug,1,4,0.3497314453125,,REVIEW
photo_84_2025-06-09_00-32-40_jpg.rf.bfa544be4b553c4880f809c2d4ca7a03.jpg,TrashNet++ jCDBig,train,Cable,cable_plug,1,1,0.10903747558593749,,REVIEW
photo_84_2025-06-09_00-39-58_jpg.rf.a74fc194db2c2e63c26ef14e6e5ea136.jpg,TrashNet++ jCDBig,train,Cable,cable_plug,1,2,0.0804974365234375,,REVIEW
photo_84_2025-06-09_00-40-51_jpg.rf.a2b2b215956a20dd82d81f0f1b3f8492.jpg,TrashNet++ jCDBig,train,Cable,cable_plug,1,4,0.11668212890625002,,REVIEW
photo_85_2025-06-09_00-32-40_jpg.rf.fb3cf677276c765685cf96d22b92820a.jpg,TrashNet++ jCDBig,train,Cable,cable_plug,1,3,0.17291015625,,REVIEW
photo_86_2025-06-09_00-32-40_jpg.rf.35113801e68b6545c9d04fb7d2396ffc.jpg,TrashNet++ jCDBig,train,Cable,cable_plug,1,3,0.1735693359375,,REVIEW
photo_86_2025-06-09_00-39-58_jpg.rf.6addcfbe4fa789e6e90420f56f7a91b4.jpg,TrashNet++ jCDBig,train,Cable,cable_plug,1,2,0.0721844482421875,,REVIEW
photo_87_2025-06-09_00-32-40_jpg.rf.e85df1a2547d81b83a356f2599ce2c56.jpg,TrashNet++ jCDBig,train,Cable,cable_plug,1,3,0.630029296875,,REVIEW
photo_88_2025-06-09_00-32-40_jpg.rf.b2d7c713bc46679636b46cc7dfa5f47d.jpg,TrashNet++ jCDBig,train,Cable,cable_plug,1,3,0.6707958984375,,REVIEW
photo_89_2025-06-09_00-32-40_jpg.rf.5cfac24b2b20a9b9a663edfd0de91b21.jpg,TrashNet++ jCDBig,train,Cable,cable_plug,1,2,0.6159375,,REVIEW
photo_89_2025-06-09_00-40-51_jpg.rf.350c71a50c437d89c03cab49a9b2c1e6.jpg,TrashNet++ jCDBig,train,Cable,cable_plug,1,4,0.353759765625,,REVIEW
photo_8_2025-03-31_01-14-55_jpg.rf.344d15ba32c10990024d2fd560109820.jpg,TrashNet++ jCDBig,train,Cable,cable_plug,1,3,0.11212829589843751,,REVIEW
photo_8_2025-06-05_22-14-21_jpg.rf.b6de163577cd8f074af8cf58f82784fa.jpg,TrashNet++ jCDBig,train,Cable,cable_plug,7,7,0.165,,REVIEW
photo_8_2025-06-09_00-32-40_jpg.rf.f34a1994beeb7c213842bea6555259b1.jpg,TrashNet++ jCDBig,train,Cable,cable_plug,1,2,0.061458740234374996,,REVIEW
photo_8_2025-06-09_00-39-57_jpg.rf.fbde41c55eeea57a3dda45c022a67777.jpg,TrashNet++ jCDBig,train,Cable,cable_plug,1,3,0.08888671875,,REVIEW
photo_8_2025-06-09_00-40-51_jpg.rf.0078b003796e30fd6c092e3eb09a60ff.jpg,TrashNet++ jCDBig,train,Cable,cable_plug,1,6,0.044443359375,,REVIEW
photo_8_2025-06-09_00-41-43_jpg.rf.e94e1d9e12626973dcb76f30b799e45b.jpg,TrashNet++ jCDBig,train,Cable,cable_plug,1,4,0.035693359375,,REVIEW
photo_91_2025-06-09_00-32-40_jpg.rf.4606c5a5f5e11478928501d902f14af2.jpg,TrashNet++ jCDBig,train,Cable,cable_plug,1,2,0.6985449218750001,,REVIEW
photo_93_2025-06-09_00-40-51_jpg.rf.287885b46d05bb192cf7de3a7d727477.jpg,TrashNet++ jCDBig,train,Cable,cable_plug,1,5,0.1385003662109375,,REVIEW
photo_94_2025-06-09_00-32-40_jpg.rf.76aa8eb89b74d44e46af669341e328d9.jpg,TrashNet++ jCDBig,train,Cable,cable_plug,1,1,0.5595489501953125,,REVIEW
photo_94_2025-06-09_00-40-51_jpg.rf.450285a03b4e630a234946d0387243b5.jpg,TrashNet++ jCDBig,train,Cable,cable_plug,1,4,0.0224609375,,REVIEW
photo_95_2025-06-09_00-40-51_jpg.rf.d97e830602e45ddc8f8ce735207bfc8f.jpg,TrashNet++ jCDBig,train,Cable,cable_plug,1,4,0.0417333984375,,REVIEW
photo_96_2025-06-09_00-40-51_jpg.rf.c0592179ebd4f24963f8fdd638441f27.jpg,TrashNet++ jCDBig,train,Cable,cable_plug,1,4,0.07614257812500001,,REVIEW
photo_97_2025-06-09_00-40-51_jpg.rf.8fffe011f2100640e28dceaa87552f56.jpg,TrashNet++ jCDBig,train,Cable,cable_plug,1,3,0.127767333984375,,REVIEW
photo_98_2025-06-09_00-40-51_jpg.rf.27bf08433f6b3b5b9486c9c14b97f2cd.jpg,TrashNet++ jCDBig,train,Cable,cable_plug,1,5,0.059886474609375,,REVIEW
photo_9_2025-06-05_22-14-21_jpg.rf.6d60042489a8b153ac8820d3b59b8d58.jpg,TrashNet++ jCDBig,train,Cable,cable_plug,1,2,0.154344482421875,,REVIEW
photo_9_2025-06-09_00-32-40_jpg.rf.fd0aa4827b555ed830ff1097dbb4067b.jpg,TrashNet++ jCDBig,train,Cable,cable_plug,1,2,0.063907470703125,,REVIEW
photo_9_2025-06-09_00-41-43_jpg.rf.e251b05d05037c827f7b3492a1805af9.jpg,TrashNet++ jCDBig,train,Cable,cable_plug,1,3,0.04486083984375,,REVIEW
rawImage_jpg.rf.9046621f0c45812741af8d940618a33c.jpg,TrashNet++ jCDBig,train,Cable,cable_plug,1,0,0.9519287109375,,REVIEW
suggested-0e1SAIRg48MeDUqVgpp3_jpg.rf.251c7b7d11408f187a1e75c05933f3f8.jpg,TrashNet++ jCDBig,train,Cable,cable_plug,2,0,0.26282165527343754,,REVIEW
suggested-0F3u5HihhcHCmbgFlW7I_jpg.rf.af206e0c4b7b2ec97fabc4c5d2b5454d.jpg,TrashNet++ jCDBig,train,Cable,cable_plug,1,0,0.22439575195312503,,REVIEW
suggested-0hhEAPoa8ZjZ2OL48yWu_jpg.rf.ccd38d24bc867a407a7be1e9ce12263d.jpg,TrashNet++ jCDBig,train,Cable,cable_plug,2,1,0.09919189453124999,,REVIEW
suggested-0XKNEXm30ps6zezIYGfv_jpg.rf.b9f1cb00edc9e25db711a5edd77990c1.jpg,TrashNet++ jCDBig,train,Cable,cable_plug,1,1,0.08600097656250001,,REVIEW
suggested-2q7R9DyqGApLyIG60Ggo_jpg.rf.7866c6785b9ec370797fb668a56c33a7.jpg,TrashNet++ jCDBig,train,Cable,cable_plug,2,4,0.153232421875,,REVIEW
suggested-3MbfPR1hf8nBDQioSXWj_jpg.rf.13defba13aee9da03c10edb7149e8bdb.jpg,TrashNet++ jCDBig,train,Cable,cable_plug,2,1,0.140899658203125,,REVIEW
suggested-4j3Xgq1zwOLFQAANuva9_jpg.rf.4a82922ea3787d89ffcbb6f7ada4b2fa.jpg,TrashNet++ jCDBig,train,Cable,cable_plug,1,1,0.1675140380859375,,REVIEW
suggested-62khpXF3q8btc034QNhB_jpg.rf.e3ebda6f99009969e9a8a7885a3ac2b4.jpg,TrashNet++ jCDBig,train,Cable,cable_plug,1,1,0.036920776367187505,,REVIEW
suggested-6s0WhkSPhB6xV3dGx7WU_jpg.rf.dc1696c913e25e913277be4bc72bdcfb.jpg,TrashNet++ jCDBig,train,Cable,cable_plug,2,3,0.04361328125,,REVIEW
suggested-6sS9VEgQBDhw4UiaN54q_jpg.rf.b136e9c9fe205005edcbcbf4565f0742.jpg,TrashNet++ jCDBig,train,Cable,cable_plug,2,1,0.3473388671875,,REVIEW
suggested-7HZN9dOukDjkwAHrYe3c_jpg.rf.c7bcc19085b374de543982612ec855df.jpg,TrashNet++ jCDBig,train,Cable,cable_plug,1,3,0.08257568359375,,REVIEW
suggested-7RUd3trOq1LP1MPikg1X_jpg.rf.c28930735cdd89bf6032d1435b38edba.jpg,TrashNet++ jCDBig,train,Cable,cable_plug,1,2,0.23993164062500003,,REVIEW
suggested-8FA4xlLFTvmBzhyx3of1_jpg.rf.6470f8a78a4826c9f430a777ea206d5c.jpg,TrashNet++ jCDBig,train,Cable,cable_plug,2,2,0.0263214111328125,,REVIEW
suggested-8QsIINyx0EfrNHSxipR0_jpg.rf.d3a973d41a0cff962bdff35e2b6ba569.jpg,TrashNet++ jCDBig,train,Cable,cable_plug,1,1,0.49392333984375003,,REVIEW
suggested-8TrOpVQVrfFXDxRp9DnU_jpg.rf.148e8972632b15916b4bb8b17601f9cf.jpg,TrashNet++ jCDBig,train,Cable,cable_plug,1,1,0.252978515625,,REVIEW
suggested-939VlJvabs0sTj8GFKED_jpg.rf.c3720c94b3cf1d97b396e71a29935403.jpg,TrashNet++ jCDBig,train,Cable,cable_plug,1,3,0.02041015625,,REVIEW
suggested-9dCcg5SF6BlvOSw4YDFl_jpg.rf.dcab105ba04b9ffd12cb4de72f539e8d.jpg,TrashNet++ jCDBig,train,Cable,cable_plug,2,4,0.0233721923828125,,REVIEW
suggested-9DrocgNayRuaHxrSiRJV_jpg.rf.4247bdcb504b3eb47f554e2b167c9e4c.jpg,TrashNet++ jCDBig,train,Cable,cable_plug,1,0,0.96435546875,,REVIEW
suggested-9sQcE9tBTIyEt0ME2p13_jpg.rf.09e5453fa3f7b54d511661571fdec1bc.jpg,TrashNet++ jCDBig,train,Cable,cable_plug,1,0,0.2747314453125,,REVIEW
suggested-AHf35xX799MEfXsK07Q0_jpg.rf.fe05f53a00ab9eff0c2befb761617eef.jpg,TrashNet++ jCDBig,train,Cable,cable_plug,1,3,0.0448187255859375,,REVIEW
suggested-ALCIVH62TAZuOKtt2jwR_jpg.rf.fac64b78a0096affd1ef2447e707c981.jpg,TrashNet++ jCDBig,train,Cable,cable_plug,1,1,0.343685302734375,,REVIEW
suggested-b14HTb1xv2hlwzB1zEYa_jpg.rf.b45234f3dbc6063aa20fffdc342232ae.jpg,TrashNet++ jCDBig,train,Cable,cable_plug,1,0,0.275888671875,,REVIEW
suggested-b7ZX24xJApwERdGRIQrp_jpg.rf.b7e6f7456e11bf709eb2e3a942e36f5b.jpg,TrashNet++ jCDBig,train,Cable,cable_plug,2,3,0.123065185546875,,REVIEW
suggested-bzvzQhjIh5wTJTdTeDug_jpg.rf.b7c911acf39e0dee821bfb3919c5008a.jpg,TrashNet++ jCDBig,train,Cable,cable_plug,1,1,0.0906787109375,,REVIEW
suggested-CHqtruWlwBKUni7sJJ6S_jpg.rf.79be498da3efc0d5a604fd2b222a0a78.jpg,TrashNet++ jCDBig,train,Cable,cable_plug,2,2,0.239703369140625,,REVIEW
suggested-cjsOD4Tv3aTbszxmhB03_jpg.rf.5f29678eb9f7ef38b52b6de9fd63caf0.jpg,TrashNet++ jCDBig,train,Cable,cable_plug,1,5,0.06396850585937501,,REVIEW
suggested-cpLl74rEMnYbiNApQTAW_jpg.rf.929574e847f465dbe4f2a747d8b82f23.jpg,TrashNet++ jCDBig,train,Cable,cable_plug,3,2,0.0308935546875,,REVIEW
suggested-Cqk4HSZLqBnFmL12AlK2_jpg.rf.6ce0bdcf82ab0816ad0a90b708b70701.jpg,TrashNet++ jCDBig,train,Cable,cable_plug,1,1,0.64841552734375,,REVIEW
suggested-CZp01WbNst8Zp8JEEaMf_jpg.rf.ab63ab035a44306a69e2a81f4c9d7eab.jpg,TrashNet++ jCDBig,train,Cable,cable_plug,2,2,0.44158447265625,,REVIEW
suggested-d4mvDhnesFzpCNAmqK7Y_jpg.rf.6440cd1902a342dc39f74b620e840dcc.jpg,TrashNet++ jCDBig,train,Cable,cable_plug,1,0,0.9544030761718749,,REVIEW
suggested-dlvZGCJ8mtK6e4ENozRc_jpg.rf.1454b821c8f5bfe8bea5311493e82060.jpg,TrashNet++ jCDBig,train,Cable,cable_plug,1,0,0.90522705078125,,REVIEW
suggested-dTtdXUDvpQp5ElWgrGZu_jpg.rf.c95919dd842b50a2e131a0c20439439f.jpg,TrashNet++ jCDBig,train,Cable,cable_plug,1,0,0.23834228515625,,REVIEW
suggested-eaPby22BoMgPJOQI1gpd_jpg.rf.3cfd0e758646a16d11e747a70bda68be.jpg,TrashNet++ jCDBig,train,Cable,cable_plug,1,1,0.3866650390625,,REVIEW
suggested-EDmkcHgtvcXWd6XzqnnW_jpg.rf.893969d246cb56ba258c7d1f1bf000da.jpg,TrashNet++ jCDBig,train,Cable,cable_plug,2,5,0.09418212890625001,,REVIEW
suggested-ElQeu9g8nQBaH0v1U7cI_jpg.rf.6bbea4ab119a225d4940548c6ea7fdc2.jpg,TrashNet++ jCDBig,train,Cable,cable_plug,1,1,0.11891113281250001,,REVIEW
suggested-F4vRDFOGli38h93n9S1X_jpg.rf.713d9320ea731074c2dd1a15b6e41f18.jpg,TrashNet++ jCDBig,train,Cable,cable_plug,1,1,0.7050000000000001,,REVIEW
suggested-fdfRwwodY5rR5gmQe5Vx_jpg.rf.1cbffa4497020d636aefa903ab04bf82.jpg,TrashNet++ jCDBig,train,Cable,cable_plug,1,3,0.043668212890625,,REVIEW
suggested-fi3GH7qmoRX8yjQkoseV_jpg.rf.b845c77a6ac088bff6738b8211e2e91f.jpg,TrashNet++ jCDBig,train,Cable,cable_plug,1,3,0.49921875,,REVIEW
suggested-fPzQbvCfrhyjbsFOVfOH_jpg.rf.d2ba24f392f723fa8906d6e306e88c74.jpg,TrashNet++ jCDBig,train,Cable,cable_plug,1,2,0.0587969970703125,,REVIEW
suggested-fRuiPSFomlSCDCs7UEcf_jpg.rf.d3ca3a26c256c20df356bc23071b0ffe.jpg,TrashNet++ jCDBig,train,Cable,cable_plug,1,1,0.07931396484375,,REVIEW
suggested-g1X5tOs8mOPYSlKE88st_jpg.rf.06b0ef5f80af100727b6a46e55cfd2b9.jpg,TrashNet++ jCDBig,train,Cable,cable_plug,1,4,0.031658935546874996,,REVIEW
suggested-g55tzDX9tYBtJrAvwFM0_jpg.rf.ad500b268f98ac0af9660a90648662c2.jpg,TrashNet++ jCDBig,train,Cable,cable_plug,1,2,0.3918896484375,,REVIEW
suggested-GeAKfeSRY9CWkmoW6HXc_jpg.rf.3a9b269c0b827d6c083fad2a57b8a746.jpg,TrashNet++ jCDBig,train,Cable,cable_plug,1,1,0.101788330078125,,REVIEW
suggested-GpNTn5V2fGX4F8V9fLER_jpg.rf.549aa0ed3862d17b68cec8df1125a050.jpg,TrashNet++ jCDBig,train,Cable,cable_plug,2,1,0.625,,REVIEW
suggested-GUkZQMSPVYPx5eLV6BnL_jpg.rf.ba94fd0982d85287e5e706d6981c97f8.jpg,TrashNet++ jCDBig,train,Cable,cable_plug,1,1,0.139619140625,,REVIEW
suggested-gvTUn7La0zNCFeZ8ATNS_jpg.rf.0f7d50013aec410ec968bbccec0c0de5.jpg,TrashNet++ jCDBig,train,Cable,cable_plug,1,1,0.03500244140625,,REVIEW
suggested-HJkMhCGDXdlIlHRd2guX_jpg.rf.b1db9d478e6a06833536c79a2d57c45b.jpg,TrashNet++ jCDBig,train,Cable,cable_plug,1,2,0.3983184814453125,,REVIEW
suggested-HtE7zwz1DuwMqitvUkhc_jpg.rf.4b3da17b3b6307e7cc9a6617f2c89154.jpg,TrashNet++ jCDBig,train,Cable,cable_plug,2,3,0.0533203125,,REVIEW
suggested-Ig9a4QI3lgi7d5Ti5gvN_jpg.rf.096fc1698a9f39544b60be24f7d02c30.jpg,TrashNet++ jCDBig,train,Cable,cable_plug,1,0,0.9867626953124999,,REVIEW
suggested-ihSqNkFn4dmV5eUYYXAJ_jpg.rf.c241a4ea606b0cf78e53ef3a5080a4e4.jpg,TrashNet++ jCDBig,train,Cable,cable_plug,1,1,0.5171630859374999,,REVIEW
suggested-j2RSU96JqOqFPIHacsgT_jpg.rf.fea7d6416e254d45a3ef9952d36e8ee6.jpg,TrashNet++ jCDBig,train,Cable,cable_plug,1,1,0.10406494140625,,REVIEW
suggested-J5CBLlutRAufkQYaYQsR_jpg.rf.f56f35e98ee6fea479dc829ce8257a93.jpg,TrashNet++ jCDBig,train,Cable,cable_plug,1,3,0.0619140625,,REVIEW
suggested-jClvWFqTrDxNI3WhZ99O_jpg.rf.3baf32ca5e73c9cec578d2e81104e6e5.jpg,TrashNet++ jCDBig,train,Cable,cable_plug,2,3,0.029736328125,,REVIEW
suggested-jD8Sv7IrFluPFkrvGknH_jpg.rf.3be0f39e42e103edd87a9bfa9a6b669d.jpg,TrashNet++ jCDBig,train,Cable,cable_plug,1,0,0.9410278320312501,,REVIEW
suggested-jnlOwtgSDAzd0B3pNxMA_jpg.rf.3a7984f649310874a37b7f5a1e0e87dd.jpg,TrashNet++ jCDBig,train,Cable,cable_plug,5,2,0.0726873779296875,,REVIEW
suggested-juqFDPqzNcIYcjGGN8nV_jpg.rf.2d7adadf908bee5ddbda393e93908fe7.jpg,TrashNet++ jCDBig,train,Cable,cable_plug,1,0,0.92265625,,REVIEW
suggested-JYwg8coGef40E2vPMm9u_jpg.rf.ff4232dc11fbd64edcb0a75878189d09.jpg,TrashNet++ jCDBig,train,Cable,cable_plug,1,0,0.08892333984375,,REVIEW
suggested-k0AjTySykUPw5hP0ueC9_jpg.rf.f3b50ee298aeee8a757cb655b60958c8.jpg,TrashNet++ jCDBig,train,Cable,cable_plug,1,0,0.952904052734375,,REVIEW
suggested-KaoxMmUmJJ0r1Ia3AxDX_jpg.rf.5512a27d75d5f82ebec2596b98b7d172.jpg,TrashNet++ jCDBig,train,Cable,cable_plug,1,1,0.40940673828124996,,REVIEW
suggested-kd07yASnBP3p1kGJkwUF_jpg.rf.cf3b79cf00a5fc56c220ebb4b0afa1bb.jpg,TrashNet++ jCDBig,train,Cable,cable_plug,1,0,0.6500634765625,,REVIEW
suggested-kJjltteL9JX2JBAxnWNu_jpg.rf.661253331381e7f4b9fbec431add6733.jpg,TrashNet++ jCDBig,train,Cable,cable_plug,1,0,0.9268212890625,,REVIEW
suggested-kQERrSu4ABnkyN1SBF7N_jpg.rf.5221ee753f12ae8fbad77285f5913232.jpg,TrashNet++ jCDBig,train,Cable,cable_plug,2,1,0.139747314453125,,REVIEW
suggested-kwUY0zgksaNKpH8TjnrA_jpg.rf.1fc586bf46ad2c6e5a2968c0fcda41be.jpg,TrashNet++ jCDBig,train,Cable,cable_plug,2,1,0.2863916015625,,REVIEW
suggested-L8OwhBH0FVAn0LAd5JMU_jpg.rf.c8a8754d8e555cd97ec8708e1b2c965f.jpg,TrashNet++ jCDBig,train,Cable,cable_plug,5,3,0.072777099609375,DUP05,REVIEW
suggested-lB0H6L5l0YR67RYDsm6h_jpg.rf.bb30d4c64bc7039dd74f87110297ff31.jpg,TrashNet++ jCDBig,train,Cable,cable_plug,1,1,0.090517578125,,REVIEW
suggested-LEHuuoKnCsSBz7z17I9L_jpg.rf.075511eef60dca9fe6ab115187da58ec.jpg,TrashNet++ jCDBig,train,Cable,cable_plug,3,4,0.15506835937500002,,REVIEW
suggested-LheFnL7wQsHVzts9F0bm_jpg.rf.89d98af20c8dcb62120fe93871a05ec2.jpg,TrashNet++ jCDBig,train,Cable,cable_plug,1,1,0.09541748046874998,,REVIEW
suggested-loheb2Oa6nrt33E0ynDF_jpg.rf.2c763e6a21837345e50fcf88e836a30b.jpg,TrashNet++ jCDBig,train,Cable,cable_plug,1,1,0.14752441406249997,,REVIEW
suggested-LQion8BKU5Znc82kbZ2j_jpg.rf.27be6d3fa3a7811473a8a98ddffef90e.jpg,TrashNet++ jCDBig,train,Cable,cable_plug,1,1,0.082408447265625,,REVIEW
suggested-LTok0kcTiPgWd8iX6iLI_jpg.rf.26902fa536650388beb321eed035ad1e.jpg,TrashNet++ jCDBig,train,Cable,cable_plug,5,1,0.0966375732421875,,REVIEW
suggested-LVX8WWMdVY40kEoliWKY_jpg.rf.5a93925df9f265ac5da9e65e25cea144.jpg,TrashNet++ jCDBig,train,Cable,cable_plug,1,0,0.9643756103515624,,REVIEW
suggested-M0BZhNSjFL9qFszvZSJm_jpg.rf.62f68c4c14b502861938708a243730e2.jpg,TrashNet++ jCDBig,train,Cable,cable_plug,1,0,0.803385009765625,,REVIEW
suggested-mCJgkqJJBj7T9dxCBxwo_jpg.rf.53bb0646bc7deb4b08a114258071d0be.jpg,TrashNet++ jCDBig,train,Cable,cable_plug,2,3,0.06856201171875,,REVIEW
suggested-mIQqKGOuyNPaiyskVRKC_jpg.rf.4f7447fe430eba063cfcd5549d6cb09b.jpg,TrashNet++ jCDBig,train,Cable,cable_plug,1,0,0.86328125,,REVIEW
suggested-mKQ3P2lDzcjVJspXNV68_jpg.rf.8f74706f47029f5c5c3be8cf1dc33588.jpg,TrashNet++ jCDBig,train,Cable,cable_plug,1,1,0.35455322265625,,REVIEW
suggested-n73yyzPaJ3xE5jKjkEoX_jpg.rf.ef0d68f9814641ff0783731052c8f0cb.jpg,TrashNet++ jCDBig,train,Cable,cable_plug,1,0,0.51515625,,REVIEW
suggested-NbsKxRs3hSjJZkqcjf8d_jpg.rf.af5dc8a312f5c2b41a1b51c2cfce58ad.jpg,TrashNet++ jCDBig,train,Cable,cable_plug,1,1,0.11410400390625,,REVIEW
suggested-NCbktrz3rXLQV58OgLxn_jpg.rf.f79cd5bfa198cb7136204b4fcf61f5cc.jpg,TrashNet++ jCDBig,train,Cable,cable_plug,1,1,0.45751037597656247,,REVIEW
suggested-NEVLlTs3FBrxIoqzxapr_jpg.rf.d26e5ec00f14bbc9cfa9793ab2d8c749.jpg,TrashNet++ jCDBig,train,Cable,cable_plug,1,2,0.22633605957031247,,REVIEW
suggested-nIAOxZAOFRbC78jaTW2U_jpg.rf.437cce89697c4214ef86a77367e9e7de.jpg,TrashNet++ jCDBig,train,Cable,cable_plug,1,5,0.036474609374999994,,REVIEW
suggested-ny3I7Jl2rpcRoxSvAFwf_jpg.rf.1d9ef56c098dedab43f9b25446ba74f6.jpg,TrashNet++ jCDBig,train,Cable,cable_plug,3,2,0.0816583251953125,,REVIEW
suggested-oDNPIM2LCpC2tiBbbsNh_jpg.rf.c59e9a9f64541e183213a22ece4d41f1.jpg,TrashNet++ jCDBig,train,Cable,cable_plug,4,3,0.029941406249999997,,REVIEW
suggested-oi2a1GKIzUcmP529XeY6_jpg.rf.5333f64324cf138a9c478ae1e0dec7e7.jpg,TrashNet++ jCDBig,train,Cable,cable_plug,1,7,0.04595703125,,REVIEW
suggested-ois0a7ZjXQeAdptZsFBG_jpg.rf.771c0fb4cd54b910250c225512e45ee5.jpg,TrashNet++ jCDBig,train,Cable,cable_plug,1,0,0.9781835937499999,,REVIEW
suggested-Ou315JYYVCDnQTsuRCld_jpg.rf.1312f576914ebd5c79762ebe0428ed8c.jpg,TrashNet++ jCDBig,train,Cable,cable_plug,3,3,0.13167114257812498,,REVIEW
suggested-oY0fPGlc8t02AC2uoeso_jpg.rf.e4ecc1fced320bdfa7474d8845e56cd4.jpg,TrashNet++ jCDBig,train,Cable,cable_plug,2,0,0.40958251953125,,REVIEW
suggested-ozfEXF2lmaQvFiOPo4Nu_jpg.rf.44b48648de6d1a8c1f904b7ed5c35709.jpg,TrashNet++ jCDBig,train,Cable,cable_plug,1,1,0.27065429687500003,,REVIEW
suggested-P3z1bLpdZzCRMAc1h1V8_jpg.rf.1457c33e6474a27ad248e0fcf2c0a419.jpg,TrashNet++ jCDBig,train,Cable,cable_plug,1,1,0.81589599609375,,REVIEW
suggested-PM39PPpmqfo7JoDFBfoR_jpg.rf.266be79815a636beae69a7d04b4aa5eb.jpg,TrashNet++ jCDBig,train,Cable,cable_plug,2,4,0.03589111328125,,REVIEW
suggested-pnVWgD8n9lxabbhMw6iK_jpg.rf.31f4f89873706412024db6aec9a7a58b.jpg,TrashNet++ jCDBig,train,Cable,cable_plug,1,0,0.9875,,REVIEW
suggested-psH6OTsiCWYaVlxOKYNo_jpg.rf.6aeb83f853fc36e8cf58a4de2dadbc9e.jpg,TrashNet++ jCDBig,train,Cable,cable_plug,1,0,0.6585205078125,,REVIEW
suggested-PY0jhCG7JtVzIQrBuj72_jpg.rf.8a17377db4cbf64fd12113a8652e11b1.jpg,TrashNet++ jCDBig,train,Cable,cable_plug,1,1,0.13740234375000002,,REVIEW
suggested-q1GcJyiaIaI8NGulkmvu_jpg.rf.ac59b8e7284529b270b5f3c0cb3f23a3.jpg,TrashNet++ jCDBig,train,Cable,cable_plug,2,0,0.5880706787109374,,REVIEW
suggested-QAFi8OIjYvu9zdVj4CJl_jpg.rf.45a50f349d24a5d80f996954484a7085.jpg,TrashNet++ jCDBig,train,Cable,cable_plug,1,0,0.842584228515625,,REVIEW
suggested-QB2GsuA5A7h176eekrIf_jpg.rf.32a3e83cf1e78833ccf0d82ff3abb76f.jpg,TrashNet++ jCDBig,train,Cable,cable_plug,2,0,0.112884521484375,,REVIEW
suggested-qrxCu1ch9LykTHlVxJWw_jpg.rf.58af14d62630be91fcb04bbb55a7e189.jpg,TrashNet++ jCDBig,train,Cable,cable_plug,1,0,0.4636340332031251,,REVIEW
suggested-QxE8NTqRZQeEGv6UJN5S_jpg.rf.9178c1ccced4abd66da46f92db7210c3.jpg,TrashNet++ jCDBig,train,Cable,cable_plug,1,1,0.210599365234375,,REVIEW
suggested-QyiUDrEN1mJUKKe7NNjw_jpg.rf.23dcf70700be1feab4fbaff53ac6fb8c.jpg,TrashNet++ jCDBig,train,Cable,cable_plug,1,5,0.0143017578125,,REVIEW
suggested-r8XdKTagzt97ltMOyJkl_jpg.rf.c3f218092eddb8690a1d73d04afc7f88.jpg,TrashNet++ jCDBig,train,Cable,cable_plug,1,1,0.046245117187500004,,REVIEW
suggested-rAHEV6Fle9LhrfVZaeIj_jpg.rf.973b8d32b1324923f52ebb22d23459f4.jpg,TrashNet++ jCDBig,train,Cable,cable_plug,1,3,0.137921142578125,,REVIEW
suggested-raLmMfZp4yhOhbpTbQr9_jpg.rf.55188339f463c26b07edbabf16099f91.jpg,TrashNet++ jCDBig,train,Cable,cable_plug,1,1,0.37503662109374997,,REVIEW
suggested-RXLGsBD3APp2c4VEE9fR_jpg.rf.7a865bf5ec5b58a310952a16b642e4b9.jpg,TrashNet++ jCDBig,train,Cable,cable_plug,1,0,0.5837762451171875,,REVIEW
suggested-sFdmqbygr0u3zvM4xGqT_jpg.rf.bcdf1415d5d07bf34d1474fde029431d.jpg,TrashNet++ jCDBig,train,Cable,cable_plug,2,3,0.164259033203125,,REVIEW
suggested-T4FNarMgEuKvHwtXbC7q_jpg.rf.41a6d08a6fe0f9b75c9acfff63da9336.jpg,TrashNet++ jCDBig,train,Cable,cable_plug,2,2,0.23086242675781252,,REVIEW
suggested-T6qpI37uTItIvwCpyKwa_jpg.rf.95f747079077727f68cad327735005f4.jpg,TrashNet++ jCDBig,train,Cable,cable_plug,1,0,0.98127685546875,,REVIEW
suggested-tg0uDhevLfUTCQvTjn1M_jpg.rf.e1fc21fe254c5c649eac90032f0e5f02.jpg,TrashNet++ jCDBig,train,Cable,cable_plug,3,3,0.0724481201171875,,REVIEW
suggested-tgWSPS3ifqXJib1vZUEV_jpg.rf.493224b2e7aec6bcaaa0f112ec80dbee.jpg,TrashNet++ jCDBig,train,Cable,cable_plug,1,1,0.05316650390625,,REVIEW
suggested-THeRNsjywjUHAe4MSBTb_jpg.rf.e98dba18cad761baa59ec8e00a100e7d.jpg,TrashNet++ jCDBig,train,Cable,cable_plug,1,2,0.0165087890625,,REVIEW
suggested-tqAcA9OWGPltLzkcZIUU_jpg.rf.f09b807bb8cb30bc1f823f61798f5304.jpg,TrashNet++ jCDBig,train,Cable,cable_plug,1,0,0.59375,,REVIEW
suggested-TVAK9622U41rSf73nsB6_jpg.rf.89f65df8b3d048fb373b07f7205b8f16.jpg,TrashNet++ jCDBig,train,Cable,cable_plug,2,3,0.1395263671875,,REVIEW
suggested-u1o4H4TjdUFqsNvRqbhb_jpg.rf.a1c12034f043d892c9d6c185db4bccdf.jpg,TrashNet++ jCDBig,train,Cable,cable_plug,2,0,0.23064208984374998,,REVIEW
suggested-u2n1k2J33CzGsB3RmrTu_jpg.rf.1f2da504b4b5ef4ec5f97beb0b75a456.jpg,TrashNet++ jCDBig,train,Cable,cable_plug,1,3,0.033369140625,,REVIEW
suggested-U6qSTWlmzYB1cxMTT9Mk_jpg.rf.a6715e7099ec22a5aad1478fe649752f.jpg,TrashNet++ jCDBig,train,Cable,cable_plug,1,1,0.02808837890625,,REVIEW
suggested-UBsX40xZmcjuJWYXqRKv_jpg.rf.972071e9f104ebc739433744cba7f425.jpg,TrashNet++ jCDBig,train,Cable,cable_plug,2,0,0.025136718750000002,,REVIEW
suggested-uFfkaInH9R55othVSh0o_jpg.rf.bc21cb93fc8506ee4913e95687332fc0.jpg,TrashNet++ jCDBig,train,Cable,cable_plug,1,0,0.4159332275390625,,REVIEW
suggested-Uvg7FDV0uTIA7FnDVAYb_jpg.rf.f152bfe4dc4560d9fe876849d5d9eb30.jpg,TrashNet++ jCDBig,train,Cable,cable_plug,1,1,0.17527465820312502,,REVIEW
suggested-V1i754JudTtUUEljeA7O_jpg.rf.0a3d8c8caef89ec73ffd9407e6772e99.jpg,TrashNet++ jCDBig,train,Cable,cable_plug,1,3,0.41098632812499997,,REVIEW
suggested-V1QsE5N7lIvjqmJFuQkM_jpg.rf.242cb729edff1a1bd297b2d18bfe555e.jpg,TrashNet++ jCDBig,train,Cable,cable_plug,6,2,0.252996826171875,,REVIEW
suggested-VFbLHbpEACqLL6EmZAx9_jpg.rf.0a9d7e785607e731f702f16150efbe63.jpg,TrashNet++ jCDBig,train,Cable,cable_plug,1,2,0.0144329833984375,,REVIEW
suggested-vKb0CYzd5hJGDeLHFA3J_jpg.rf.ba52b36b582c826cba435ab6c0bc34ee.jpg,TrashNet++ jCDBig,train,Cable,cable_plug,1,1,0.40939453124999997,,REVIEW
suggested-VkFOoIVhGbCT2paJkLC6_jpg.rf.37c45d056c8c988642a5abb1aba30791.jpg,TrashNet++ jCDBig,train,Cable,cable_plug,1,1,0.11225097656250001,,REVIEW
suggested-VmuVkw1ZiKDyZfs7lgfT_jpg.rf.5d0af1700205ed697cba525a6e799a72.jpg,TrashNet++ jCDBig,train,Cable,cable_plug,2,2,0.0340576171875,,REVIEW
suggested-wd98D8C3wejv8G3yTK6t_jpg.rf.ab09bb4360b50c21194184fca48afe80.jpg,TrashNet++ jCDBig,train,Cable,cable_plug,2,2,0.2044464111328125,,REVIEW
suggested-wh8Q8IlKZ1G7mz9X95rh_jpg.rf.daa93f6e5c0b8c025cdad50024af1c8c.jpg,TrashNet++ jCDBig,train,Cable,cable_plug,2,1,0.2294921875,,REVIEW
suggested-xaIExYFIHR1rhdotVJ4z_jpg.rf.1b24686b9270043c183a290a7c906c85.jpg,TrashNet++ jCDBig,train,Cable,cable_plug,1,1,0.03955078125,,REVIEW
suggested-XCFtJU0YBsTn3abTQgfp_jpg.rf.13f9ace45ba38a40d36f9175c4fab05c.jpg,TrashNet++ jCDBig,train,Cable,cable_plug,1,0,0.9054559326171875,,REVIEW
suggested-Y3BIaDXKLA2I56y5vG3E_jpg.rf.a941ce17c3033610e3afc457b528f192.jpg,TrashNet++ jCDBig,train,Cable,cable_plug,1,1,0.11213806152343749,,REVIEW
suggested-yfWCfHnHL1jnqDUIwSsh_jpg.rf.d1b323b1b19b9e4ef9ff4d890d2461d2.jpg,TrashNet++ jCDBig,train,Cable,cable_plug,1,0,0.8936871337890625,,REVIEW
suggested-YIMcYX2VGHelxIOMdhgJ_jpg.rf.dc4d3b5699d4f3c4472b2d670f5e0172.jpg,TrashNet++ jCDBig,train,Cable,cable_plug,1,3,0.19281250000000003,,REVIEW
suggested-Yl1TSSlV2nL5OoP7yPLi_jpg.rf.d4caf8fd9988bf4d0d652b428a7824f3.jpg,TrashNet++ jCDBig,train,Cable,cable_plug,1,0,0.7131213378906249,,REVIEW
suggested-yoK6X9LEtsqsMksjOl7y_jpg.rf.eb15e3c4eb67c421332ce1e42fa0f920.jpg,TrashNet++ jCDBig,train,Cable,cable_plug,1,1,0.056835937499999996,,REVIEW
suggested-z9x2LewE6FqSCMvxMu97_jpg.rf.903d567e2f06dd1c4f31ed5c1c4c9df7.jpg,TrashNet++ jCDBig,train,Cable,cable_plug,1,0,0.968837890625,,REVIEW
suggested-ZP8xhBORQjSpFQHweE0m_jpg.rf.fcf72be67d6a1f14d7c7b17e37483b2b.jpg,TrashNet++ jCDBig,train,Cable,cable_plug,1,0,0.5206512451171875,,REVIEW
TestImage_jpg.rf.a165dad0c1926821fdbd16ca4a744d69.jpg,TrashNet++ jCDBig,train,Cable,cable_plug,1,6,0.0394287109375,,REVIEW
20250616_194132_jpg.rf.02529f602e8b9c36863816564925bcbc.jpg,TrashNet++ jCDBig,valid,Cable,cable_plug,1,8,0.0456005859375,,REVIEW
20250616_194248_jpg.rf.2a7f60a36bca1418441b56ffafb2b21a.jpg,TrashNet++ jCDBig,valid,Cable,cable_plug,1,7,0.04359375,,REVIEW
20250616_194511_jpg.rf.079fa4fd82e2fdc7fd6fe7ff9fe4bde6.jpg,TrashNet++ jCDBig,valid,Cable,cable_plug,1,1,0.03549560546875,DUP02,REVIEW
20250616_200541_jpg.rf.0da27515773aae5d9aaedf59e87e8273.jpg,TrashNet++ jCDBig,valid,Cable,cable_plug,1,1,0.5379272460937501,,REVIEW
20250616_200544_jpg.rf.27421d2babc6815f5faf3b412463190f.jpg,TrashNet++ jCDBig,valid,Cable,cable_plug,1,0,0.581083984375,,REVIEW
20250616_200558_jpg.rf.8553ef668ab602366adbb4763b1b63ac.jpg,TrashNet++ jCDBig,valid,Cable,cable_plug,1,1,0.44448486328125,,REVIEW
20250616_202053_jpg.rf.b59a739a44c74613ab03ec58beba8274.jpg,TrashNet++ jCDBig,valid,Cable,cable_plug,1,2,0.287109375,,REVIEW
20250616_202100_jpg.rf.4d512016c635ef1af254a0e1820a652a.jpg,TrashNet++ jCDBig,valid,Cable,cable_plug,1,4,0.194029541015625,,REVIEW
20250616_202106_jpg.rf.b287b4d339b7a7e62431baad83f5acb9.jpg,TrashNet++ jCDBig,valid,Cable,cable_plug,1,3,0.168837890625,,REVIEW
20250616_202120_jpg.rf.2e50bfb016743ee38fe742125e2c6d21.jpg,TrashNet++ jCDBig,valid,Cable,cable_plug,1,4,0.11540039062499999,,REVIEW
20250616_202133_jpg.rf.ecee66cfc8c9d5b19279d049316e9404.jpg,TrashNet++ jCDBig,valid,Cable,cable_plug,1,3,0.33091918945312504,,REVIEW
20250616_202352_jpg.rf.9d8563e13fa4a297d4c5421e95de2a2a.jpg,TrashNet++ jCDBig,valid,Cable,cable_plug,1,0,0.35116699218749997,,REVIEW
20250616_202416_jpg.rf.5cb4eff8a94b04fae8ea72355abb188d.jpg,TrashNet++ jCDBig,valid,Cable,cable_plug,1,2,0.34890625,,REVIEW
20250616_202419_jpg.rf.4a09cb891af3b3147b9f46cf8f51849e.jpg,TrashNet++ jCDBig,valid,Cable,cable_plug,1,2,0.2451123046875,,REVIEW
20250616_202424_jpg.rf.04c255f2d40e4b61b765156dc5552ea8.jpg,TrashNet++ jCDBig,valid,Cable,cable_plug,1,3,0.3519140625,,REVIEW
20250616_202428_jpg.rf.7540b19634b75646cccdbfc207c8a9e3.jpg,TrashNet++ jCDBig,valid,Cable,cable_plug,1,3,0.373992919921875,,REVIEW
20250616_202430_jpg.rf.5707aa250237aef14a918e38a3c08a43.jpg,TrashNet++ jCDBig,valid,Cable,cable_plug,1,3,0.381639404296875,,REVIEW
20250616_202446_jpg.rf.fa09e3506ab5947a01a7c77138f6cfd3.jpg,TrashNet++ jCDBig,valid,Cable,cable_plug,2,1,0.37659606933593753,,REVIEW
20250616_202448_jpg.rf.d55094a176e61da8c24be9e8ca669363.jpg,TrashNet++ jCDBig,valid,Cable,cable_plug,2,2,0.24064453125,,REVIEW
20250616_202504_jpg.rf.6b1cd695321d86349c7a138cd7360158.jpg,TrashNet++ jCDBig,valid,Cable,cable_plug,1,1,0.409375,,REVIEW
20250616_202538_jpg.rf.0f996e9ca13e427cfe044bfc352febdc.jpg,TrashNet++ jCDBig,valid,Cable,cable_plug,1,3,0.127080078125,,REVIEW
20250616_202540_jpg.rf.39ca995e1268b695f9e35ef748641d07.jpg,TrashNet++ jCDBig,valid,Cable,cable_plug,1,3,0.124658203125,,REVIEW
20250616_202545_jpg.rf.a2a07a4664fae35efbd5c7e68f81e390.jpg,TrashNet++ jCDBig,valid,Cable,cable_plug,1,2,0.11265197753906252,,REVIEW
20250616_202627_jpg.rf.ab2263ec5674102b93d1a1f80a3a5e6f.jpg,TrashNet++ jCDBig,valid,Cable,cable_plug,2,1,0.366739501953125,,REVIEW
20250616_202652_jpg.rf.e03c09c5d1f5efaf4f5e0c70e3790d34.jpg,TrashNet++ jCDBig,valid,Cable,cable_plug,1,3,0.10819580078125,,REVIEW
20250616_202718_jpg.rf.6fb2305d18ef1c9c65b1f05b56c30a6f.jpg,TrashNet++ jCDBig,valid,Cable,cable_plug,1,1,0.038723144531249996,,REVIEW
20250616_202736_jpg.rf.8e983b17a4d8acfa5dcf9d9605a48617.jpg,TrashNet++ jCDBig,valid,Cable,cable_plug,1,4,0.10042846679687502,,REVIEW
20250616_203611_jpg.rf.5f1429aecf9ae338fc8d9af9ee11b972.jpg,TrashNet++ jCDBig,valid,Cable,cable_plug,2,7,0.125452880859375,DUP04,REVIEW
20250616_203957_jpg.rf.117195a034ad021ecaa94e0e1f36bb3c.jpg,TrashNet++ jCDBig,valid,Cable,cable_plug,2,8,0.09932495117187501,,REVIEW
20250616_204042_jpg.rf.cd47eeca50f6ba2c9c054a2996d41e1a.jpg,TrashNet++ jCDBig,valid,Cable,cable_plug,1,1,0.1153564453125,,REVIEW
20250616_204045_jpg.rf.0dc10e1f490ae7ee38dd8a13de8621e7.jpg,TrashNet++ jCDBig,valid,Cable,cable_plug,1,1,0.2238720703125,,REVIEW
20250616_204103_jpg.rf.a8dace1a5960b7e796f3195476e76e26.jpg,TrashNet++ jCDBig,valid,Cable,cable_plug,2,2,0.41454833984375006,,REVIEW
20250616_204124_jpg.rf.bb27d41f137a47346fca214f13e97923.jpg,TrashNet++ jCDBig,valid,Cable,cable_plug,1,2,0.1651611328125,,REVIEW
20250616_204138_jpg.rf.8872dfb08b95ffacd2f4df0034d51d3d.jpg,TrashNet++ jCDBig,valid,Cable,cable_plug,1,6,0.17630615234375002,,REVIEW
20250616_204156_jpg.rf.793b61bcb48615a8b0b1fc7b31f00618.jpg,TrashNet++ jCDBig,valid,Cable,cable_plug,1,3,0.2188623046875,,REVIEW
20250616_204213_jpg.rf.a9127b46b96f531913a71338899c8e67.jpg,TrashNet++ jCDBig,valid,Cable,cable_plug,1,5,0.1812890625,,REVIEW
20250616_204256_jpg.rf.8c310001eda1d29389d951d6c50f6f24.jpg,TrashNet++ jCDBig,valid,Cable,cable_plug,1,6,0.2211328125,,REVIEW
20250616_204333_jpg.rf.8013f3ea7f07f5810e8cce706e67f41f.jpg,TrashNet++ jCDBig,valid,Cable,cable_plug,2,2,0.2027362060546875,,REVIEW
20250616_204409_jpg.rf.48403f0227af12b14bd86a4851c83e8a.jpg,TrashNet++ jCDBig,valid,Cable,cable_plug,1,2,0.22091308593750003,,REVIEW
20250616_204424_jpg.rf.15cbdae23506a4a166a85ddf999fa5a7.jpg,TrashNet++ jCDBig,valid,Cable,cable_plug,1,3,0.3712646484375,,REVIEW
20250616_204453_jpg.rf.654f1da3fac7e99fa8ac4d2cf14e73ee.jpg,TrashNet++ jCDBig,valid,Cable,cable_plug,1,2,0.559375,,REVIEW
20250616_204502_jpg.rf.f0bc0f4759b8322d1bc1e1196afeabb6.jpg,TrashNet++ jCDBig,valid,Cable,cable_plug,1,4,0.17652099609375002,,REVIEW
20250616_204617_jpg.rf.322e68e1d77958520656208f7888657a.jpg,TrashNet++ jCDBig,valid,Cable,cable_plug,1,2,0.0544232177734375,,REVIEW
20250616_205010_jpg.rf.b24f4b864cc6f29468f01c88178de94a.jpg,TrashNet++ jCDBig,valid,Cable,cable_plug,1,4,0.1182061767578125,,REVIEW
20250616_205327_jpg.rf.94c22dc4fbf795fef096d60649b8fc1f.jpg,TrashNet++ jCDBig,valid,Cable,cable_plug,1,1,0.4906494140625,,REVIEW
20250616_205350_jpg.rf.76705d6b9104cbc5154d51eb9cca2d5b.jpg,TrashNet++ jCDBig,valid,Cable,cable_plug,1,2,0.23725585937500002,,REVIEW
20250616_205538_jpg.rf.beb92b9780974659515757d75deaaa62.jpg,TrashNet++ jCDBig,valid,Cable,cable_plug,1,3,0.37860717773437497,,REVIEW
20250616_205556_jpg.rf.3899afb2a9f651e6ec90fd41f9ec3e50.jpg,TrashNet++ jCDBig,valid,Cable,cable_plug,1,3,0.38632812499999997,,REVIEW
images_jpg.rf.9d29766a2d7e202f887b88d79feee620.jpg,TrashNet++ jCDBig,valid,Cable,cable_plug,1,0,0.971221923828125,,REVIEW
photo_11_2025-06-09_00-32-40_jpg.rf.5f53d917ff1d0b38220ccb4d9510ff2c.jpg,TrashNet++ jCDBig,valid,Cable,cable_plug,1,1,0.45270019531250005,,REVIEW
photo_13_2025-06-09_00-40-51_jpg.rf.d62f48b1f1ccad7b4db85772dbe0641d.jpg,TrashNet++ jCDBig,valid,Cable,cable_plug,2,5,0.103648681640625,,REVIEW
photo_14_2025-06-09_00-40-51_jpg.rf.1a070867fc28b66213fc643e3530a011.jpg,TrashNet++ jCDBig,valid,Cable,cable_plug,1,3,0.23953857421875002,,REVIEW
photo_14_2025-06-09_00-41-43_jpg.rf.dd3d2b30afddb4a4787e88919591834f.jpg,TrashNet++ jCDBig,valid,Cable,cable_plug,1,4,0.0651092529296875,,REVIEW
photo_16_2025-03-31_01-14-55_jpg.rf.0c0b3a71db57a4a5c3802de8eeac2548.jpg,TrashNet++ jCDBig,valid,Cable,cable_plug,1,6,0.0203863525390625,,REVIEW
photo_16_2025-06-09_00-32-40_jpg.rf.bd74f6b8a34d5b367fc161d43d1e209d.jpg,TrashNet++ jCDBig,valid,Cable,cable_plug,1,1,0.5006866455078125,,REVIEW
photo_18_2025-03-31_01-14-55_jpg.rf.ab11a9b4a7084025887819bdfa995995.jpg,TrashNet++ jCDBig,valid,Cable,cable_plug,1,4,0.139708251953125,,REVIEW
photo_18_2025-06-09_00-32-40_jpg.rf.1d6f5bf262bc066735b345716636c29c.jpg,TrashNet++ jCDBig,valid,Cable,cable_plug,1,3,0.3538836669921875,,REVIEW
photo_18_2025-06-09_00-40-51_jpg.rf.4e12d96f9544a198f4e855d20e88fbf1.jpg,TrashNet++ jCDBig,valid,Cable,cable_plug,1,4,0.1439453125,,REVIEW
photo_19_2025-06-09_00-40-51_jpg.rf.02293c61a84cc02fafa1cf9061868343.jpg,TrashNet++ jCDBig,valid,Cable,cable_plug,1,5,0.06236572265625,,REVIEW
photo_1_2025-06-09_00-40-51_jpg.rf.00a128f80b19ab1f867158eb0443a13f.jpg,TrashNet++ jCDBig,valid,Cable,cable_plug,1,5,0.04712890625,,REVIEW
photo_1_2025-06-09_00-41-43_jpg.rf.42f20a8c20c0ac4ad0d874449c85e6db.jpg,TrashNet++ jCDBig,valid,Cable,cable_plug,1,6,0.061309814453125,,REVIEW
photo_20_2025-06-09_00-32-40_jpg.rf.aa2d8706ab3164dde597d42971b87e6a.jpg,TrashNet++ jCDBig,valid,Cable,cable_plug,1,3,0.156295166015625,,REVIEW
photo_21_2025-06-09_00-41-43_jpg.rf.bd103c4798339434cc5718a90cad591d.jpg,TrashNet++ jCDBig,valid,Cable,cable_plug,1,5,0.1054632568359375,,REVIEW
photo_25_2025-06-09_00-32-40_jpg.rf.cfd068d63a9cf3e7af6c123a7d756104.jpg,TrashNet++ jCDBig,valid,Cable,cable_plug,1,5,0.125635986328125,,REVIEW
photo_28_2025-06-09_00-32-40_jpg.rf.87fbe1b91a747f4f37a8af19988b793a.jpg,TrashNet++ jCDBig,valid,Cable,cable_plug,1,5,0.18703125,,REVIEW
photo_29_2025-06-09_00-40-51_jpg.rf.f2a82a05723116624a61dcbd946984d5.jpg,TrashNet++ jCDBig,valid,Cable,cable_plug,2,5,0.11290405273437501,,REVIEW
photo_2_2025-06-09_00-32-40_jpg.rf.90b0e47a73536f72cddca768b0c85734.jpg,TrashNet++ jCDBig,valid,Cable,cable_plug,1,4,0.0387542724609375,,REVIEW
photo_32_2025-06-09_00-40-51_jpg.rf.888d7713cd8056bdd2ad09bc78277f10.jpg,TrashNet++ jCDBig,valid,Cable,cable_plug,1,6,0.05491455078125001,,REVIEW
photo_33_2025-06-09_00-32-40_jpg.rf.7c5fd0d0c3ddb4f607cc7bfff3bdb667.jpg,TrashNet++ jCDBig,valid,Cable,cable_plug,1,3,0.29395751953125,,REVIEW
photo_33_2025-06-09_00-40-51_jpg.rf.b184aa4e31578da2fb4d113bbffcb9f3.jpg,TrashNet++ jCDBig,valid,Cable,cable_plug,1,5,0.20731201171875,,REVIEW
photo_35_2025-06-09_00-40-51_jpg.rf.0cb9d670c73db17cb4246138318fa359.jpg,TrashNet++ jCDBig,valid,Cable,cable_plug,1,4,0.2090789794921875,,REVIEW
photo_44_2025-06-09_00-32-40_jpg.rf.f643c161b5489f5949d4ee40aeae8e6f.jpg,TrashNet++ jCDBig,valid,Cable,cable_plug,1,1,0.42312500000000003,,REVIEW
photo_50_2025-06-09_00-32-40_jpg.rf.083acbfc74bd9757f82a3fa070554086.jpg,TrashNet++ jCDBig,valid,Cable,cable_plug,1,5,0.063154296875,,REVIEW
photo_52_2025-06-09_00-39-57_jpg.rf.0794317bee3cdb07a57c53967cf0ca8d.jpg,TrashNet++ jCDBig,valid,Cable,cable_plug,1,2,0.1856573486328125,,REVIEW
photo_5_2025-03-31_01-14-55_jpg.rf.9d0d49e43791279a395f708e1e24a8cd.jpg,TrashNet++ jCDBig,valid,Cable,cable_plug,1,6,0.16598876953125,,REVIEW
photo_60_2025-06-09_00-39-58_jpg.rf.f151ab58484eb35effc164abbaaea69d.jpg,TrashNet++ jCDBig,valid,Cable,cable_plug,1,3,0.24843017578125,,REVIEW
photo_60_2025-06-09_00-40-51_jpg.rf.c186dbc21a37b524319130d66138c740.jpg,TrashNet++ jCDBig,valid,Cable,cable_plug,1,4,0.0443359375,,REVIEW
photo_64_2025-06-09_00-40-51_jpg.rf.c51544ed3a1d0486ea0be796339e71cb.jpg,TrashNet++ jCDBig,valid,Cable,cable_plug,1,5,0.130546875,,REVIEW
photo_65_2025-06-09_00-32-40_jpg.rf.4bcee64de8909bedbc16506a0c00275a.jpg,TrashNet++ jCDBig,valid,Cable,cable_plug,1,1,0.2300634765625,,REVIEW
photo_66_2025-06-09_00-39-58_jpg.rf.99b7c1c89d3cae994e3cb40147ad7ec3.jpg,TrashNet++ jCDBig,valid,Cable,cable_plug,1,2,0.13576904296875,,REVIEW
photo_67_2025-06-09_00-40-51_jpg.rf.a0581d6434fe86fd131912a94854fb8e.jpg,TrashNet++ jCDBig,valid,Cable,cable_plug,1,5,0.06716308593749999,,REVIEW
photo_6_2025-06-09_00-32-40_jpg.rf.def20a82f72fdcde2fd0309b8f7f9085.jpg,TrashNet++ jCDBig,valid,Cable,cable_plug,1,2,0.06359252929687499,,REVIEW
photo_6_2025-06-09_00-39-57_jpg.rf.a8d7f6ddfe1ccce3c87fdec24a43a46e.jpg,TrashNet++ jCDBig,valid,Cable,cable_plug,1,5,0.1122802734375,,REVIEW
photo_71_2025-06-09_00-32-40_jpg.rf.043a59aec429d9197659beb1df0ab209.jpg,TrashNet++ jCDBig,valid,Cable,cable_plug,1,2,0.21380859374999997,,REVIEW
photo_72_2025-06-09_00-32-40_jpg.rf.a23cabcb005f9e8eb2f392079ccd8678.jpg,TrashNet++ jCDBig,valid,Cable,cable_plug,1,1,0.15552978515625,,REVIEW
photo_73_2025-06-09_00-32-40_jpg.rf.1736d0ab3708921ce4e642a584c8308e.jpg,TrashNet++ jCDBig,valid,Cable,cable_plug,1,1,0.19117675781250001,,REVIEW
photo_76_2025-06-09_00-32-40_jpg.rf.04f35cf44219afcd5e967fe0e34da9af.jpg,TrashNet++ jCDBig,valid,Cable,cable_plug,1,2,0.181640625,,REVIEW
photo_78_2025-06-09_00-32-40_jpg.rf.49a879580188d47d0e9a1b2832df5863.jpg,TrashNet++ jCDBig,valid,Cable,cable_plug,1,3,0.13981445312500002,,REVIEW
photo_78_2025-06-09_00-39-58_jpg.rf.11b2c5a661b5b673f6c524d933fd4e90.jpg,TrashNet++ jCDBig,valid,Cable,cable_plug,1,4,0.049835205078125,,REVIEW
photo_7_2025-06-09_00-40-51_jpg.rf.cbc85a2462e38837fd9c19a0f9bc4f49.jpg,TrashNet++ jCDBig,valid,Cable,cable_plug,1,6,0.054152221679687494,,REVIEW
photo_83_2025-06-09_00-40-51_jpg.rf.a08a1ad3381518a0a02f555bce02beb7.jpg,TrashNet++ jCDBig,valid,Cable,cable_plug,1,5,0.09735107421875,,REVIEW
photo_85_2025-06-09_00-39-58_jpg.rf.130764f89915387542e8c4e26b9fe443.jpg,TrashNet++ jCDBig,valid,Cable,cable_plug,1,1,0.048999023437500004,,REVIEW
photo_86_2025-06-09_00-40-51_jpg.rf.75cc25ad698adb0bb5718a602f33f68a.jpg,TrashNet++ jCDBig,valid,Cable,cable_plug,1,5,0.050810546874999994,,REVIEW
photo_87_2025-06-09_00-40-51_jpg.rf.1b1cd8fa4b0f37559e18e8030b37e2ac.jpg,TrashNet++ jCDBig,valid,Cable,cable_plug,1,4,0.061572265625,,REVIEW
photo_90_2025-06-09_00-32-40_jpg.rf.652afeaa3a77741ab16c27679a44caaa.jpg,TrashNet++ jCDBig,valid,Cable,cable_plug,1,2,0.628179931640625,,REVIEW
photo_91_2025-06-09_00-40-51_jpg.rf.6c455c8ee49187751d3e6f36fe600532.jpg,TrashNet++ jCDBig,valid,Cable,cable_plug,1,4,0.038255615234375005,,REVIEW
photo_92_2025-06-09_00-32-40_jpg.rf.1331b07ace1a06cf9a6d37dfabcd0bf1.jpg,TrashNet++ jCDBig,valid,Cable,cable_plug,1,1,0.6568359375,,REVIEW
photo_92_2025-06-09_00-40-51_jpg.rf.202c8c2db6e093ed0e159e7a72cb7122.jpg,TrashNet++ jCDBig,valid,Cable,cable_plug,1,5,0.07470703125,,REVIEW
photo_9_2025-06-09_00-39-57_jpg.rf.9ab6557a673b68c531a173c0f266697b.jpg,TrashNet++ jCDBig,valid,Cable,cable_plug,1,3,0.094267578125,,REVIEW
suggested-2ILFNEID6WMNnkNYy8G7_jpg.rf.b9b0b99292d088fd085491c4d462665c.jpg,TrashNet++ jCDBig,valid,Cable,cable_plug,1,1,0.021832275390625,,REVIEW
suggested-2Ysm7otGy6cScgBIrmNj_jpg.rf.06eb7a89ab2cb7f30fef32a270f6706a.jpg,TrashNet++ jCDBig,valid,Cable,cable_plug,1,1,0.17831604003906248,,REVIEW
suggested-4TWyFKymovorwpeB0fD4_jpg.rf.730f1a0b61e63e2cda4b746436d05db4.jpg,TrashNet++ jCDBig,valid,Cable,cable_plug,1,2,0.040374755859375,,REVIEW
suggested-7O6UA7JTez0EjfB4Q4wR_jpg.rf.c06d170f1c2af7168fb8b7f0d08c507e.jpg,TrashNet++ jCDBig,valid,Cable,cable_plug,2,3,0.059756469726562504,,REVIEW
suggested-8ObXBF3WjISKIgm6qsC2_jpg.rf.b60ae93cc91bea5303da09fdfab1f353.jpg,TrashNet++ jCDBig,valid,Cable,cable_plug,1,0,0.13711486816406251,,REVIEW
suggested-9UNQuA1dirGDqrhmKdD9_jpg.rf.b5f42b4f193ae7b595efcf0fe518beb1.jpg,TrashNet++ jCDBig,valid,Cable,cable_plug,1,0,0.9821044921875001,,REVIEW
suggested-a4L7O23vKmeuNPnnGosk_jpg.rf.0ba697721305911ad5fbf47324b8247c.jpg,TrashNet++ jCDBig,valid,Cable,cable_plug,1,0,0.6380639648437499,,REVIEW
suggested-AnwBN0E9oEr0DA6KQzl3_jpg.rf.02ff8d3e0cda7df09f67d1279cee0b8b.jpg,TrashNet++ jCDBig,valid,Cable,cable_plug,6,2,0.0600830078125,,REVIEW
suggested-demC9Zwx1IDt5RUS8HLA_jpg.rf.26497e508f00f76f149604c87fc63e78.jpg,TrashNet++ jCDBig,valid,Cable,cable_plug,1,3,0.044644775390624995,,REVIEW
suggested-DJ32SjQHvyxmrtZdQWsB_jpg.rf.423989bb78add7de4ee674735739fa70.jpg,TrashNet++ jCDBig,valid,Cable,cable_plug,1,1,0.09826171875,,REVIEW
suggested-f3F4MIftmTVkS0NeveQ4_jpg.rf.54f9f3da60e6df0a4fa24f04eac925bc.jpg,TrashNet++ jCDBig,valid,Cable,cable_plug,1,1,0.31563720703125003,,REVIEW
suggested-G2UxYCE9JHFxzY2cwtA8_jpg.rf.418059974a0e58abf9d286fa65b3b613.jpg,TrashNet++ jCDBig,valid,Cable,cable_plug,1,1,0.1690252685546875,,REVIEW
suggested-IeCzw7B6zc5lZmkadD4a_jpg.rf.f3aee21e47b5bd40fb354b247122a116.jpg,TrashNet++ jCDBig,valid,Cable,cable_plug,2,1,0.20444946289062502,,REVIEW
suggested-KbDNd4YE7FHI8jIqPei7_jpg.rf.9d6025daf9603832d3d0c259019641bb.jpg,TrashNet++ jCDBig,valid,Cable,cable_plug,2,4,0.011096191406249999,,REVIEW
suggested-kv6nQi12OBTOyZ6NcmMl_jpg.rf.6be7b5652f260a7c33936191883eb835.jpg,TrashNet++ jCDBig,valid,Cable,cable_plug,1,0,0.569996337890625,,REVIEW
suggested-kZtcZlIPeJWQN1o0jMJv_jpg.rf.779fe30a9b705a30d568a81079125374.jpg,TrashNet++ jCDBig,valid,Cable,cable_plug,1,1,0.458525390625,,REVIEW
suggested-lKghjBfOPLZ8BA99vvV7_jpg.rf.20d0f24ef4192704314dd40f4bd0fec2.jpg,TrashNet++ jCDBig,valid,Cable,cable_plug,1,0,0.9541003417968751,,REVIEW
suggested-mQUuZiuGSUhwR2TkQSZG_jpg.rf.9e0304901373daf5a3e922b9170b2543.jpg,TrashNet++ jCDBig,valid,Cable,cable_plug,1,1,0.1194921875,,REVIEW
suggested-Nlg7JDXjVtwlrzwO54Ps_jpg.rf.250b1378967a27dd8a38b0f52a7f1227.jpg,TrashNet++ jCDBig,valid,Cable,cable_plug,1,4,0.0768701171875,,REVIEW
suggested-P2mQ6hXriyS6ktC6vpk2_jpg.rf.9f6b755d6f6a04a91906c637d8f5c281.jpg,TrashNet++ jCDBig,valid,Cable,cable_plug,1,0,0.5850341796874999,,REVIEW
suggested-PCxjXngmRWLD8E6SLRzd_jpg.rf.aa917e4d61727f2ad02f07fe45fd8501.jpg,TrashNet++ jCDBig,valid,Cable,cable_plug,1,0,0.35577026367187503,,REVIEW
suggested-plCyr0osOseYcQm3Njgl_jpg.rf.30f405eae95e98704b1e98d20f68feea.jpg,TrashNet++ jCDBig,valid,Cable,cable_plug,1,3,0.11553222656249999,,REVIEW
suggested-Pzerc0QqiBQsJbzdnAgn_jpg.rf.f1832f08ec0c2748f907599aa65bf48d.jpg,TrashNet++ jCDBig,valid,Cable,cable_plug,3,3,0.0668701171875,,REVIEW
suggested-rFMfhe24LnmwaUyAN1m2_jpg.rf.015a5d5a67374f2c9ff17e5a8781ca31.jpg,TrashNet++ jCDBig,valid,Cable,cable_plug,1,1,0.57878173828125,,REVIEW
suggested-RgF5AgK5qIX45M9pkhpS_jpg.rf.945d57550fcc6b6e9ecfc20c3ff72e5f.jpg,TrashNet++ jCDBig,valid,Cable,cable_plug,2,2,0.04223876953125,,REVIEW
suggested-rMb8KwbEt5HAhARQg3J5_jpg.rf.48d0d536798247063226a7c6db5cb12f.jpg,TrashNet++ jCDBig,valid,Cable,cable_plug,1,0,0.6742480468750001,,REVIEW
suggested-ROlDb05MgZN4InKefmUL_jpg.rf.decf387320cf14ad298ca0460ec9ef58.jpg,TrashNet++ jCDBig,valid,Cable,cable_plug,1,3,0.37049560546875,,REVIEW
suggested-rqbnPT3EGVnJNXIA86r8_jpg.rf.9a172de10e2d4f409baa03a6a1774839.jpg,TrashNet++ jCDBig,valid,Cable,cable_plug,1,0,0.24936401367187502,,REVIEW
suggested-SB7IMjDnBaNwDPBgmjSr_jpg.rf.f48410f9b615b30d31254c9bde00803e.jpg,TrashNet++ jCDBig,valid,Cable,cable_plug,1,2,0.21712646484374998,,REVIEW
suggested-SWI1dDpIEbmdqo7gpglm_jpg.rf.5a19f62633e0b6e0e2a0ec591070fa1c.jpg,TrashNet++ jCDBig,valid,Cable,cable_plug,1,2,0.0417041015625,,REVIEW
suggested-TXmzxeMCsIlIvQe9M5W7_jpg.rf.3122e1ea42f3d6c88bc28c34b2beee29.jpg,TrashNet++ jCDBig,valid,Cable,cable_plug,3,2,0.068284912109375,,REVIEW
suggested-vJ0h4IWAQaYcBaSGPBiO_jpg.rf.4e0ac4e950e6d6b80af1c49d1fe2ef26.jpg,TrashNet++ jCDBig,valid,Cable,cable_plug,1,1,0.07289245605468749,,REVIEW
suggested-vTmHlZPFxV2lCvXJRg7V_jpg.rf.a313c9cc33cbf4bfec1818e0f5866773.jpg,TrashNet++ jCDBig,valid,Cable,cable_plug,1,0,0.6487518310546875,,REVIEW
suggested-VW3JE0akpDCKzdeT3SW7_jpg.rf.36cf328c302f1fcb2125b67438c8cf0f.jpg,TrashNet++ jCDBig,valid,Cable,cable_plug,1,1,0.99063720703125,,REVIEW
suggested-xXBmLYVdLWqLyFa8M6tB_jpg.rf.8fffeedc1a8fed599dec213264ca6b75.jpg,TrashNet++ jCDBig,valid,Cable,cable_plug,5,4,0.12797607421875,,REVIEW
suggested-XxOcbQNUXK42jUMglLx4_jpg.rf.8a2a9d6ee72d4520e37c648112a68506.jpg,TrashNet++ jCDBig,valid,Cable,cable_plug,1,0,0.302926025390625,,REVIEW
suggested-Zr58sp9G3aUSL1ChL0R2_jpg.rf.ecaa9eba86a7cfde816f05d16a0515dc.jpg,TrashNet++ jCDBig,valid,Cable,cable_plug,1,1,0.34531249999999997,,REVIEW
20250616_200615_jpg.rf.d3b1f1f225e228bede1a9dde10bf689f.jpg,TrashNet++ jCDBig,test,Cable,cable_plug,1,1,0.421875,,REVIEW
20250616_202051_jpg.rf.6ceb4ed4179fa6b1a21d812604eb0f67.jpg,TrashNet++ jCDBig,test,Cable,cable_plug,1,4,0.41686401367187503,,REVIEW
20250616_202104_jpg.rf.ea4ec577851d0c2ccc92abddc3adc7ce.jpg,TrashNet++ jCDBig,test,Cable,cable_plug,2,2,0.35437500000000005,,REVIEW
20250616_202108_jpg.rf.481716af55327b4569c7b0befb0342b4.jpg,TrashNet++ jCDBig,test,Cable,cable_plug,1,3,0.1310491943359375,,REVIEW
20250616_202406_jpg.rf.30b250a5987338bdac2acb7b90e58123.jpg,TrashNet++ jCDBig,test,Cable,cable_plug,1,2,0.4298095703125,,REVIEW
20250616_202557_jpg.rf.aa210064f6ad597b1aacb224963b73a3.jpg,TrashNet++ jCDBig,test,Cable,cable_plug,1,3,0.23409423828125,,REVIEW
20250616_202649_jpg.rf.46d117902ad7bde744d2400b881f7c00.jpg,TrashNet++ jCDBig,test,Cable,cable_plug,1,1,0.148297119140625,,REVIEW
20250616_202738_jpg.rf.ab6c5192c96647a0f498018c24b432aa.jpg,TrashNet++ jCDBig,test,Cable,cable_plug,1,4,0.11994140625,,REVIEW
20250616_204231_jpg.rf.0bd2a1d70a004b70fb28dea813fb00ae.jpg,TrashNet++ jCDBig,test,Cable,cable_plug,1,5,0.07900634765625002,,REVIEW
20250616_204302_jpg.rf.e8e540aa7cb7bf2f1b14f98810e4980c.jpg,TrashNet++ jCDBig,test,Cable,cable_plug,2,6,0.13804931640625,,REVIEW
20250616_204408_jpg.rf.daa41e455dd4c89646930f7caf94e11b.jpg,TrashNet++ jCDBig,test,Cable,cable_plug,1,1,0.609375,,REVIEW
20250616_204416_jpg.rf.1531cf37b699055fcfe0b30ed2dbd875.jpg,TrashNet++ jCDBig,test,Cable,cable_plug,1,3,0.21337890625,,REVIEW
20250616_205244_jpg.rf.da5d493fc65465c042ac504c3b4440ae.jpg,TrashNet++ jCDBig,test,Cable,cable_plug,1,1,0.2988519287109375,,REVIEW
20250616_205318_jpg.rf.8e32ce11819d76d165fe495cdc883e0f.jpg,TrashNet++ jCDBig,test,Cable,cable_plug,1,1,0.396875,,REVIEW
photo_10_2025-06-09_00-39-57_jpg.rf.e1312b3c0a149d95c30e9c218083b72b.jpg,TrashNet++ jCDBig,test,Cable,cable_plug,1,1,0.0779296875,,REVIEW
photo_13_2025-03-31_01-14-55_jpg.rf.00e5d1e4148e45e82b0a782799134945.jpg,TrashNet++ jCDBig,test,Cable,cable_plug,1,4,0.11731201171875001,,REVIEW
photo_15_2025-06-09_00-40-51_jpg.rf.fe5676f270545bb2097856c35e159449.jpg,TrashNet++ jCDBig,test,Cable,cable_plug,1,4,0.2164581298828125,,REVIEW
photo_16_2025-06-09_00-40-51_jpg.rf.14dbf918c7e8fff830c0324da8c19507.jpg,TrashNet++ jCDBig,test,Cable,cable_plug,1,4,0.23551025390625,,REVIEW
photo_25_2025-06-09_00-41-43_jpg.rf.66bcdd9019e0e7a371a9cb5441477615.jpg,TrashNet++ jCDBig,test,Cable,cable_plug,1,4,0.09769287109375,,REVIEW
photo_28_2025-06-09_00-41-43_jpg.rf.205784aabafa5a037f31c38e7873be81.jpg,TrashNet++ jCDBig,test,Cable,cable_plug,1,6,0.0525390625,,REVIEW
photo_30_2025-06-09_00-41-43_jpg.rf.0b861ceddd727ac215f3ae2ee3a6e3bc.jpg,TrashNet++ jCDBig,test,Cable,cable_plug,1,6,0.11102294921874999,,REVIEW
photo_41_2025-06-09_00-32-40_jpg.rf.8ce8706f6071c4f5476044c8604828a7.jpg,TrashNet++ jCDBig,test,Cable,cable_plug,1,1,0.41748046875,,REVIEW
photo_4_2025-06-09_00-41-43_jpg.rf.82cb349b5c1e773f3984001b199d0c1e.jpg,TrashNet++ jCDBig,test,Cable,cable_plug,1,4,0.13447265625000002,,REVIEW
photo_51_2025-06-09_00-40-51_jpg.rf.2e64c1056a8a69097597a33945a95883.jpg,TrashNet++ jCDBig,test,Cable,cable_plug,1,4,0.35461425781250006,,REVIEW
photo_52_2025-06-09_00-32-40_jpg.rf.34e0394b205986ac849cacf1002bacc0.jpg,TrashNet++ jCDBig,test,Cable,cable_plug,1,6,0.1616058349609375,,REVIEW
photo_59_2025-06-09_00-40-51_jpg.rf.29906dc0c792e0b4877f03c2c4f006b4.jpg,TrashNet++ jCDBig,test,Cable,cable_plug,1,4,0.40447265624999995,,REVIEW
photo_61_2025-06-09_00-40-51_jpg.rf.0b581ecbb56b74003952a88617257cc6.jpg,TrashNet++ jCDBig,test,Cable,cable_plug,1,4,0.069290771484375,,REVIEW
photo_6_2025-03-31_01-14-55_jpg.rf.ea8ccfd188b1564b2d4adb46212c0f92.jpg,TrashNet++ jCDBig,test,Cable,cable_plug,1,7,0.14857910156249998,,REVIEW
photo_73_2025-06-09_00-40-51_jpg.rf.36c07d20b942e6526bb86e5aac36f695.jpg,TrashNet++ jCDBig,test,Cable,cable_plug,1,5,0.1365234375,,REVIEW
photo_76_2025-06-09_00-40-51_jpg.rf.54cbd003674d0eb80c505b5f6aff40fc.jpg,TrashNet++ jCDBig,test,Cable,cable_plug,1,4,0.041347045898437504,,REVIEW
photo_77_2025-06-09_00-32-40_jpg.rf.98e77917b39ad9f4e08ffbb7ec1cec8a.jpg,TrashNet++ jCDBig,test,Cable,cable_plug,1,2,0.18322265624999998,,REVIEW
photo_7_2025-06-09_00-32-40_jpg.rf.c88d57318a74f322420b401a2096c9ff.jpg,TrashNet++ jCDBig,test,Cable,cable_plug,1,4,0.049603271484374996,,REVIEW
photo_83_2025-06-09_00-32-40_jpg.rf.295741650038b265f3cbbbd0d2e917d3.jpg,TrashNet++ jCDBig,test,Cable,cable_plug,1,3,0.11298095703125001,,REVIEW
photo_85_2025-06-09_00-40-51_jpg.rf.643a92816ed204de00224f8c226b3242.jpg,TrashNet++ jCDBig,test,Cable,cable_plug,1,5,0.09124267578125,,REVIEW
photo_88_2025-06-09_00-40-51_jpg.rf.f86f0005a080689ea19668356f477025.jpg,TrashNet++ jCDBig,test,Cable,cable_plug,1,4,0.054217529296875,,REVIEW
photo_90_2025-06-09_00-40-51_jpg.rf.83624d19bbfe775fbf981ea6c7db00a8.jpg,TrashNet++ jCDBig,test,Cable,cable_plug,1,2,0.028540649414062504,,REVIEW
photo_93_2025-06-09_00-32-40_jpg.rf.cd4ce1a9e7f1d3b7c557ac12750f9e9b.jpg,TrashNet++ jCDBig,test,Cable,cable_plug,1,2,0.195399169921875,,REVIEW
photo_96_2025-06-09_00-39-58_jpg.rf.6e9975e6e91c1f85e65839fa2bac1219.jpg,TrashNet++ jCDBig,test,Cable,cable_plug,1,2,0.09083007812499999,,REVIEW
photo_99_2025-06-09_00-40-51_jpg.rf.a67ab961d8de2476e1ac6f8a8e119864.jpg,TrashNet++ jCDBig,test,Cable,cable_plug,1,5,0.10986328125,,REVIEW
suggested-2qCJRmlH3styLUapTp1f_jpg.rf.0572b5c066237fd7179a767f289d80e6.jpg,TrashNet++ jCDBig,test,Cable,cable_plug,5,6,0.0692431640625,DUP05,REVIEW
suggested-79lMSjoHei7tQtesM32B_jpg.rf.1d2b3ba222e553082ec91d52c88badf5.jpg,TrashNet++ jCDBig,test,Cable,cable_plug,3,1,0.17560546875,,REVIEW
suggested-BxtMqlSr0TY7oLpZm530_jpg.rf.4e7b6e2c1a03703c45dd84fa2457c945.jpg,TrashNet++ jCDBig,test,Cable,cable_plug,1,1,0.077392578125,,REVIEW
suggested-DuEpIG8jX9bMNjAmjoTG_jpg.rf.0693163286347bb10093a8f074659e2c.jpg,TrashNet++ jCDBig,test,Cable,cable_plug,1,0,0.12164123535156252,,REVIEW
suggested-dYqOTN0r45B2X8h2o5F0_jpg.rf.0d9c24eb0229ccf4ca0e4ae3f5321e60.jpg,TrashNet++ jCDBig,test,Cable,cable_plug,1,1,0.0486883544921875,,REVIEW
suggested-HN8KzxZsyiOWTImyqeZG_jpg.rf.80bc664dad627c9f1747bd80e05cab00.jpg,TrashNet++ jCDBig,test,Cable,cable_plug,2,2,0.10390625,,REVIEW
suggested-Hu71WQr1coOzOo1WA9Y5_jpg.rf.b24eb58221094a39f737eaa54551e096.jpg,TrashNet++ jCDBig,test,Cable,cable_plug,1,0,0.275889892578125,,REVIEW
suggested-jV3u95f8utr5rcC1yohs_jpg.rf.0a590b2e6523dd61bbb8b0c8a4c07740.jpg,TrashNet++ jCDBig,test,Cable,cable_plug,2,0,0.08311950683593751,,REVIEW
suggested-jy21TvWkXEEXYDvrcJas_jpg.rf.5cd51efc746e7bf40e96b719bf2b518b.jpg,TrashNet++ jCDBig,test,Cable,cable_plug,1,1,0.0904193115234375,,REVIEW
suggested-ldkIApzIz2fUZJQuH4hE_jpg.rf.e170bf0fd8b989742e60634f75ca4810.jpg,TrashNet++ jCDBig,test,Cable,cable_plug,1,2,0.092548828125,,REVIEW
suggested-LObAsV41oND5cFl3rZ15_jpg.rf.b3471896a45e9718381c34107fb5820d.jpg,TrashNet++ jCDBig,test,Cable,cable_plug,1,1,0.07617553710937501,,REVIEW
suggested-LVWy8AZl0rJ7PILSzR6c_jpg.rf.38e821f3263e4e3ba4bd50892478a554.jpg,TrashNet++ jCDBig,test,Cable,cable_plug,1,0,0.857685546875,,REVIEW
suggested-mNh8jXIiUDDyPqDyiwXf_jpg.rf.5778c3eee5b08ebef70de0156f901a0f.jpg,TrashNet++ jCDBig,test,Cable,cable_plug,2,1,0.42991455078125,,REVIEW
suggested-o3xR1hSNORerrzJWrl1r_jpg.rf.c2874e77f3bb3ed6bdde86ec82d9b0dd.jpg,TrashNet++ jCDBig,test,Cable,cable_plug,1,2,0.25827636718749997,,REVIEW
suggested-oaI6OppPfKdcUYuDowcB_jpg.rf.a4176a0dfbe4ba741ada0c79e2cd242f.jpg,TrashNet++ jCDBig,test,Cable,cable_plug,4,5,0.1056280517578125,,REVIEW
suggested-Oxx1liglrK8LezkYKsNn_jpg.rf.c62b0515a5224ccc93acb562b14f9f3c.jpg,TrashNet++ jCDBig,test,Cable,cable_plug,1,1,0.6140625,,REVIEW
suggested-Q1yRbusdlUtPI0swR9Xh_jpg.rf.f61e7cac80f581b20f3c2a6b5bfab809.jpg,TrashNet++ jCDBig,test,Cable,cable_plug,1,0,0.9211376953125,,REVIEW
suggested-RgAEBdEy6hahw2wFz8Qo_jpg.rf.da126c3bfdceabc803b9191fbbd727b6.jpg,TrashNet++ jCDBig,test,Cable,cable_plug,1,1,0.1621624755859375,,REVIEW
suggested-rKbGH4v1EBuO1TXRinY7_jpg.rf.4726d79ae8b74d131a21bf4d936980dc.jpg,TrashNet++ jCDBig,test,Cable,cable_plug,3,2,0.037813110351562505,,REVIEW
suggested-TMjdqA5A3QTcUiEXLsk8_jpg.rf.decd828de39d11a9aeb4e90e0f5c43ab.jpg,TrashNet++ jCDBig,test,Cable,cable_plug,2,5,0.074853515625,,REVIEW
suggested-TZjgplI1Ce613oVFvpzW_jpg.rf.182a0b115c2b3fc6a39d0b4ae6e5724f.jpg,TrashNet++ jCDBig,test,Cable,cable_plug,1,3,0.072652587890625,,REVIEW
suggested-U6PJtCa4L3MDDo4Lh126_jpg.rf.f3939cd4c7ad1d2bde5d31c42fae5155.jpg,TrashNet++ jCDBig,test,Cable,cable_plug,1,1,0.11460693359374999,,REVIEW
suggested-ucNkpC1PPvS0ZOPLQySQ_jpg.rf.da4a552e420d1c34d3855c34d8ce251b.jpg,TrashNet++ jCDBig,test,Cable,cable_plug,1,0,0.980556640625,,REVIEW
suggested-VSvYz7mAhGF247SQeZDC_jpg.rf.cf990b45ffba224385883a0fbbc8e63e.jpg,TrashNet++ jCDBig,test,Cable,cable_plug,1,2,0.0109295654296875,,REVIEW
suggested-WjKtnAYpRIoTPsj3f1vk_jpg.rf.d4d9413e3e00c4050c2aec366d2776a1.jpg,TrashNet++ jCDBig,test,Cable,cable_plug,1,1,0.297421875,,REVIEW
suggested-y4nrRHSS6Y4n8MsojCYa_jpg.rf.c1d4966f38f9f4c3660d27c6a0931bd3.jpg,TrashNet++ jCDBig,test,Cable,cable_plug,1,3,0.048553466796875,,REVIEW
suggested-ZL9sK8BPVhUJ7tDU4llj_jpg.rf.2e1dc5790dd3a72611e37d369092482c.jpg,TrashNet++ jCDBig,test,Cable,cable_plug,1,1,0.32949218750000003,,REVIEW
